{"type":"FeatureCollection","features":[{"type":"Feature","id":1,"geometry":{"type":"Polygon","coordinates":[[[-80.1496620252158,25.7367417017553],[-80.1416286359717,25.736741105374],[-80.1416395424175,25.7293089758403],[-80.141650433592,25.7218768389553],[-80.1496709499782,25.7219298830545],[-80.1576914906188,25.7219824828233],[-80.1576934678107,25.7293621744284],[-80.1576954324263,25.7367418563128],[-80.1496620252158,25.7367417017553]]]},"properties":{"OBJECTID":1,"CATEGORY":1,"ZONEID":"A"}},{"type":"Feature","id":5,"geometry":{"type":"Polygon","coordinates":[[[-80.1576914906188,25.7219824828233],[-80.1657360351421,25.7219738313874],[-80.1737805949368,25.7219647421186],[-80.1737960279934,25.7293968120067],[-80.1738114556601,25.7368288729314],[-80.1657534328142,25.7367855871603],[-80.1576954324263,25.7367418563128],[-80.1576934678107,25.7293621744284],[-80.1576914906188,25.7219824828233]]]},"properties":{"OBJECTID":5,"CATEGORY":1,"ZONEID":"A"}},{"type":"Feature","id":7,"geometry":{"type":"Polygon","coordinates":[[[-80.2051075510264,25.7219614183158],[-80.2129315932835,25.7216892133628],[-80.2207556103877,25.7214165837107],[-80.2210835637384,25.7287422562085],[-80.2214115440385,25.7360679216352],[-80.2134828965599,25.7362997184303],[-80.2055542266234,25.7365310826591],[-80.2053308829858,25.7292462523292],[-80.2051075510264,25.7219614183158]]]},"properties":{"OBJECTID":7,"CATEGORY":2,"ZONEID":"B"}},{"type":"Feature","id":9,"geometry":{"type":"Polygon","coordinates":[[[-80.2295407547773,25.7358070390412],[-80.2214115440385,25.7360679216352],[-80.2210835637384,25.7287422562085],[-80.2207556103877,25.7214165837107],[-80.2289566288571,25.7211249824564],[-80.237157620377,25.7208329159434],[-80.237414138798,25.7281893026173],[-80.2376699457533,25.7355457019081],[-80.2295407547773,25.7358070390412]]]},"properties":{"OBJECTID":9,"CATEGORY":1,"ZONEID":"A"}},{"type":"Feature","id":10,"geometry":{"type":"Polygon","coordinates":[[[-80.245841168003,25.7353128880828],[-80.2376699457533,25.7355457019081],[-80.237414138798,25.7281893026173],[-80.237157620377,25.7208329159434],[-80.2451792596572,25.7205612781629],[-80.2532008782762,25.7202891946398],[-80.2536066023743,25.7276844085902],[-80.2540123686932,25.7350796149779],[-80.245841168003,25.7353128880828]]]},"properties":{"OBJECTID":10,"CATEGORY":2,"ZONEID":"B"}},{"type":"Feature","id":11,"geometry":{"type":"Polygon","coordinates":[[[-80.2621001778772,25.7347625027499],[-80.2540123686932,25.7350796149779],[-80.2536066023743,25.7276844085902],[-80.2532008782762,25.7202891946398],[-80.2613719990163,25.7199431083161],[-80.2695430883154,25.7195965661487],[-80.269865505349,25.7270207561011],[-80.2701879529252,25.7344449413698],[-80.2621001778772,25.7347625027499]]]},"properties":{"OBJECTID":11,"CATEGORY":3,"ZONEID":"C"}},{"type":"Feature","id":12,"geometry":{"type":"Polygon","coordinates":[[[-80.2777312132655,25.7192678935725],[-80.2859193004864,25.718938760393],[-80.2862198372546,25.7264914940095],[-80.2864277954463,25.7317172648077],[-80.2865203991757,25.7340442197135],[-80.2865203587515,25.7340442310426],[-80.278354183237,25.7342448137654],[-80.2701879529252,25.7344449413698],[-80.269865505349,25.7270207561011],[-80.2695430883154,25.7195965661487],[-80.2777312132655,25.7192678935725]]]},"properties":{"OBJECTID":12,"CATEGORY":3,"ZONEID":"C"}},{"type":"Feature","id":14,"geometry":{"type":"Polygon","coordinates":[[[-80.2941010096688,25.7186599614319],[-80.302282444865,25.7183750230776],[-80.3025821246404,25.7258983931508],[-80.3028818286703,25.7334217550032],[-80.2947011291944,25.7337332192032],[-80.2865203991757,25.7340442197135],[-80.2864277954463,25.7317172648077],[-80.2862198372546,25.7264914940095],[-80.2859193004864,25.718938760393],[-80.2859193319275,25.718938760393],[-80.2941010096688,25.7186599614319]]]},"properties":{"OBJECTID":14,"CATEGORY":4,"ZONEID":"D"}},{"type":"Feature","id":15,"geometry":{"type":"Polygon","coordinates":[[[-80.302282444865,25.7183750230776],[-80.3104310681971,25.7180666410371],[-80.3185796600883,25.7177577984975],[-80.3188529419707,25.7254087353934],[-80.319122470692,25.7329539012944],[-80.3110021595626,25.7331880517252],[-80.3028818286703,25.7334217550032],[-80.3025821246404,25.7258983931508],[-80.302282444865,25.7183750230776]]]},"properties":{"OBJECTID":15,"CATEGORY":4,"ZONEID":"D"}},{"type":"Feature","id":16,"geometry":{"type":"Polygon","coordinates":[[[-80.319122470692,25.7329539012944],[-80.3188529419707,25.7254087353934],[-80.3185796600883,25.7177577984975],[-80.326751512057,25.7172574377764],[-80.3349233101268,25.7167566160564],[-80.3352951093482,25.7240618262636],[-80.3358216802082,25.7330924975336],[-80.3274714731297,25.7333053618474],[-80.319122470692,25.7329539012944]]]},"properties":{"OBJECTID":16,"CATEGORY":5,"ZONEID":"E"}},{"type":"Feature","id":17,"geometry":{"type":"Polygon","coordinates":[[[-80.3349233101268,25.7167566160564],[-80.3428992395321,25.7163706311434],[-80.3508825809369,25.7161427191847],[-80.3513053361944,25.7244261734524],[-80.3517281363677,25.7327096172407],[-80.3437749154745,25.7329012764373],[-80.3358216802082,25.7330924975336],[-80.3352951093482,25.7240618262636],[-80.3349233101268,25.7167566160564]]]},"properties":{"OBJECTID":17,"CATEGORY":4,"ZONEID":"D"}},{"type":"Feature","id":18,"geometry":{"type":"Polygon","coordinates":[[[-80.3508825809369,25.7161427191847],[-80.3588960230901,25.7158012300101],[-80.366909430209,25.7154592898589],[-80.3673369869617,25.7238891015066],[-80.3677645976134,25.7323189039736],[-80.3597463755246,25.7325144804736],[-80.3517281363677,25.7327096172407],[-80.3513053361944,25.7244261734524],[-80.3508825809369,25.7161427191847]]]},"properties":{"OBJECTID":18,"CATEGORY":4,"ZONEID":"D"}},{"type":"Feature","id":19,"geometry":{"type":"Polygon","coordinates":[[[-80.1855883097461,25.8699887439374],[-80.1936931779374,25.8696768479223],[-80.1936931806323,25.8696768956117],[-80.194035949897,25.8770750053126],[-80.1942838184401,25.8826023057402],[-80.1943677408505,25.8844735705836],[-80.1943677085112,25.8844735705836],[-80.1862841708163,25.8847874496219],[-80.1782005702394,25.8851008776649],[-80.177943822748,25.8776959746883],[-80.1774834199952,25.8703002309429],[-80.1774834173003,25.8703001889118],[-80.1855883097461,25.8699887439374]]]},"properties":{"OBJECTID":19,"CATEGORY":3,"ZONEID":"C"}},{"type":"Feature","id":30,"geometry":{"type":"Polygon","coordinates":[[[-80.2099104071677,25.869229602618],[-80.2138637040869,25.8690835222235],[-80.2180377521057,25.8689291557739],[-80.2261646883103,25.8686181169944],[-80.2261646910052,25.8686181711506],[-80.226449686919,25.8758593087873],[-80.22673531884,25.883100489902],[-80.2186577594334,25.8834258611534],[-80.2105801685857,25.8837507813422],[-80.2102452721562,25.8764902138744],[-80.2099104071677,25.869229602618]]]},"properties":{"OBJECTID":30,"CATEGORY":4,"ZONEID":"D"}},{"type":"Feature","id":31,"geometry":{"type":"Polygon","coordinates":[[[-80.1575645565731,25.6929497860159],[-80.165655911707,25.6929767118447],[-80.1656560024369,25.6929767126542],[-80.1737474641709,25.6930031865068],[-80.173764878911,25.7002421671423],[-80.1737822828713,25.7074811366137],[-80.1657173645573,25.7074820795651],[-80.1576524642096,25.7074825797745],[-80.1576085123377,25.7002161813785],[-80.1575645565731,25.6929497860159]]]},"properties":{"OBJECTID":31,"CATEGORY":1,"ZONEID":"A"}},{"type":"Feature","id":37,"geometry":{"type":"Polygon","coordinates":[[[-80.3921301186976,25.7442850398087],[-80.4001511938358,25.7440299687788],[-80.4007082481266,25.7585477067688],[-80.3927011597574,25.7588290804235],[-80.3846014865234,25.7591162162669],[-80.3844220336724,25.7536904470311],[-80.3843604299051,25.7518277719588],[-80.3841818843525,25.7464250553843],[-80.3841089734908,25.7445397639756],[-80.3841090040335,25.7445397639756],[-80.3921301186976,25.7442850398087]]]},"properties":{"OBJECTID":37,"CATEGORY":5,"ZONEID":"E"}},{"type":"Feature","id":38,"geometry":{"type":"Polygon","coordinates":[[[-80.4168169518875,25.7580345259193],[-80.4007082481266,25.7585477067688],[-80.4001511938358,25.7440299687788],[-80.4162429886081,25.743518191392],[-80.4168169518875,25.7580345259193]]]},"properties":{"OBJECTID":38,"CATEGORY":5,"ZONEID":"E"}},{"type":"Feature","id":41,"geometry":{"type":"Polygon","coordinates":[[[-80.4648475749338,25.7564960113327],[-80.4488277091646,25.7570118792577],[-80.4482602820272,25.7424850333427],[-80.4642824663482,25.7419708654997],[-80.4648475749338,25.7564960113327]]]},"properties":{"OBJECTID":41,"CATEGORY":5,"ZONEID":"E"}},{"type":"Feature","id":42,"geometry":{"type":"Polygon","coordinates":[[[-80.4642824663482,25.7419708654997],[-80.4803085978664,25.7414202164615],[-80.4803799797955,25.743208890628],[-80.4805184047909,25.7466774948247],[-80.4807211554488,25.751757620667],[-80.4808878378498,25.7559336972887],[-80.4648475749338,25.7564960113327],[-80.4642824663482,25.7419708654997]]]},"properties":{"OBJECTID":42,"CATEGORY":5,"ZONEID":"E"}},{"type":"Feature","id":45,"geometry":{"type":"Polygon","coordinates":[[[-80.1416286359717,25.736741105374],[-80.1496620252158,25.7367417017553],[-80.1576954324263,25.7367418563128],[-80.1576241547017,25.74400483248],[-80.1575528545193,25.7512677991998],[-80.1495800530478,25.7512678720191],[-80.141607267746,25.7512675103503],[-80.1416179594946,25.7440043113862],[-80.1416286359717,25.736741105374]]]},"properties":{"OBJECTID":45,"CATEGORY":1,"ZONEID":"A"}},{"type":"Feature","id":46,"geometry":{"type":"Polygon","coordinates":[[[-80.1974552540752,25.7367711566783],[-80.2055542266234,25.7365310826591],[-80.2056841912854,25.7439368086848],[-80.2058141595407,25.7513425278702],[-80.197918879085,25.7514326472183],[-80.1900236866642,25.7515223263472],[-80.1900235959343,25.7515223344382],[-80.189689916722,25.7442665628689],[-80.1896351913549,25.7430765714972],[-80.1893562608659,25.7370107802977],[-80.1974552540752,25.7367711566783]]]},"properties":{"OBJECTID":46,"CATEGORY":2,"ZONEID":"B"}},{"type":"Feature","id":47,"geometry":{"type":"Polygon","coordinates":[[[-80.1738149393267,25.7440926351305],[-80.1738114556601,25.7368288729314],[-80.1815838492798,25.7369200334],[-80.1893561988822,25.7370107802977],[-80.1893562608659,25.7370107802977],[-80.1896351913549,25.7430765714972],[-80.189689916722,25.7442665628689],[-80.1900235959343,25.7515223344382],[-80.1819209914975,25.7514395844521],[-80.1738184095187,25.7513563885932],[-80.1738149393267,25.7440926351305]]]},"properties":{"OBJECTID":47,"CATEGORY":1,"ZONEID":"A"}},{"type":"Feature","id":48,"geometry":{"type":"Polygon","coordinates":[[[-80.1656856243833,25.7513123208579],[-80.1575528545193,25.7512677991998],[-80.1576241547017,25.74400483248],[-80.1576954324263,25.7367418563128],[-80.1657534328142,25.7367855871603],[-80.1738114556601,25.7368288729314],[-80.1738149393267,25.7440926351305],[-80.1738184095187,25.7513563885932],[-80.1656856243833,25.7513123208579]]]},"properties":{"OBJECTID":48,"CATEGORY":1,"ZONEID":"A"}},{"type":"Feature","id":49,"geometry":{"type":"Polygon","coordinates":[[[-80.2138965006796,25.7511113583466],[-80.2058141595407,25.7513425278702],[-80.2056841912854,25.7439368086848],[-80.2055542266234,25.7365310826591],[-80.2134828965599,25.7362997184303],[-80.2214115440385,25.7360679216352],[-80.2216951691232,25.743473797087],[-80.2219788184623,25.7508796681186],[-80.2138965006796,25.7511113583466]]]},"properties":{"OBJECTID":49,"CATEGORY":2,"ZONEID":"B"}},{"type":"Feature","id":51,"geometry":{"type":"Polygon","coordinates":[[[-80.2301076465188,25.7506100481343],[-80.2219788184623,25.7508796681186],[-80.2216951691232,25.743473797087],[-80.2214115440385,25.7360679216352],[-80.2295407547773,25.7358070390412],[-80.2376699457533,25.7355457019081],[-80.2379531872573,25.7429428426641],[-80.2382364512192,25.7503399728189],[-80.2301076465188,25.7506100481343]]]},"properties":{"OBJECTID":51,"CATEGORY":1,"ZONEID":"A"}},{"type":"Feature","id":52,"geometry":{"type":"Polygon","coordinates":[[[-80.2376699457533,25.7355457019081],[-80.245841168003,25.7353128880828],[-80.2540123686932,25.7350796149779],[-80.2543141873573,25.7424739227363],[-80.2546160284792,25.7498682275397],[-80.2464262497307,25.7501043334373],[-80.2382364512192,25.7503399728189],[-80.2379531872573,25.7429428426641],[-80.2376699457533,25.7355457019081]]]},"properties":{"OBJECTID":52,"CATEGORY":3,"ZONEID":"C"}},{"type":"Feature","id":53,"geometry":{"type":"Polygon","coordinates":[[[-80.2540123686932,25.7350796149779],[-80.2621001778772,25.7347625027499],[-80.2701879529252,25.7344449413698],[-80.2705726303945,25.7416915201414],[-80.2709573393049,25.7489380931402],[-80.2627867090449,25.7494033886117],[-80.2546160284792,25.7498682275397],[-80.2543141873573,25.7424739227363],[-80.2540123686932,25.7350796149779]]]},"properties":{"OBJECTID":53,"CATEGORY":5,"ZONEID":"E"}},{"type":"Feature","id":54,"geometry":{"type":"Polygon","coordinates":[[[-80.2865203587515,25.7340442310426],[-80.2865203991757,25.7340442197135],[-80.2866622054298,25.7367489983231],[-80.2868976808152,25.7412401874561],[-80.2872749929975,25.7484361135128],[-80.2872749965907,25.7484361442594],[-80.2791161773801,25.7486873479458],[-80.2709573393049,25.7489380931402],[-80.2705726303945,25.7416915201414],[-80.2701879529252,25.7344449413698],[-80.278354183237,25.7342448137654],[-80.2865203587515,25.7340442310426]]]},"properties":{"OBJECTID":54,"CATEGORY":3,"ZONEID":"C"}},{"type":"Feature","id":55,"geometry":{"type":"Polygon","coordinates":[[[-80.2947011291944,25.7337332192032],[-80.3028818286703,25.7334217550032],[-80.3032088441799,25.7407195885746],[-80.3035358839439,25.748017414169],[-80.2954447042809,25.7482259965721],[-80.2872749965907,25.7484361442594],[-80.2872749929975,25.7484361135128],[-80.2868976808152,25.7412401874561],[-80.2866622054298,25.7367489983231],[-80.2865203991757,25.7340442197135],[-80.2947011291944,25.7337332192032]]]},"properties":{"OBJECTID":55,"CATEGORY":3,"ZONEID":"C"}},{"type":"Feature","id":58,"geometry":{"type":"Polygon","coordinates":[[[-80.1203424363753,25.8567700101234],[-80.1283173219382,25.8565735350602],[-80.1285092865245,25.8644118491086],[-80.1287008477673,25.8722870430796],[-80.1287008540555,25.8722870851099],[-80.1207498573909,25.8726361459444],[-80.1127988274887,25.8729847700893],[-80.1125831716334,25.8649754106387],[-80.1123675319477,25.8569660483343],[-80.1203424363753,25.8567700101234]]]},"properties":{"OBJECTID":58,"CATEGORY":2,"ZONEID":"B"}},{"type":"Feature","id":59,"geometry":{"type":"Polygon","coordinates":[[[-80.1366258516791,25.8564708791815],[-80.1449343805217,25.8563677325239],[-80.1450859352933,25.8639723972248],[-80.1452374981498,25.8715770446682],[-80.1432952893015,25.8716605424965],[-80.1369691931706,25.8719323054812],[-80.1323030156998,25.872132580589],[-80.1287008540555,25.8722870851099],[-80.1287008477673,25.8722870430796],[-80.1285092865245,25.8644118491086],[-80.1283173219382,25.8565735350602],[-80.1366258516791,25.8564708791815]]]},"properties":{"OBJECTID":59,"CATEGORY":2,"ZONEID":"B"}},{"type":"Feature","id":60,"geometry":{"type":"Polygon","coordinates":[[[-80.3684114627714,25.7613101092441],[-80.3765520300121,25.7611556605192],[-80.3846814464651,25.7610009672646],[-80.3849070709252,25.7663188322197],[-80.3849869994259,25.768202301502],[-80.3852113815158,25.7735682093705],[-80.3852464751007,25.7742830782964],[-80.3852979683295,25.7753319443305],[-80.3774380177156,25.7754724786831],[-80.3715157825769,25.7755780910775],[-80.3695780500337,25.775612582515],[-80.3689947290039,25.7684613542177],[-80.3684114627714,25.7613101092441]]]},"properties":{"OBJECTID":60,"CATEGORY":5,"ZONEID":"E"}},{"type":"Feature","id":67,"geometry":{"type":"Polygon","coordinates":[[[-80.1278177733003,25.8419795210897],[-80.136111167327,25.8417463299824],[-80.1443811853934,25.8415104542398],[-80.1446694511748,25.8489402139514],[-80.1449343805217,25.8563677325239],[-80.1366258516791,25.8564708791815],[-80.1283173219382,25.8565735350602],[-80.1280667009571,25.8492765559367],[-80.1278177733003,25.8419795210897]]]},"properties":{"OBJECTID":67,"CATEGORY":2,"ZONEID":"B"}},{"type":"Feature","id":68,"geometry":{"type":"Polygon","coordinates":[[[-80.1443811853934,25.8415104542398],[-80.1521521318273,25.8412909458705],[-80.1599230593965,25.8410710207217],[-80.1602633340396,25.8485213844185],[-80.1606036365305,25.8559717411959],[-80.1527690121194,25.8561699512481],[-80.1449343805217,25.8563677325239],[-80.1446694511748,25.8489402139514],[-80.1443811853934,25.8415104542398]]]},"properties":{"OBJECTID":68,"CATEGORY":2,"ZONEID":"B"}},{"type":"Feature","id":69,"geometry":{"type":"Polygon","coordinates":[[[-80.1599230593965,25.8410710207217],[-80.168019109725,25.8408034734089],[-80.1761151340023,25.8405354735433],[-80.1764270200858,25.8479818214828],[-80.1767389349153,25.85542815898],[-80.168671297401,25.855700175941],[-80.1606036365305,25.8559717411959],[-80.1602633340396,25.8485213844185],[-80.1599230593965,25.8410710207217]]]},"properties":{"OBJECTID":69,"CATEGORY":2,"ZONEID":"B"}},{"type":"Feature","id":71,"geometry":{"type":"Polygon","coordinates":[[[-80.1925175940476,25.8401653261341],[-80.1925176802858,25.8401653237086],[-80.1927959810558,25.8475636029743],[-80.193074288114,25.8549618325709],[-80.1930742935039,25.8549618721822],[-80.1849066258877,25.8551952433736],[-80.1767389349153,25.85542815898],[-80.1764270200858,25.8479818214828],[-80.1761151340023,25.8405354735433],[-80.1843164138814,25.8403506300002],[-80.1925175940476,25.8401653261341]]]},"properties":{"OBJECTID":71,"CATEGORY":2,"ZONEID":"B"}},{"type":"Feature","id":72,"geometry":{"type":"Polygon","coordinates":[[[-80.193074288114,25.8549618325709],[-80.1927959810558,25.8475636029743],[-80.1925176802858,25.8401653237086],[-80.2006831164868,25.8399232767866],[-80.2088485320266,25.839680768525],[-80.2091290642117,25.8470469503441],[-80.2094058980328,25.8544132425339],[-80.2012401114889,25.8546877864525],[-80.1930742935039,25.8549618721822],[-80.193074288114,25.8549618325709]]]},"properties":{"OBJECTID":72,"CATEGORY":4,"ZONEID":"D"}},{"type":"Feature","id":73,"geometry":{"type":"Polygon","coordinates":[[[-80.2980631558919,25.8407004529551],[-80.3060948491167,25.8407080956314],[-80.3063183526544,25.8479837455757],[-80.3065389663117,25.855259456445],[-80.2984943660929,25.8552563869781],[-80.2904549680178,25.8552504800526],[-80.2904407108559,25.8547418746376],[-80.2903597789371,25.8518548714521],[-80.2902930125519,25.8495849761716],[-80.2902474230512,25.8480348722704],[-80.2901412673375,25.8444254799734],[-80.2900314734468,25.8406923664161],[-80.2980631558919,25.8407004529551]]]},"properties":{"OBJECTID":73,"CATEGORY":4,"ZONEID":"D"}},{"type":"Feature","id":74,"geometry":{"type":"Polygon","coordinates":[[[-80.3145558993182,25.8552575421712],[-80.3065389663117,25.855259456445],[-80.3063183526544,25.8479837455757],[-80.3060948491167,25.8407080956314],[-80.3141290324716,25.8407220890122],[-80.3221632310978,25.8407356385294],[-80.3223704284164,25.8479910134726],[-80.3225728502909,25.8552551840898],[-80.3145558993182,25.8552575421712]]]},"properties":{"OBJECTID":74,"CATEGORY":4,"ZONEID":"D"}},{"type":"Feature","id":84,"geometry":{"type":"Polygon","coordinates":[[[-80.6172258006974,25.6664054775121],[-80.6092066084281,25.6664321426853],[-80.608919585915,25.6591692288633],[-80.6086325912497,25.6519063075892],[-80.6166508124403,25.6518796626519],[-80.6246690363258,25.6518525788087],[-80.6249570011716,25.6591154798718],[-80.6252449929668,25.6663783726769],[-80.6172258006974,25.6664054775121]]]},"properties":{"OBJECTID":84,"CATEGORY":5,"ZONEID":"E"}},{"type":"Feature","id":85,"geometry":{"type":"Polygon","coordinates":[[[-80.6332641906261,25.6663508273697],[-80.6252449929668,25.6663783726769],[-80.6249570011716,25.6591154798718],[-80.6246690363258,25.6518525788087],[-80.6326872629062,25.6518250544399],[-80.6407054894867,25.651797086306],[-80.641283390082,25.6663228407804],[-80.6332641906261,25.6663508273697]]]},"properties":{"OBJECTID":85,"CATEGORY":5,"ZONEID":"E"}},{"type":"Feature","id":86,"geometry":{"type":"Polygon","coordinates":[[[-80.6493025922328,25.6662944145282],[-80.641283390082,25.6663228407804],[-80.6407054894867,25.651797086306],[-80.6487237205587,25.651768680885],[-80.656741952529,25.6517398349373],[-80.6570318613291,25.6590026926613],[-80.6573217961803,25.6662655437546],[-80.6493025922328,25.6662944145282]]]},"properties":{"OBJECTID":86,"CATEGORY":5,"ZONEID":"E"}},{"type":"Feature","id":87,"geometry":{"type":"Polygon","coordinates":[[[-80.656741952529,25.6517398349373],[-80.664760186296,25.6517105492725],[-80.6727784101815,25.6516808222707],[-80.672836416196,25.6531289510728],[-80.6730693044335,25.6589436584859],[-80.6733348113972,25.6655725515969],[-80.6733602049736,25.6662064961712],[-80.6653410046194,25.6662362365562],[-80.6573217961803,25.6662655437546],[-80.6570318613291,25.6590026926613],[-80.656741952529,25.6517398349373]]]},"properties":{"OBJECTID":87,"CATEGORY":4,"ZONEID":"D"}},{"type":"Feature","id":101,"geometry":{"type":"Polygon","coordinates":[[[-80.1693864578768,25.8706305041557],[-80.1774834173003,25.8703001889118],[-80.1774834199952,25.8703002309429],[-80.177943822748,25.8776959746883],[-80.1782005702394,25.8851008776649],[-80.1700844425643,25.8854549323974],[-80.1619679681396,25.8858085448],[-80.1616285424044,25.8783844688092],[-80.1612891454154,25.8709603828103],[-80.1657136994309,25.8707801843623],[-80.1693864578768,25.8706305041557]]]},"properties":{"OBJECTID":101,"CATEGORY":3,"ZONEID":"C"}},{"type":"Feature","id":111,"geometry":{"type":"Polygon","coordinates":[[[-80.197918879085,25.7514326472183],[-80.2058141595407,25.7513425278702],[-80.206134666756,25.7586855037464],[-80.2064552009207,25.766028498014],[-80.1982294581198,25.7662694023212],[-80.1900036955559,25.7665098442013],[-80.1900106664825,25.7612675435337],[-80.1900136551774,25.7590160939975],[-80.1900235959343,25.7515223344382],[-80.1900236866642,25.7515223263472],[-80.197918879085,25.7514326472183]]]},"properties":{"OBJECTID":111,"CATEGORY":2,"ZONEID":"B"}},{"type":"Feature","id":112,"geometry":{"type":"Polygon","coordinates":[[[-80.1737843876239,25.7588821541472],[-80.1738184095187,25.7513563885932],[-80.1819209914975,25.7514395844521],[-80.1900235959343,25.7515223344382],[-80.1900136551774,25.7590160939975],[-80.1900106664825,25.7612675435337],[-80.1900036955559,25.7665098442013],[-80.1900036479451,25.7665098433923],[-80.1818770144728,25.7664591038043],[-80.1737503504578,25.766407911964],[-80.1737843876239,25.7588821541472]]]},"properties":{"OBJECTID":112,"CATEGORY":2,"ZONEID":"B"}},{"type":"Feature","id":113,"geometry":{"type":"Polygon","coordinates":[[[-80.157405816477,25.7662386732558],[-80.1574793489729,25.7587532407821],[-80.1575528545193,25.7512677991998],[-80.1656856243833,25.7513123208579],[-80.1738184095187,25.7513563885932],[-80.1737843876239,25.7588821541472],[-80.1737503504578,25.766407911964],[-80.1655780726876,25.7663235219915],[-80.157405816477,25.7662386732558]]]},"properties":{"OBJECTID":113,"CATEGORY":1,"ZONEID":"A"}},{"type":"Feature","id":114,"geometry":{"type":"Polygon","coordinates":[[[-80.1420254065613,25.7660777427515],[-80.1418163317638,25.7586726317312],[-80.141607267746,25.7512675103503],[-80.1495800530478,25.7512678720191],[-80.1575528545193,25.7512677991998],[-80.1574793489729,25.7587532407821],[-80.157405816477,25.7662386732558],[-80.1497156007394,25.7661584106856],[-80.1420254065613,25.7660777427515]]]},"properties":{"OBJECTID":114,"CATEGORY":1,"ZONEID":"A"}},{"type":"Feature","id":115,"geometry":{"type":"Polygon","coordinates":[[[-80.1259915827693,25.7659082455007],[-80.1257858568911,25.7585868576346],[-80.1255801435894,25.751265460894],[-80.133593698032,25.7512667052934],[-80.141607267746,25.7512675103503],[-80.1418163317638,25.7586726317312],[-80.1420254065613,25.7660777427515],[-80.1340084807414,25.7659932150139],[-80.1259915827693,25.7659082455007]]]},"properties":{"OBJECTID":115,"CATEGORY":1,"ZONEID":"A"}},{"type":"Feature","id":118,"geometry":{"type":"Polygon","coordinates":[[[-80.2058141595407,25.7513425278702],[-80.2138965006796,25.7511113583466],[-80.2219788184623,25.7508796681186],[-80.2222507232275,25.7582498139768],[-80.222522643264,25.7656199538364],[-80.214488929728,25.7658244465543],[-80.2064552009207,25.766028498014],[-80.206134666756,25.7586855037464],[-80.2058141595407,25.7513425278702]]]},"properties":{"OBJECTID":118,"CATEGORY":5,"ZONEID":"E"}},{"type":"Feature","id":119,"geometry":{"type":"Polygon","coordinates":[[[-80.2219788184623,25.7508796681186],[-80.2301076465188,25.7506100481343],[-80.2382364512192,25.7503399728189],[-80.2385380066769,25.7577648331813],[-80.2388395872875,25.7651896823581],[-80.2306811238097,25.7654050472409],[-80.222522643264,25.7656199538364],[-80.2222507232275,25.7582498139768],[-80.2219788184623,25.7508796681186]]]},"properties":{"OBJECTID":119,"CATEGORY":5,"ZONEID":"E"}},{"type":"Feature","id":120,"geometry":{"type":"Polygon","coordinates":[[[-80.2382364512192,25.7503399728189],[-80.2464262497307,25.7501043334373],[-80.2546160284792,25.7498682275397],[-80.2548762470608,25.7572827792073],[-80.2551364863037,25.7646973266523],[-80.2469880471262,25.7649437324966],[-80.2388395872875,25.7651896823581],[-80.2385380066769,25.7577648331813],[-80.2382364512192,25.7503399728189]]]},"properties":{"OBJECTID":120,"CATEGORY":5,"ZONEID":"E"}},{"type":"Feature","id":121,"geometry":{"type":"Polygon","coordinates":[[[-80.2564945584519,25.8086007189203],[-80.2645941732954,25.808385220585],[-80.272693768376,25.8081692730213],[-80.2730119561412,25.815550160444],[-80.2733301708559,25.8229310415688],[-80.2651787510683,25.8231922994738],[-80.2570273097211,25.8234531015549],[-80.2567609242051,25.8160269113725],[-80.2564945584519,25.8086007189203]]]},"properties":{"OBJECTID":121,"CATEGORY":4,"ZONEID":"D"}},{"type":"Feature","id":122,"geometry":{"type":"Polygon","coordinates":[[[-80.2809361524676,25.8078755508368],[-80.2891785078131,25.8075813629111],[-80.2892508302783,25.8102545270717],[-80.2892887328951,25.8116554033285],[-80.2893015491593,25.8122044608959],[-80.2893667425944,25.814997579655],[-80.2894388548538,25.8180870334539],[-80.2894591010837,25.8189543499033],[-80.2894847264255,25.8200521344426],[-80.2895398560345,25.8224140986358],[-80.2814350264707,25.8226727976054],[-80.2733301708559,25.8229310415688],[-80.2730119561412,25.815550160444],[-80.272693768376,25.8081692730213],[-80.2809361524676,25.8078755508368]]]},"properties":{"OBJECTID":122,"CATEGORY":4,"ZONEID":"D"}},{"type":"Feature","id":124,"geometry":{"type":"Polygon","coordinates":[[[-80.1107922606385,25.7981897381432],[-80.1187097034306,25.7978939910989],[-80.1266271219682,25.7975978106159],[-80.1267052709063,25.8050454108856],[-80.1267834144546,25.8124930048517],[-80.1189856506145,25.8127231361177],[-80.1111878697065,25.8129528423786],[-80.1109900597826,25.8055712949476],[-80.1107922606385,25.7981897381432]]]},"properties":{"OBJECTID":124,"CATEGORY":2,"ZONEID":"B"}},{"type":"Feature","id":125,"geometry":{"type":"Polygon","coordinates":[[[-80.1350515730083,25.8122437218255],[-80.1267834144546,25.8124930048517],[-80.1267052709063,25.8050454108856],[-80.1266271219682,25.7975978106159],[-80.1346978748399,25.7972965372602],[-80.1427686052538,25.7969949137412],[-80.1430441490941,25.8044944398211],[-80.1433197100025,25.8119939595312],[-80.1350515730083,25.8122437218255]]]},"properties":{"OBJECTID":125,"CATEGORY":2,"ZONEID":"B"}},{"type":"Feature","id":126,"geometry":{"type":"Polygon","coordinates":[[[-80.1509519340986,25.8117651482478],[-80.1433197100025,25.8119939595312],[-80.1430441490941,25.8044944398211],[-80.1427686052538,25.7969949137412],[-80.150337198085,25.7967993560964],[-80.1579057774416,25.7966034042466],[-80.1582449435636,25.804069674548],[-80.1585841375335,25.8115359386463],[-80.1509519340986,25.8117651482478]]]},"properties":{"OBJECTID":126,"CATEGORY":2,"ZONEID":"B"}},{"type":"Feature","id":127,"geometry":{"type":"Polygon","coordinates":[[[-80.1579057774416,25.7966034042466],[-80.1660948725722,25.7963909421471],[-80.1742839506349,25.7961780186529],[-80.1745905519295,25.8036113496725],[-80.1748945813476,25.8110427774004],[-80.166740668735,25.8112905369501],[-80.1585841375335,25.8115359386463],[-80.1582449435636,25.804069674548],[-80.1579057774416,25.7966034042466]]]},"properties":{"OBJECTID":127,"CATEGORY":2,"ZONEID":"B"}},{"type":"Feature","id":129,"geometry":{"type":"Polygon","coordinates":[[[-80.1742839506349,25.7961780186529],[-80.1825378879593,25.7959629401394],[-80.1907918207923,25.7957473921321],[-80.1908702589879,25.7982425548615],[-80.1910254169021,25.8031772879061],[-80.1911268160364,25.8064021364793],[-80.1912590408597,25.8106071796452],[-80.1830768385023,25.8108257631584],[-80.1748945813476,25.8110427774004],[-80.1745905519295,25.8036113496725],[-80.1742839506349,25.7961780186529]]]},"properties":{"OBJECTID":129,"CATEGORY":3,"ZONEID":"C"}},{"type":"Feature","id":130,"geometry":{"type":"Polygon","coordinates":[[[-80.3133113014583,25.8116267417142],[-80.3052886264206,25.8116818054551],[-80.3050538705857,25.8043765942948],[-80.3048191327171,25.7970713783991],[-80.312892330803,25.7971163576342],[-80.3209655414654,25.797160892018],[-80.3211349349819,25.8043323958234],[-80.3213339872758,25.8115711911156],[-80.3133113014583,25.8116267417142]]]},"properties":{"OBJECTID":130,"CATEGORY":5,"ZONEID":"E"}},{"type":"Feature","id":131,"geometry":{"type":"Polygon","coordinates":[[[-80.1737822828713,25.7074811366137],[-80.1896839833497,25.7071117119433],[-80.189681559695,25.7073331943188],[-80.1895828087942,25.7163461251374],[-80.1895231813205,25.7217861541525],[-80.1895212301797,25.7219639142028],[-80.1737805949368,25.7219647421186],[-80.1737814438447,25.7147229428607],[-80.1737822828713,25.7074811366137]]]},"properties":{"OBJECTID":131,"CATEGORY":1,"ZONEID":"A"}},{"type":"Feature","id":149,"geometry":{"type":"Polygon","coordinates":[[[-80.4162826330582,25.6708056467092],[-80.424425779362,25.6705315605553],[-80.4325641053061,25.6702575547366],[-80.4327942384105,25.6775353107885],[-80.4330243310907,25.6848116744293],[-80.4299800133564,25.6849108407664],[-80.4248752693807,25.6850752707496],[-80.4248752064987,25.6850752731783],[-80.4167238343218,25.68533752668],[-80.4167238343218,25.6853374894406],[-80.4165036078383,25.6780715450839],[-80.4162826330582,25.6708056467092]]]},"properties":{"OBJECTID":149,"CATEGORY":4,"ZONEID":"D"}},{"type":"Feature","id":150,"geometry":{"type":"Polygon","coordinates":[[[-80.4325641053061,25.6702575547366],[-80.4406615632946,25.6700079958253],[-80.449372128651,25.669739147937],[-80.4493294856245,25.6770028088001],[-80.4492823806659,25.684282308804],[-80.4460095557778,25.6843882345766],[-80.4411548587598,25.6845466713264],[-80.4330243310907,25.6848116744293],[-80.4327942384105,25.6775353107885],[-80.4325641053061,25.6702575547366]]]},"properties":{"OBJECTID":150,"CATEGORY":5,"ZONEID":"E"}},{"type":"Feature","id":151,"geometry":{"type":"Polygon","coordinates":[[[-80.449372128651,25.669739147937],[-80.4568175157444,25.6695100625852],[-80.4648760048159,25.6692616931192],[-80.4651449397508,25.6765108424664],[-80.4654138657024,25.6837600050618],[-80.4639604706245,25.6838069183403],[-80.4620345958431,25.6838690594421],[-80.4588130602661,25.6839735558987],[-80.4573486707073,25.6840210284991],[-80.4538916938809,25.6841330650563],[-80.4492823806659,25.684282308804],[-80.4493294856245,25.6770028088001],[-80.449372128651,25.669739147937]]]},"properties":{"OBJECTID":151,"CATEGORY":5,"ZONEID":"E"}},{"type":"Feature","id":152,"geometry":{"type":"Polygon","coordinates":[[[-80.472993841985,25.668821319776],[-80.4811115956107,25.6683805019187],[-80.4813201934028,25.6741538224287],[-80.4813566739865,25.6751634512463],[-80.4813799520305,25.6758077370459],[-80.4815461879688,25.6804062742625],[-80.4815826065687,25.6814134796667],[-80.4815902170958,25.6816248504731],[-80.4816482500597,25.6832349877958],[-80.4804922979521,25.6832724755167],[-80.4780729067199,25.6833509110015],[-80.4735312150862,25.6834977901847],[-80.4654138657024,25.6837600050618],[-80.4651449397508,25.6765108424664],[-80.4648760048159,25.6692616931192],[-80.472993841985,25.668821319776]]]},"properties":{"OBJECTID":152,"CATEGORY":4,"ZONEID":"D"}},{"type":"Feature","id":153,"geometry":{"type":"Polygon","coordinates":[[[-80.4811115956107,25.6683805019187],[-80.4810577667623,25.6668941577846],[-80.4890725105743,25.6668592542571],[-80.4970872633696,25.6668239167327],[-80.4973506664789,25.6740766754844],[-80.4976140857578,25.6813294203862],[-80.4895983421208,25.6813716771205],[-80.4815826065687,25.6814134796667],[-80.4815461879688,25.6804062742625],[-80.4813799520305,25.6758077370459],[-80.4813566739865,25.6751634512463],[-80.4813201934028,25.6741538224287],[-80.4811115956107,25.6683805019187]]]},"properties":{"OBJECTID":153,"CATEGORY":5,"ZONEID":"E"}},{"type":"Feature","id":154,"geometry":{"type":"Polygon","coordinates":[[[-80.4970872633695,25.6668239167328],[-80.5051020269445,25.6667902017905],[-80.5131167932145,25.6667560431355],[-80.5133837231096,25.6740155834115],[-80.5136506736659,25.6812751171091],[-80.5096620154639,25.6812887916993],[-80.5056323788135,25.6813024913848],[-80.4976140857577,25.6813294203862],[-80.4973506664788,25.6740766754844],[-80.4970872633695,25.6668239167328]]]},"properties":{"OBJECTID":154,"CATEGORY":5,"ZONEID":"E"}},{"type":"Feature","id":159,"geometry":{"type":"Polygon","coordinates":[[[-80.3834609279465,25.6565545450347],[-80.3834609683707,25.6565545385567],[-80.383492809156,25.6573455747821],[-80.383535277011,25.6584006594647],[-80.3835658637481,25.6591605429035],[-80.3836389228318,25.6609755044588],[-80.3836778773758,25.6619433124467],[-80.3837119720341,25.6627904691622],[-80.3837690761401,25.664208827466],[-80.3837788453188,25.6644491914994],[-80.3837851272376,25.6646037876686],[-80.3838589301264,25.6664201642883],[-80.3839326683365,25.6682348987612],[-80.3839681598751,25.6691084033053],[-80.3840064056483,25.6700496274721],[-80.3840801474516,25.6718643641824],[-80.3840801169089,25.6718643641824],[-80.3757258494453,25.6721370700731],[-80.3737223512402,25.6722024371994],[-80.3717188530351,25.6722677767621],[-80.3697153512367,25.6723330928094],[-80.3677118476416,25.6723983780547],[-80.367681188141,25.6705373155582],[-80.3676505250471,25.6686762531545],[-80.3676198619532,25.666815190037],[-80.3675891997576,25.6649541270181],[-80.3675583623905,25.663092030921],[-80.3675275268201,25.6612299348959],[-80.367496686758,25.6593678381362],[-80.3674658502893,25.6575057406446],[-80.3694668610594,25.6574101710472],[-80.3714678637447,25.6573145746518],[-80.3734688718198,25.6572189538875],[-80.3754698745051,25.6571233047056],[-80.3834609279465,25.6565545450347]]]},"properties":{"OBJECTID":159,"CATEGORY":4,"ZONEID":"D"}},{"type":"Feature","id":160,"geometry":{"type":"Polygon","coordinates":[[[-80.391546310781,25.6570855634087],[-80.3995998177959,25.656825080197],[-80.3998789755587,25.664084695574],[-80.4001581396096,25.6713443337434],[-80.3921200234305,25.6716045496334],[-80.3840801474516,25.6718643641824],[-80.3840064056483,25.6700496274721],[-80.3839681598751,25.6691084033053],[-80.3839326683365,25.6682348987612],[-80.3838589301264,25.6664201642883],[-80.3837851272376,25.6646037876686],[-80.3837788453188,25.6644491914994],[-80.3837690761401,25.664208827466],[-80.3837119720341,25.6627904691622],[-80.3836778773758,25.6619433124467],[-80.3836389228318,25.6609755044588],[-80.3835658637481,25.6591605429035],[-80.383535277011,25.6584006594647],[-80.383492809156,25.6573455747821],[-80.391546310781,25.6570855634087]]]},"properties":{"OBJECTID":160,"CATEGORY":4,"ZONEID":"D"}},{"type":"Feature","id":161,"geometry":{"type":"Polygon","coordinates":[[[-80.3995998177959,25.656825080197],[-80.4076418470364,25.6565519174076],[-80.4156834037631,25.6562783118699],[-80.4159829487912,25.6635409612724],[-80.4162826330582,25.6708056467092],[-80.4082212657845,25.6710751787737],[-80.4001581396096,25.6713443337434],[-80.3998789755587,25.664084695574],[-80.3995998177959,25.656825080197]]]},"properties":{"OBJECTID":161,"CATEGORY":4,"ZONEID":"D"}},{"type":"Feature","id":162,"geometry":{"type":"Polygon","coordinates":[[[-80.424425779362,25.6705315605553],[-80.4162826330582,25.6708056467092],[-80.4159829487912,25.6635409612724],[-80.4156834037631,25.6562783118699],[-80.4238393896873,25.6558693073049],[-80.4319828018925,25.6554638804495],[-80.4322731724266,25.6628589539138],[-80.4325641053061,25.6702575547366],[-80.424425779362,25.6705315605553]]]},"properties":{"OBJECTID":162,"CATEGORY":4,"ZONEID":"D"}},{"type":"Feature","id":163,"geometry":{"type":"Polygon","coordinates":[[[-80.4406615632946,25.6700079958253],[-80.4325641053061,25.6702575547366],[-80.4322731724266,25.6628589539138],[-80.4319828018925,25.6554638804495],[-80.4401031184117,25.6551651027778],[-80.4486779474304,25.6548517649101],[-80.4490343612059,25.6622969988461],[-80.449372128651,25.669739147937],[-80.4406615632946,25.6700079958253]]]},"properties":{"OBJECTID":163,"CATEGORY":5,"ZONEID":"E"}},{"type":"Feature","id":164,"geometry":{"type":"Polygon","coordinates":[[[-80.4568175157444,25.6695100625852],[-80.449372128651,25.669739147937],[-80.4490343612059,25.6622969988461],[-80.4486779474304,25.6548517649101],[-80.4562729579175,25.6546159736806],[-80.4643225240233,25.6543656597271],[-80.4645992680129,25.6618136721637],[-80.4648760048159,25.6692616931192],[-80.4568175157444,25.6695100625852]]]},"properties":{"OBJECTID":164,"CATEGORY":4,"ZONEID":"D"}},{"type":"Feature","id":165,"geometry":{"type":"Polygon","coordinates":[[[-80.4805735577561,25.6535242985967],[-80.4805735981803,25.6535242953576],[-80.4807948038274,25.6596330551183],[-80.4808425717427,25.6609521141787],[-80.4810577667623,25.6668941577846],[-80.4811115956107,25.6683805019187],[-80.472993841985,25.668821319776],[-80.4648760048159,25.6692616931192],[-80.4645992680129,25.6618136721637],[-80.4643225240233,25.6543656597271],[-80.4724582403614,25.6539446697639],[-80.4805735577561,25.6535242985967]]]},"properties":{"OBJECTID":165,"CATEGORY":4,"ZONEID":"D"}},{"type":"Feature","id":166,"geometry":{"type":"Polygon","coordinates":[[[-80.4805735981803,25.6535242953576],[-80.4805318696387,25.6523719848887],[-80.480531870537,25.6523719533075],[-80.4885469521156,25.6523384893587],[-80.4965620399825,25.6523045848828],[-80.4968246382013,25.6595642551502],[-80.4970872633696,25.6668239167327],[-80.4890725105743,25.6668592542571],[-80.4810577667623,25.6668941577846],[-80.4808425717427,25.6609521141787],[-80.4807948038274,25.6596330551183],[-80.4805735981803,25.6535242953576]]]},"properties":{"OBJECTID":166,"CATEGORY":5,"ZONEID":"E"}},{"type":"Feature","id":167,"geometry":{"type":"Polygon","coordinates":[[[-80.5051020269445,25.6667902017905],[-80.4970872633695,25.6668239167328],[-80.4968246382012,25.6595642551502],[-80.4965620399824,25.6523045848828],[-80.5045768835075,25.652270861787],[-80.5125917270326,25.6522366989735],[-80.5128542488946,25.6594963741819],[-80.5131167932145,25.6667560431355],[-80.5051020269445,25.6667902017905]]]},"properties":{"OBJECTID":167,"CATEGORY":5,"ZONEID":"E"}},{"type":"Feature","id":168,"geometry":{"type":"Polygon","coordinates":[[[-80.5211342625151,25.6667199849677],[-80.5131167932145,25.6667560431355],[-80.5128542488946,25.6594963741819],[-80.5125917270326,25.6522366989735],[-80.5206063756232,25.6522005675847],[-80.5286209262975,25.6521639940473],[-80.5288863173786,25.6594237425071],[-80.5291517309175,25.6666834838952],[-80.5211342625151,25.6667199849677]]]},"properties":{"OBJECTID":168,"CATEGORY":5,"ZONEID":"E"}},{"type":"Feature","id":169,"geometry":{"type":"Polygon","coordinates":[[[-80.5286209262975,25.6521639940473],[-80.5366351643581,25.6521283655077],[-80.5446494015204,25.6520922972488],[-80.5449162793132,25.6593518233482],[-80.5451831804622,25.666611339166],[-80.5371674556898,25.666647632983],[-80.5291517309175,25.6666834838952],[-80.5288863173786,25.6594237425071],[-80.5286209262975,25.6521639940473]]]},"properties":{"OBJECTID":169,"CATEGORY":5,"ZONEID":"E"}},{"type":"Feature","id":170,"geometry":{"type":"Polygon","coordinates":[[[-80.5446494015204,25.6520922972488],[-80.5526640240599,25.6520536878988],[-80.5606786501927,25.6520146388273],[-80.5609452971185,25.6592757680556],[-80.5612119647055,25.666536889238],[-80.5531975721347,25.6665743360597],[-80.5451831804622,25.666611339166],[-80.5449162793132,25.6593518233482],[-80.5446494015204,25.6520922972488]]]},"properties":{"OBJECTID":170,"CATEGORY":5,"ZONEID":"E"}},{"type":"Feature","id":171,"geometry":{"type":"Polygon","coordinates":[[[-80.6011922490949,25.666580837777],[-80.593177876287,25.666729091409],[-80.5928870736633,25.6593454969476],[-80.5925963006839,25.6519618923558],[-80.6006144446193,25.6519343194256],[-80.6086325912497,25.6519063075892],[-80.608919585915,25.6591692288633],[-80.6092066084281,25.6664321426853],[-80.6011922490949,25.666580837777]]]},"properties":{"OBJECTID":171,"CATEGORY":5,"ZONEID":"E"}},{"type":"Feature","id":172,"geometry":{"type":"Polygon","coordinates":[[[-80.593177876287,25.666729091409],[-80.5772464864885,25.6664600847165],[-80.5772464433694,25.6664600847165],[-80.5769841559677,25.6591991588603],[-80.5768090904885,25.6543523828804],[-80.576721897312,25.6519382282228],[-80.5925963006839,25.6519618923558],[-80.5928870736633,25.6593454969476],[-80.593177876287,25.666729091409]]]},"properties":{"OBJECTID":172,"CATEGORY":5,"ZONEID":"E"}},{"type":"Feature","id":173,"geometry":{"type":"Polygon","coordinates":[[[-80.5767218505997,25.6519382306522],[-80.576721897312,25.6519382282228],[-80.5768090904885,25.6543523828804],[-80.5769841559677,25.6591991588603],[-80.5772464433694,25.6664600847165],[-80.5692292031391,25.6664987072161],[-80.5612119647055,25.666536889238],[-80.5609452971185,25.6592757680556],[-80.5606786501927,25.6520146388273],[-80.56870026971,25.6519766521711],[-80.5767218505997,25.6519382306522]]]},"properties":{"OBJECTID":173,"CATEGORY":5,"ZONEID":"E"}},{"type":"Feature","id":182,"geometry":{"type":"Polygon","coordinates":[[[-80.1141789892098,25.9019915364172],[-80.1221024570025,25.9017269536716],[-80.1300259742025,25.9014636947701],[-80.1305284917724,25.9087452031542],[-80.1310327457858,25.9160266086731],[-80.1231061958734,25.9161357622366],[-80.1151796450626,25.9162444842404],[-80.1146792915342,25.9091180139185],[-80.1141789892098,25.9019915364172]]]},"properties":{"OBJECTID":182,"CATEGORY":2,"ZONEID":"B"}},{"type":"Feature","id":183,"geometry":{"type":"Polygon","coordinates":[[[-80.1300259742025,25.9014636947701],[-80.1383023595276,25.9012143802873],[-80.1465787250898,25.9009645925508],[-80.1469746512631,25.9082096031214],[-80.1473706115723,25.9154546074434],[-80.1392016917047,25.9157408406989],[-80.1310327457858,25.9160266086731],[-80.1305284917724,25.9087452031542],[-80.1300259742025,25.9014636947701]]]},"properties":{"OBJECTID":183,"CATEGORY":1,"ZONEID":"A"}},{"type":"Feature","id":184,"geometry":{"type":"Polygon","coordinates":[[[-80.1465787250898,25.9009645925508],[-80.1546703637919,25.9007045190225],[-80.1627619800361,25.9004439948184],[-80.1631151077743,25.9076269464067],[-80.1634682705468,25.9148098880387],[-80.1554194545343,25.9151324715889],[-80.1473706115723,25.9154546074434],[-80.1469746512631,25.9082096031214],[-80.1465787250898,25.9009645925508]]]},"properties":{"OBJECTID":184,"CATEGORY":1,"ZONEID":"A"}},{"type":"Feature","id":186,"geometry":{"type":"Polygon","coordinates":[[[-80.5291517309175,25.6666834838952],[-80.5371674556898,25.666647632983],[-80.5451831804622,25.666611339166],[-80.5454500941876,25.6738708591071],[-80.5457170312692,25.6811303659991],[-80.5457169854552,25.6811303659991],[-80.5377021122857,25.6811664821453],[-80.5296871942004,25.6812021538217],[-80.52941945133,25.6739428229441],[-80.5291517309175,25.6666834838952]]]},"properties":{"OBJECTID":186,"CATEGORY":5,"ZONEID":"E"}},{"type":"Feature","id":188,"geometry":{"type":"Polygon","coordinates":[[[-80.2685118780648,25.6902128073143],[-80.2766817214006,25.689917957093],[-80.2848515440752,25.689622630143],[-80.2848515440752,25.689622665762],[-80.285126168939,25.6970373891421],[-80.2852541779687,25.7004933674231],[-80.2854008126674,25.7044521437495],[-80.2772114166012,25.7047855915429],[-80.2690219872973,25.7051185802724],[-80.268766926842,25.6976657016154],[-80.2685118780648,25.6902128073143]]]},"properties":{"OBJECTID":188,"CATEGORY":3,"ZONEID":"C"}},{"type":"Feature","id":191,"geometry":{"type":"Polygon","coordinates":[[[-80.3183252077925,25.6592560471298],[-80.3203644131318,25.6591821448446],[-80.3224036202678,25.6591082174119],[-80.3244428238106,25.6590342583539],[-80.32648202376,25.6589602749582],[-80.3285230966969,25.6588838048339],[-80.3305641714303,25.6588073063199],[-80.3326052434688,25.6587307794164],[-80.3346463110158,25.6586542249328],[-80.3347087744708,25.6605036987798],[-80.3347712370274,25.6623531730957],[-80.3348336977874,25.6642026470681],[-80.3348961639373,25.6660521198843],[-80.3349583282533,25.667903552561],[-80.3350204961625,25.6697549815862],[-80.3350826622751,25.6716064134344],[-80.3351448328793,25.6734578440545],[-80.3331080332283,25.6735154582376],[-80.3310712389672,25.673573045675],[-80.3290344330279,25.6736306039378],[-80.3269976297836,25.6736881322166],[-80.3249621758089,25.6737436801133],[-80.3229267209359,25.6737991972183],[-80.3208912615713,25.6738546883893],[-80.3188558040033,25.6739101487685],[-80.3187886136133,25.6720782804347],[-80.3187214268166,25.6702464090477],[-80.3186542391215,25.6684145402776],[-80.3185870559181,25.6665826652209],[-80.3185215911917,25.664751014642],[-80.3184561309569,25.6629193585981],[-80.3183906698239,25.6610877011404],[-80.3183252077925,25.6592560471298]]]},"properties":{"OBJECTID":191,"CATEGORY":4,"ZONEID":"D"}},{"type":"Feature","id":192,"geometry":{"type":"Polygon","coordinates":[[[-80.3346463110158,25.6586542249328],[-80.3366699898738,25.6586065357473],[-80.3386936669352,25.6585588190119],[-80.3407173430982,25.6585110706778],[-80.342741015668,25.6584632980326],[-80.3447683228214,25.6584190971039],[-80.3467956290765,25.6583748678182],[-80.3488229344333,25.6583306077461],[-80.3508502397901,25.6582863217461],[-80.3509102373696,25.660119151791],[-80.3509702394407,25.661951977961],[-80.3510302397151,25.6637848010633],[-80.3510902417862,25.6656176316211],[-80.3511493347622,25.6674416336758],[-80.3512084259416,25.669265638593],[-80.3512675207142,25.6710896423215],[-80.3513266145886,25.6729136424299],[-80.3492963429947,25.6729949467921],[-80.3472660696042,25.6730762203327],[-80.3452357899255,25.6731574687192],[-80.3432055093485,25.6732386879036],[-80.341190348316,25.6732935178655],[-80.3391751756055,25.6733483218941],[-80.3371600046916,25.6734030951314],[-80.3351448328793,25.6734578440545],[-80.3350826622751,25.6716064134344],[-80.3350204961625,25.6697549815862],[-80.3349583282533,25.667903552561],[-80.3348961639373,25.6660521198843],[-80.3348336977874,25.6642026470681],[-80.3347712370274,25.6623531730957],[-80.3347087744708,25.6605036987798],[-80.3346463110158,25.6586542249328]]]},"properties":{"OBJECTID":192,"CATEGORY":4,"ZONEID":"D"}},{"type":"Feature","id":193,"geometry":{"type":"Polygon","coordinates":[[[-80.3508502397901,25.6582863217461],[-80.352903285473,25.6581981739981],[-80.3549563302576,25.6581099986539],[-80.357009371449,25.6580217924745],[-80.3590624108437,25.6579335570794],[-80.3611632765442,25.6578266482574],[-80.3632641377531,25.6577197077598],[-80.3653649935721,25.6576127412547],[-80.3674658502893,25.6575057406446],[-80.367496686758,25.6593678381362],[-80.3675275268201,25.6612299348959],[-80.3675583623905,25.663092030921],[-80.3675891997576,25.6649541270181],[-80.3676198619532,25.666815190037],[-80.3676505250471,25.6686762531545],[-80.367681188141,25.6705373155582],[-80.3677118476416,25.6723983780547],[-80.3656632881452,25.6724629240643],[-80.3636147232589,25.6725274408921],[-80.3615661574743,25.6725919293476],[-80.3595175934863,25.6726563910502],[-80.3574698514568,25.6727207434169],[-80.3554221058341,25.6727850730791],[-80.3533743611096,25.6728493743694],[-80.3513266145886,25.6729136424299],[-80.3512675207142,25.6710896423215],[-80.3512084259416,25.669265638593],[-80.3511493347622,25.6674416336758],[-80.3510902417862,25.6656176316211],[-80.3510302397151,25.6637848010633],[-80.3509702394407,25.661951977961],[-80.3509102373696,25.660119151791],[-80.3508502397901,25.6582863217461]]]},"properties":{"OBJECTID":193,"CATEGORY":4,"ZONEID":"D"}},{"type":"Feature","id":194,"geometry":{"type":"Polygon","coordinates":[[[-80.5430733010662,25.6085337336449],[-80.5510851361334,25.6084971240499],[-80.5590969712006,25.6084600761944],[-80.5593594185025,25.6157195313389],[-80.5596218900588,25.6229789804697],[-80.5516101636878,25.6230165438276],[-80.543598438215,25.6230536665479],[-80.5433358525726,25.6157937043504],[-80.5430733010662,25.6085337336449]]]},"properties":{"OBJECTID":194,"CATEGORY":5,"ZONEID":"E"}},{"type":"Feature","id":195,"geometry":{"type":"Polygon","coordinates":[[[-80.4642824663482,25.7419708654997],[-80.4482602820272,25.7424850333427],[-80.4477029600384,25.7279601775638],[-80.463719818248,25.7274446957651],[-80.4642824663482,25.7419708654997]]]},"properties":{"OBJECTID":195,"CATEGORY":5,"ZONEID":"E"}},{"type":"Feature","id":196,"geometry":{"type":"Polygon","coordinates":[[[-80.463719818248,25.7274446957651],[-80.4797378020467,25.7269058999532],[-80.4799444873256,25.7321615237393],[-80.4803085978664,25.7414202164615],[-80.4642824663482,25.7419708654997],[-80.463719818248,25.7274446957651]]]},"properties":{"OBJECTID":196,"CATEGORY":5,"ZONEID":"E"}},{"type":"Feature","id":198,"geometry":{"type":"Polygon","coordinates":[[[-80.2094058980328,25.8544132425339],[-80.2175228548529,25.8541749296663],[-80.22563979191,25.8539361636133],[-80.2259022392118,25.8612771431402],[-80.2261646883103,25.8686181169944],[-80.2180377521057,25.8689291557739],[-80.2138637040869,25.8690835222235],[-80.2099104071677,25.869229602618],[-80.2096580362684,25.8618214348662],[-80.2094058980328,25.8544132425339]]]},"properties":{"OBJECTID":198,"CATEGORY":5,"ZONEID":"E"}},{"type":"Feature","id":220,"geometry":{"type":"Polygon","coordinates":[[[-80.624337540918,25.7318013783328],[-80.6082742694526,25.7317787496948],[-80.6077495428339,25.7173367969842],[-80.6238729331514,25.716938417354],[-80.624337540918,25.7318013783328]]]},"properties":{"OBJECTID":220,"CATEGORY":5,"ZONEID":"E"}},{"type":"Feature","id":221,"geometry":{"type":"Polygon","coordinates":[[[-80.6238729331514,25.716938417354],[-80.6399976242294,25.7172957338311],[-80.6401992196539,25.7245589900133],[-80.6404008411295,25.7318222355516],[-80.624337540918,25.7318013783328],[-80.6238729331514,25.716938417354]]]},"properties":{"OBJECTID":221,"CATEGORY":5,"ZONEID":"E"}},{"type":"Feature","id":222,"geometry":{"type":"Polygon","coordinates":[[[-80.6399976242294,25.7172957338311],[-80.6480096811805,25.7172734407342],[-80.6560217381315,25.7172507049275],[-80.656241033062,25.7245138966888],[-80.6564603459589,25.7317770850982],[-80.6484305921967,25.7317998804389],[-80.6404008411295,25.7318222355516],[-80.6401992196539,25.7245589900133],[-80.6399976242294,25.7172957338311]]]},"properties":{"OBJECTID":222,"CATEGORY":5,"ZONEID":"E"}},{"type":"Feature","id":223,"geometry":{"type":"Polygon","coordinates":[[[-80.6560217381315,25.7172507049275],[-80.6640478653949,25.7172274867534],[-80.6720739917599,25.7172038266782],[-80.6722969176808,25.7244669970235],[-80.6725198651613,25.7317301591652],[-80.6644901051109,25.7317538414368],[-80.6564603459589,25.7317770850982],[-80.656241033062,25.7245138966888],[-80.6560217381315,25.7172507049275]]]},"properties":{"OBJECTID":223,"CATEGORY":5,"ZONEID":"E"}},{"type":"Feature","id":224,"geometry":{"type":"Polygon","coordinates":[[[-80.382988995317,25.7154927263705],[-80.3910158403343,25.715239377365],[-80.3990318759238,25.7149859646908],[-80.3995920671316,25.7295072043504],[-80.3915689528177,25.7297609599588],[-80.3835476665754,25.7300141194198],[-80.3832682653692,25.722756661584],[-80.382988995317,25.7154927263705]]]},"properties":{"OBJECTID":224,"CATEGORY":4,"ZONEID":"D"}},{"type":"Feature","id":225,"geometry":{"type":"Polygon","coordinates":[[[-80.3990318759238,25.7149859646908],[-80.4150998752225,25.7144797277413],[-80.4156712199129,25.7289993864201],[-80.3995920671316,25.7295072043504],[-80.3990318759238,25.7149859646908]]]},"properties":{"OBJECTID":225,"CATEGORY":4,"ZONEID":"D"}},{"type":"Feature","id":226,"geometry":{"type":"Polygon","coordinates":[[[-80.4150998752225,25.7144797277413],[-80.4311099008461,25.7139552716463],[-80.4316715086971,25.7284786400511],[-80.4156712199129,25.7289993864201],[-80.4150998752225,25.7144797277413]]]},"properties":{"OBJECTID":226,"CATEGORY":5,"ZONEID":"E"}},{"type":"Feature","id":227,"geometry":{"type":"Polygon","coordinates":[[[-80.4477029600384,25.7279601775638],[-80.4316715086971,25.7284786400511],[-80.4311099008461,25.7139552716463],[-80.4471379556574,25.7134274867702],[-80.4477029600384,25.7279601775638]]]},"properties":{"OBJECTID":227,"CATEGORY":5,"ZONEID":"E"}},{"type":"Feature","id":228,"geometry":{"type":"Polygon","coordinates":[[[-80.463719818248,25.7274446957651],[-80.4477029600384,25.7279601775638],[-80.4471379556574,25.7134274867702],[-80.4631585284006,25.7129162113772],[-80.463719818248,25.7274446957651]]]},"properties":{"OBJECTID":228,"CATEGORY":5,"ZONEID":"E"}},{"type":"Feature","id":229,"geometry":{"type":"Polygon","coordinates":[[[-80.47918253181,25.7123916213197],[-80.4791826252348,25.7123916180823],[-80.4793838424686,25.7176524592324],[-80.4795482287756,25.7219501002284],[-80.4797378020467,25.7269058999532],[-80.463719818248,25.7274446957651],[-80.4631585284006,25.7129162113772],[-80.47918253181,25.7123916213197]]]},"properties":{"OBJECTID":229,"CATEGORY":5,"ZONEID":"E"}},{"type":"Feature","id":230,"geometry":{"type":"Polygon","coordinates":[[[-80.1576524642096,25.7074825797745],[-80.1657173645573,25.7074820795651],[-80.1737822828713,25.7074811366137],[-80.1737814438447,25.7147229428607],[-80.1737805949368,25.7219647421186],[-80.1657360351421,25.7219738313874],[-80.1576914906188,25.7219824828233],[-80.1576719810074,25.7147325352899],[-80.1576524642096,25.7074825797745]]]},"properties":{"OBJECTID":230,"CATEGORY":1,"ZONEID":"A"}},{"type":"Feature","id":231,"geometry":{"type":"Polygon","coordinates":[[[-80.1576914906188,25.7219824828233],[-80.1496709499782,25.7219298830545],[-80.141650433592,25.7218768389553],[-80.1416686505277,25.7146736387983],[-80.141686852192,25.7074704298649],[-80.1496696501159,25.7074767245721],[-80.1576524642096,25.7074825797745],[-80.1576719810074,25.7147325352899],[-80.1576914906188,25.7219824828233]]]},"properties":{"OBJECTID":231,"CATEGORY":1,"ZONEID":"A"}},{"type":"Feature","id":233,"geometry":{"type":"Polygon","coordinates":[[[-80.1131932373057,25.8874936054174],[-80.1212070423783,25.8871582660377],[-80.1292208115184,25.8868224852492],[-80.1296233762416,25.8941430948051],[-80.1300259742025,25.9014636947701],[-80.1221024570025,25.9017269536716],[-80.1141789892098,25.9019915364172],[-80.1136860890033,25.8947425712981],[-80.1131932373057,25.8874936054174]]]},"properties":{"OBJECTID":233,"CATEGORY":2,"ZONEID":"B"}},{"type":"Feature","id":234,"geometry":{"type":"Polygon","coordinates":[[[-80.1292208115184,25.8868224852492],[-80.1376349481024,25.8865335431282],[-80.146049057737,25.8862441121589],[-80.146313899049,25.8936048642862],[-80.1465787250898,25.9009645925508],[-80.1383023595276,25.9012143802873],[-80.1300259742025,25.9014636947701],[-80.1296233762416,25.8941430948051],[-80.1292208115184,25.8868224852492]]]},"properties":{"OBJECTID":234,"CATEGORY":2,"ZONEID":"B"}},{"type":"Feature","id":235,"geometry":{"type":"Polygon","coordinates":[[[-80.146049057737,25.8862441121589],[-80.1540085794136,25.8860265472936],[-80.1619679681396,25.8858085448],[-80.1623668389903,25.8931609881903],[-80.1627619800361,25.9004439948184],[-80.1546703637919,25.9007045190225],[-80.1465787250898,25.9009645925508],[-80.146313899049,25.8936048642862],[-80.146049057737,25.8862441121589]]]},"properties":{"OBJECTID":235,"CATEGORY":3,"ZONEID":"C"}},{"type":"Feature","id":236,"geometry":{"type":"Polygon","coordinates":[[[-80.1619679681396,25.8858085448],[-80.1700844425643,25.8854549323974],[-80.1782005702394,25.8851008776649],[-80.1785141325792,25.8924224538388],[-80.1788277191735,25.8997440211512],[-80.1707688249619,25.90009536528],[-80.1627619800361,25.9004439948184],[-80.1623668389903,25.8931609881903],[-80.1619679681396,25.8858085448]]]},"properties":{"OBJECTID":236,"CATEGORY":4,"ZONEID":"D"}},{"type":"Feature","id":237,"geometry":{"type":"Polygon","coordinates":[[[-80.1943677085112,25.8844735705836],[-80.1943677408505,25.8844735705836],[-80.1944383654998,25.8862810233814],[-80.1946522112499,25.8917537012647],[-80.194935547077,25.899033862975],[-80.1868816501932,25.8993891696708],[-80.1788277191735,25.8997440211512],[-80.1785141325792,25.8924224538388],[-80.1782005702394,25.8851008776649],[-80.1862841708163,25.8847874496219],[-80.1943677085112,25.8844735705836]]]},"properties":{"OBJECTID":237,"CATEGORY":4,"ZONEID":"D"}},{"type":"Feature","id":241,"geometry":{"type":"Polygon","coordinates":[[[-80.2761073808287,25.6602779689821],[-80.2838277440272,25.6600490217289],[-80.283893406383,25.6618981128157],[-80.2839196695286,25.6626375507801],[-80.2839590786201,25.6637472003327],[-80.2840247526539,25.6655962867063],[-80.2840423093278,25.6660906372575],[-80.2840904284843,25.667445373553],[-80.284127607059,25.6684921410604],[-80.2841561483322,25.6692956097776],[-80.2841780744116,25.6699130475375],[-80.2842218627902,25.6711458423857],[-80.2842875889263,25.6729960462761],[-80.284287588028,25.6729960770423],[-80.2843533060792,25.6748463113154],[-80.2762955374566,25.6750778517067],[-80.2682377472744,25.6753089439289],[-80.2680827187176,25.6677208974904],[-80.2683869655279,25.6605064566848],[-80.2761073808287,25.6602779689821]]]},"properties":{"OBJECTID":241,"CATEGORY":1,"ZONEID":"A"}},{"type":"Feature","id":242,"geometry":{"type":"Polygon","coordinates":[[[-80.3000688998852,25.6597328432205],[-80.3021061774399,25.6596929262082],[-80.302170943277,25.6615244115667],[-80.3022357082157,25.6633558963283],[-80.3023004758493,25.6651873813001],[-80.302365246178,25.6670188656696],[-80.302430160237,25.6688498393466],[-80.3024950751944,25.6706808164798],[-80.3025599883552,25.6725117905893],[-80.3026249096008,25.6743427665302],[-80.3006171264317,25.67439812386],[-80.2986093495509,25.674453455256],[-80.2966015636869,25.6745087607184],[-80.2945937805179,25.6745640345797],[-80.2945032599816,25.6745665419856],[-80.2919657744255,25.6746365534],[-80.2894282870728,25.6747065153863],[-80.2868907961268,25.6747764352312],[-80.2843533932157,25.6748463088865],[-80.2843533060792,25.6748463113154],[-80.284287588028,25.6729960770423],[-80.2842875889263,25.6729960462761],[-80.2842218627902,25.6711458423857],[-80.2841780744116,25.6699130475375],[-80.2841561483322,25.6692956097776],[-80.284127607059,25.6684921410604],[-80.2840904284843,25.667445373553],[-80.2840423093278,25.6660906372575],[-80.2840247526539,25.6655962867063],[-80.2839590786201,25.6637472003327],[-80.2839196695286,25.6626375507801],[-80.283893406383,25.6618981128157],[-80.2838277440272,25.6600490217289],[-80.2863600696604,25.6599999387581],[-80.2888923961918,25.6599508096129],[-80.2914247254181,25.6599016391515],[-80.2939570546445,25.6598524217059],[-80.2959943375891,25.6598125897547],[-80.2980316151439,25.659772731879],[-80.3000688998852,25.6597328432205]]]},"properties":{"OBJECTID":242,"CATEGORY":3,"ZONEID":"C"}},{"type":"Feature","id":243,"geometry":{"type":"Polygon","coordinates":[[[-80.3021061774399,25.6596929262082],[-80.3041327848057,25.6596369749995],[-80.3061593885783,25.6595809921851],[-80.3081860004357,25.659524984243],[-80.3102126051065,25.659468945505],[-80.312240758473,25.6594157634575],[-80.3142689073478,25.6593625538556],[-80.3162970580193,25.6593093150797],[-80.3183252077925,25.6592560471298],[-80.3183906698239,25.6610877011404],[-80.3184561309569,25.6629193585981],[-80.3185215911917,25.664751014642],[-80.3185870559181,25.6665826652209],[-80.3186542391215,25.6684145402776],[-80.3187214268166,25.6702464090477],[-80.3187886136133,25.6720782804347],[-80.3188558040033,25.6739101487685],[-80.316826565472,25.673963777743],[-80.3147973251441,25.674017379166],[-80.3127680830196,25.6740709514183],[-80.3107388426916,25.6741244969288],[-80.3087103605418,25.6741791046456],[-80.3066818765954,25.6742336864293],[-80.3046533953439,25.6742882406607],[-80.3026249096008,25.6743427665302],[-80.3025599883552,25.6725117905893],[-80.3024950751944,25.6706808164798],[-80.302430160237,25.6688498393466],[-80.302365246178,25.6670188656696],[-80.3023004758493,25.6651873813001],[-80.3022357082157,25.6633558963283],[-80.302170943277,25.6615244115667],[-80.3021061774399,25.6596929262082]]]},"properties":{"OBJECTID":243,"CATEGORY":3,"ZONEID":"C"}},{"type":"Feature","id":244,"geometry":{"type":"Polygon","coordinates":[[[-80.1498716929015,25.7824122694682],[-80.157249419786,25.7821527456967],[-80.157249422481,25.7821527877591],[-80.1575775815458,25.7893780783326],[-80.1579057774416,25.7966034042466],[-80.150337198085,25.7967993560964],[-80.1427686052538,25.7969949137412],[-80.1426312771013,25.7898331686933],[-80.1424939543388,25.7826714998543],[-80.1424939516438,25.7826714189655],[-80.1498716929015,25.7824122694682]]]},"properties":{"OBJECTID":244,"CATEGORY":2,"ZONEID":"B"}},{"type":"Feature","id":245,"geometry":{"type":"Polygon","coordinates":[[[-80.1654655667831,25.7818640987565],[-80.1736816985088,25.781574984381],[-80.1736817012038,25.7815750442393],[-80.1739829108101,25.788876501046],[-80.1742839506349,25.7961780186529],[-80.1660948725722,25.7963909421471],[-80.1579057774416,25.7966034042466],[-80.1575775815458,25.7893780783326],[-80.157249422481,25.7821527877591],[-80.157249419786,25.7821527456967],[-80.1654655667831,25.7818640987565]]]},"properties":{"OBJECTID":245,"CATEGORY":2,"ZONEID":"B"}},{"type":"Feature","id":246,"geometry":{"type":"Polygon","coordinates":[[[-80.2987945462299,25.7826274097703],[-80.3045510592666,25.7826122228854],[-80.3046850932969,25.7898418038632],[-80.3048191327171,25.7970713783991],[-80.2968573095567,25.7970957933433],[-80.2888954935829,25.7971197747711],[-80.2887893315809,25.7928834928334],[-80.288714240508,25.7898869387118],[-80.288714237813,25.7898868545925],[-80.2886027308351,25.7854370397993],[-80.2885890207473,25.7848898747455],[-80.2885329910264,25.7826539243275],[-80.2885330808579,25.7826539251364],[-80.2938502431606,25.7826402767609],[-80.2965419964004,25.782633293626],[-80.2987945462299,25.7826274097703]]]},"properties":{"OBJECTID":246,"CATEGORY":5,"ZONEID":"E"}},{"type":"Feature","id":247,"geometry":{"type":"Polygon","coordinates":[[[-80.3351448328793,25.6734578440545],[-80.3371600046916,25.6734030951314],[-80.3391751756055,25.6733483218941],[-80.341190348316,25.6732935178655],[-80.3432055093485,25.6732386879036],[-80.3452357899255,25.6731574687192],[-80.3472660696042,25.6730762203327],[-80.3492963429947,25.6729949467921],[-80.3513266145886,25.6729136424299],[-80.3513851083883,25.674733124458],[-80.3514436039846,25.6765526062373],[-80.3515021004793,25.6783720829075],[-80.3515606005672,25.6801915641813],[-80.3517928348311,25.6874392302536],[-80.3509801137222,25.6874670159766],[-80.3497090928166,25.6875104516472],[-80.3439229425619,25.6877057941814],[-80.341618290446,25.6877835297382],[-80.3356211977963,25.6879851189904],[-80.3353895788784,25.6808204674635],[-80.3353283919295,25.6789798135738],[-80.3352672058788,25.6771391571595],[-80.3352060171333,25.6752985014617],[-80.3351448328793,25.6734578440545]]]},"properties":{"OBJECTID":247,"CATEGORY":4,"ZONEID":"D"}},{"type":"Feature","id":250,"geometry":{"type":"Polygon","coordinates":[[[-80.5777710316476,25.6809819092632],[-80.5777711124959,25.6809819092632],[-80.5777710963262,25.6809819481231],[-80.5749505435393,25.6883384196866],[-80.5749505282679,25.6883384577345],[-80.5749504977252,25.6883384577345],[-80.5667105274068,25.6883943946621],[-80.5584705256473,25.6884498579885],[-80.558470541817,25.6884498264168],[-80.5617448839596,25.6810567031459],[-80.5617449055192,25.6810566578094],[-80.5697580063126,25.681019503748],[-80.5697580404486,25.681019503748],[-80.5777710316476,25.6809819092632]]]},"properties":{"OBJECTID":250,"CATEGORY":5,"ZONEID":"E"}},{"type":"Feature","id":251,"geometry":{"type":"Polygon","coordinates":[[[-80.5749505435393,25.6883384196866],[-80.5777710963262,25.6809819481231],[-80.5777711124959,25.6809819092632],[-80.5937497428986,25.6812486252679],[-80.5937498156621,25.6812486244583],[-80.5905457038084,25.6882313252252],[-80.5843150599647,25.6882743299466],[-80.5827481160382,25.6882850991366],[-80.5827480567494,25.6882850991366],[-80.5749505282679,25.6883384577345],[-80.5749505435393,25.6883384196866]]]},"properties":{"OBJECTID":251,"CATEGORY":5,"ZONEID":"E"}},{"type":"Feature","id":252,"geometry":{"type":"Polygon","coordinates":[[[-80.3513266145886,25.6729136424299],[-80.3533743611096,25.6728493743694],[-80.3554221058341,25.6727850730791],[-80.3574698514568,25.6727207434169],[-80.3595175934863,25.6726563910502],[-80.3615661574743,25.6725919293476],[-80.3636147232589,25.6725274408921],[-80.3656632881452,25.6724629240643],[-80.3677118476416,25.6723983780547],[-80.367803160492,25.6742328460371],[-80.3678944760372,25.6760673173601],[-80.3679857924808,25.6779017847345],[-80.3680771080261,25.6797362522055],[-80.3684271823906,25.686880179936],[-80.3658602545511,25.6869607890888],[-80.3601086813501,25.6871555974194],[-80.3577831613701,25.6872342950665],[-80.3532817214477,25.6873883176737],[-80.3517928348311,25.6874392302536],[-80.3515606005672,25.6801915641813],[-80.3515021004793,25.6783720829075],[-80.3514436039846,25.6765526062373],[-80.3513851083883,25.674733124458],[-80.3513266145886,25.6729136424299]]]},"properties":{"OBJECTID":252,"CATEGORY":4,"ZONEID":"D"}},{"type":"Feature","id":253,"geometry":{"type":"Polygon","coordinates":[[[-80.5937498156621,25.6812486244583],[-80.5964722499622,25.6811983925175],[-80.6017651712269,25.6811006001854],[-80.6073628252905,25.6809969666504],[-80.6097804773844,25.6809521490795],[-80.6097805061305,25.6809521490795],[-80.6067610744244,25.6882425744711],[-80.5905457038084,25.6882313252252],[-80.5937498156621,25.6812486244583]]]},"properties":{"OBJECTID":253,"CATEGORY":5,"ZONEID":"E"}},{"type":"Feature","id":254,"geometry":{"type":"Polygon","coordinates":[[[-80.6097805061305,25.6809521490795],[-80.6258210699821,25.680904142552],[-80.6229764728883,25.6882520103662],[-80.6067610744244,25.6882425744711],[-80.6097805061305,25.6809521490795]]]},"properties":{"OBJECTID":254,"CATEGORY":5,"ZONEID":"E"}},{"type":"Feature","id":255,"geometry":{"type":"Polygon","coordinates":[[[-80.6258210699821,25.680904142552],[-80.6338412423135,25.6808765714565],[-80.6378151807212,25.6808627502848],[-80.6418614146448,25.6808485631807],[-80.6391919063863,25.6882596175299],[-80.6391918938099,25.6882596563874],[-80.6229764728883,25.6882520103662],[-80.6258210699821,25.680904142552]]]},"properties":{"OBJECTID":255,"CATEGORY":5,"ZONEID":"E"}},{"type":"Feature","id":256,"geometry":{"type":"Polygon","coordinates":[[[-80.6418614146448,25.6808485631807],[-80.6498815887728,25.6808201152955],[-80.6533801737665,25.6808075683989],[-80.6579017557143,25.6807912350868],[-80.6551467152644,25.688262358602],[-80.6527615732007,25.688262070409],[-80.6471693027406,25.6882612284967],[-80.6443611125685,25.6882607265874],[-80.6391918938099,25.6882596563874],[-80.6391919063863,25.6882596175299],[-80.6418614146448,25.6808485631807]]]},"properties":{"OBJECTID":256,"CATEGORY":5,"ZONEID":"E"}},{"type":"Feature","id":257,"geometry":{"type":"Polygon","coordinates":[[[-80.6579017557143,25.6807912350868],[-80.6659219424187,25.6807618934094],[-80.6708854927912,25.6807435231824],[-80.6739421201399,25.6807321080736],[-80.6711859621858,25.6882633324679],[-80.6673536629455,25.6882632628482],[-80.6631663369284,25.6882630701798],[-80.6551467152644,25.688262358602],[-80.6579017557143,25.6807912350868]]]},"properties":{"OBJECTID":257,"CATEGORY":5,"ZONEID":"E"}},{"type":"Feature","id":258,"geometry":{"type":"Polygon","coordinates":[[[-80.3677118476416,25.6723983780547],[-80.3697153512367,25.6723330928094],[-80.3717188530351,25.6722677767621],[-80.3737223512402,25.6722024371994],[-80.3757258494453,25.6721370700731],[-80.3840801169089,25.6718643641824],[-80.3840801474516,25.6718643641824],[-80.3841520198609,25.6736795072271],[-80.3842239039482,25.6754946121049],[-80.3842239039482,25.6754946469184],[-80.3842957826457,25.6773097921595],[-80.3843676631398,25.6791249210885],[-80.3844505551826,25.6811845989088],[-80.3846591951956,25.6863686399464],[-80.3846591529747,25.6863686456132],[-80.3818828377239,25.6864562058513],[-80.3765420093051,25.6866248611308],[-80.3748655122364,25.6866777655099],[-80.3738704816339,25.6867091579184],[-80.3684271823906,25.686880179936],[-80.3680771080261,25.6797362522055],[-80.3679857924808,25.6779017847345],[-80.3678944760372,25.6760673173601],[-80.367803160492,25.6742328460371],[-80.3677118476416,25.6723983780547]]]},"properties":{"OBJECTID":258,"CATEGORY":4,"ZONEID":"D"}},{"type":"Feature","id":259,"geometry":{"type":"Polygon","coordinates":[[[-80.3840801474516,25.6718643641824],[-80.3921200234305,25.6716045496334],[-80.4001581396096,25.6713443337434],[-80.400418135409,25.678578609624],[-80.4006820550496,25.6858502214643],[-80.3979088578512,25.6859386232026],[-80.3938695867694,25.6860698393397],[-80.3926795256304,25.6861084773425],[-80.3899043180024,25.6861985481712],[-80.3862683033466,25.6863164753534],[-80.3846591951956,25.6863686399464],[-80.3844505551826,25.6811845989088],[-80.3843676631398,25.6791249210885],[-80.3842957826457,25.6773097921595],[-80.3842239039482,25.6754946469184],[-80.3842239039482,25.6754946121049],[-80.3841520198609,25.6736795072271],[-80.3840801474516,25.6718643641824]]]},"properties":{"OBJECTID":259,"CATEGORY":4,"ZONEID":"D"}},{"type":"Feature","id":260,"geometry":{"type":"Polygon","coordinates":[[[-80.4082212657845,25.6710751787737],[-80.4162826330582,25.6708056467092],[-80.4165036078383,25.6780715450839],[-80.4167238343218,25.6853374894406],[-80.4167238343218,25.68533752668],[-80.4148062366174,25.6853991699193],[-80.4139498466059,25.685426704348],[-80.4139498160632,25.6854267035384],[-80.4123077891486,25.6854791656258],[-80.4087027564886,25.6855943005756],[-80.4046374737895,25.6857240671909],[-80.4006820550496,25.6858502214643],[-80.400418135409,25.678578609624],[-80.4001581396096,25.6713443337434],[-80.4082212657845,25.6710751787737]]]},"properties":{"OBJECTID":260,"CATEGORY":4,"ZONEID":"D"}},{"type":"Feature","id":273,"geometry":{"type":"Polygon","coordinates":[[[-80.6561622211671,25.6372140962253],[-80.6641794838553,25.6371848321022],[-80.672196716899,25.6371551330673],[-80.6721967483401,25.6371551273982],[-80.6727784101815,25.6516808222707],[-80.664760186296,25.6517105492725],[-80.656741952529,25.6517398349373],[-80.6564520733734,25.6444769667028],[-80.6561622211671,25.6372140962253]]]},"properties":{"OBJECTID":273,"CATEGORY":4,"ZONEID":"D"}},{"type":"Feature","id":275,"geometry":{"type":"Polygon","coordinates":[[[-80.4779028556366,25.5223134176568],[-80.4778934448857,25.5210673550756],[-80.4778935194458,25.5210673648036],[-80.4799284299398,25.5210622868048],[-80.4819634203838,25.5210571925925],[-80.4839984036414,25.5210520651428],[-80.4860333904922,25.5210469117516],[-80.4880691957082,25.5210437023326],[-80.4901050009242,25.521040467783],[-80.4921408070385,25.521037202428],[-80.4941766122545,25.5210339070784],[-80.494183192414,25.522861411406],[-80.4941897743701,25.5246889089792],[-80.4941963554278,25.5265164062806],[-80.4942029337906,25.5283439024969],[-80.4942128655644,25.5301704978568],[-80.4942227982365,25.5319970921537],[-80.4942327327052,25.5338236837637],[-80.4942426680723,25.535650275116],[-80.4922162619291,25.5356634857097],[-80.4901898602775,25.5356766671215],[-80.4881634541343,25.5356898242149],[-80.4861370551776,25.5357029521266],[-80.4841107739003,25.5357153440438],[-80.482084489928,25.5357277027266],[-80.4800582095489,25.5357400395229],[-80.47803200912,25.5357523455165],[-80.4780319318648,25.5357523447059],[-80.4780112364773,25.533925074834],[-80.4779905446831,25.5320978046835],[-80.4779698492956,25.5302705342572],[-80.4779491610946,25.5284432538304],[-80.4779479573521,25.528283997242],[-80.4779352309195,25.5265992855762],[-80.4779264822269,25.5254414102377],[-80.4779213007444,25.524755310869],[-80.477913754896,25.5237565605695],[-80.4779073723659,25.522911334575],[-80.4779028556366,25.5223134176568]]]},"properties":{"OBJECTID":275,"CATEGORY":4,"ZONEID":"D"}},{"type":"Feature","id":276,"geometry":{"type":"Polygon","coordinates":[[[-80.4941766122545,25.5210339070784],[-80.4961984801089,25.5210150153601],[-80.498220341675,25.5209960985082],[-80.5002422059361,25.5209771508481],[-80.5022640701973,25.5209581772437],[-80.5042832673603,25.5209344255782],[-80.5063024609301,25.5209106463453],[-80.5083216580931,25.520886844409],[-80.5103408552561,25.5208630124734],[-80.5103653909415,25.5226997438229],[-80.5103899293218,25.5245364746216],[-80.5104144686004,25.5263732016243],[-80.5104390015908,25.5282099321238],[-80.5104530862762,25.5300412229166],[-80.5104671673683,25.5318725068292],[-80.5104812520536,25.5337037935862],[-80.5104953331457,25.5355350767002],[-80.5084631158009,25.5355509848703],[-80.5064308984562,25.5355668606157],[-80.5043986820097,25.5355827096103],[-80.5023664646649,25.5355985318541],[-80.5003355166397,25.5356115082],[-80.4983045659195,25.535624461038],[-80.4962736187925,25.5356373798309],[-80.4942426680723,25.535650275116],[-80.4942327327053,25.5338236837637],[-80.4942227982366,25.5319970921537],[-80.4942128655645,25.5301704978568],[-80.4942029337907,25.528343902497],[-80.4941963554279,25.5265164062807],[-80.4941897743701,25.5246889089793],[-80.494183192414,25.522861411406],[-80.4941766122545,25.5210339070784]]]},"properties":{"OBJECTID":276,"CATEGORY":4,"ZONEID":"D"}},{"type":"Feature","id":277,"geometry":{"type":"Polygon","coordinates":[[[-80.5103408552561,25.5208630124734],[-80.5123717143482,25.5208461636051],[-80.5144025752369,25.520829291225],[-80.5164334343289,25.5208123888479],[-80.5184642925227,25.5207954564739],[-80.5204968934481,25.5207782987323],[-80.522529498865,25.520761112615],[-80.5245620997904,25.5207438981219],[-80.5265947061057,25.5207266560636],[-80.5265983029601,25.5225522859746],[-80.5266019025095,25.5243779156737],[-80.5266055011605,25.526203545969],[-80.5266090998115,25.5280291744258],[-80.5266290397159,25.5298633958812],[-80.526648978722,25.5316976217155],[-80.5266689204229,25.5335318421987],[-80.5266888630222,25.5353660621917],[-80.5246668550307,25.5353985910632],[-80.5226448542256,25.5354310899348],[-80.5206228480307,25.5354635612384],[-80.5186008418357,25.5354960041633],[-80.516574462642,25.5355058168799],[-80.5145480870416,25.535515597173],[-80.512521714136,25.5355253515271],[-80.5104953331457,25.5355350767002],[-80.5104812520536,25.5337037935862],[-80.5104671673683,25.5318725068292],[-80.5104530862762,25.5300412229166],[-80.5104390015908,25.5282099321238],[-80.5104144686004,25.5263732016243],[-80.5103899293218,25.5245364746216],[-80.5103653909415,25.5226997438229],[-80.5103408552561,25.5208630124734]]]},"properties":{"OBJECTID":277,"CATEGORY":4,"ZONEID":"D"}},{"type":"Feature","id":278,"geometry":{"type":"Polygon","coordinates":[[[-80.5265947061057,25.5207266560636],[-80.5285958641995,25.5207111293729],[-80.5305970222934,25.5206955791708],[-80.5325981821838,25.5206800005933],[-80.5345993402776,25.5206643952618],[-80.5366157993757,25.5206498413631],[-80.5386322548805,25.5206352639532],[-80.5406487139785,25.5206206581682],[-80.5426651712799,25.5206060215761],[-80.5426844572108,25.5224528008691],[-80.5427037494298,25.5242995768713],[-80.5427230416488,25.5261463544438],[-80.5427423302746,25.5279931295308],[-80.5427616189004,25.5298399069931],[-80.5427809057295,25.5316866787219],[-80.5428001916604,25.5335334544416],[-80.5428194811845,25.5353802252331],[-80.5408019503963,25.5353792825435],[-80.5387844160148,25.5353783179685],[-80.5367668852267,25.5353773193497],[-80.5347493526418,25.5353762931716],[-80.5327342302369,25.5353737763604],[-80.5307191069337,25.5353712344215],[-80.5287039818339,25.5353686649233],[-80.5266888630222,25.5353660621917],[-80.5266689204229,25.5335318421987],[-80.526648978722,25.5316976217155],[-80.5266290397159,25.5298633958812],[-80.5266090998115,25.5280291744258],[-80.5266055011605,25.526203545969],[-80.5266019025095,25.5243779156737],[-80.5265983029601,25.5225522859746],[-80.5265947061057,25.5207266560636]]]},"properties":{"OBJECTID":278,"CATEGORY":4,"ZONEID":"D"}},{"type":"Feature","id":279,"geometry":{"type":"Polygon","coordinates":[[[-80.6709998159875,25.5938754793036],[-80.670999905819,25.5938754793036],[-80.6710868986711,25.608103450102],[-80.6710868151278,25.608103450102],[-80.6630718539234,25.6081331109958],[-80.655056810074,25.608162334442],[-80.6545044557688,25.5938783489308],[-80.6545045024812,25.5938783489308],[-80.6709998159875,25.5938754793036]]]},"properties":{"OBJECTID":279,"CATEGORY":4,"ZONEID":"D"}},{"type":"Feature","id":280,"geometry":{"type":"Polygon","coordinates":[[[-80.3968425827617,25.5661181351047],[-80.3988713945932,25.5661005892031],[-80.4009002091197,25.5660830141261],[-80.4029290245444,25.566065406632],[-80.4049578354776,25.566047775635],[-80.4069931556034,25.5660280409409],[-80.4090284730342,25.5660082786914],[-80.4110637922616,25.565988488076],[-80.4130991159806,25.5659686715257],[-80.4131138699109,25.5678241116802],[-80.4131286265361,25.5696795571225],[-80.4131433813646,25.5715350021772],[-80.4131581343965,25.5733904468414],[-80.4131901269971,25.575220659254],[-80.4132221195976,25.5770508736678],[-80.4132541104015,25.5788810844083],[-80.4132860994088,25.5807112930934],[-80.4112381624448,25.5807430852831],[-80.409190222786,25.5807748523462],[-80.4071422813305,25.5808065845598],[-80.4050943407733,25.5808382916468],[-80.4030694653594,25.5808361630946],[-80.401044591742,25.5808340078037],[-80.3990197208197,25.5808318176716],[-80.396994848999,25.580829607283],[-80.3969779606716,25.5789857505615],[-80.3969610768359,25.5771418937964],[-80.3969441885085,25.5752980353698],[-80.3969273010795,25.5734541777154],[-80.3969061206017,25.5716201694913],[-80.3968849437172,25.5697861574854],[-80.3968637596462,25.5679521473729],[-80.3968425827617,25.5661181351047]]]},"properties":{"OBJECTID":280,"CATEGORY":3,"ZONEID":"C"}},{"type":"Feature","id":281,"geometry":{"type":"Polygon","coordinates":[[[-80.5909370683367,25.6083943136709],[-80.5989518265218,25.6083615972455],[-80.6069665891985,25.6083284409412],[-80.6072257298018,25.6155914981585],[-80.6074848964562,25.6228545489274],[-80.5994688312223,25.6228861387602],[-80.59145277048,25.6229172903883],[-80.5911949108744,25.6156558059694],[-80.5909370683367,25.6083943136709]]]},"properties":{"OBJECTID":281,"CATEGORY":5,"ZONEID":"E"}},{"type":"Feature","id":282,"geometry":{"type":"Polygon","coordinates":[[[-80.6069665891985,25.6083284409412],[-80.6149816204715,25.6083018543256],[-80.6229966535411,25.6082748302641],[-80.6232570437009,25.6155378688684],[-80.6235174590136,25.622800896168],[-80.6155011763874,25.622827942054],[-80.6074848964562,25.6228545489274],[-80.6072257298018,25.6155914981585],[-80.6069665891985,25.6083284409412]]]},"properties":{"OBJECTID":282,"CATEGORY":4,"ZONEID":"D"}},{"type":"Feature","id":283,"geometry":{"type":"Polygon","coordinates":[[[-80.6229966535411,25.6082748302641],[-80.6389724686237,25.608219648829],[-80.6395500242659,25.6227454930269],[-80.6235174590136,25.622800896168],[-80.6232570437009,25.6155378688684],[-80.6229966535411,25.6082748302641]]]},"properties":{"OBJECTID":283,"CATEGORY":4,"ZONEID":"D"}},{"type":"Feature","id":284,"geometry":{"type":"Polygon","coordinates":[[[-80.6389724686237,25.608219648829],[-80.655056810074,25.608162334442],[-80.6553377060769,25.6154252697187],[-80.6556186317241,25.6226881928959],[-80.6395500242659,25.6227454930269],[-80.6389724686237,25.608219648829]]]},"properties":{"OBJECTID":284,"CATEGORY":4,"ZONEID":"D"}},{"type":"Feature","id":291,"geometry":{"type":"Polygon","coordinates":[[[-80.2756228556156,25.6306239956813],[-80.2833456236042,25.6304454676007],[-80.2834343466115,25.6378477201524],[-80.2834366157559,25.6396999064205],[-80.2834375886314,25.6404929591661],[-80.2834388857986,25.641552099584],[-80.283440744413,25.6430787833195],[-80.283440744413,25.6430788165229],[-80.2834411567397,25.6434042818234],[-80.2834423937198,25.6444161469556],[-80.2834434249858,25.6452564693327],[-80.2757272497331,25.645368043468],[-80.2680110645989,25.6454792125882],[-80.2679555774605,25.6381406671872],[-80.2679000858304,25.6308021152948],[-80.2756228556156,25.6306239956813]]]},"properties":{"OBJECTID":291,"CATEGORY":1,"ZONEID":"A"}},{"type":"Feature","id":292,"geometry":{"type":"Polygon","coordinates":[[[-80.2990009126068,25.6300246905039],[-80.301042519143,25.6299703500976],[-80.3011096340745,25.6318217960083],[-80.3011767481076,25.6336732399409],[-80.3012438657341,25.6355246851321],[-80.3013109851572,25.6373761299595],[-80.3013767400393,25.639226319131],[-80.3014424985147,25.6410765104014],[-80.3015082578885,25.6429266956694],[-80.3015740163639,25.6447768862701],[-80.2995748803778,25.644829918547],[-80.29757574529,25.6448829248859],[-80.2955766030157,25.644935904477],[-80.2935774670296,25.6449888540811],[-80.2910439583152,25.645055825773],[-80.2885104504992,25.6451227504576],[-80.2859769381916,25.645189632184],[-80.2834434860711,25.6452564669032],[-80.2834434249858,25.6452564693327],[-80.2834423937198,25.6444161469556],[-80.2834411567397,25.6434042818234],[-80.283440744413,25.6430788165229],[-80.283440744413,25.6430787833195],[-80.2834388857986,25.641552099584],[-80.2834375886314,25.6404929591661],[-80.2834366157559,25.6396999064205],[-80.2834343466115,25.6378477201524],[-80.2833456236042,25.6304454676007],[-80.292876085812,25.6301875398702],[-80.2949176950431,25.6301332853901],[-80.2969593060708,25.6300790017281],[-80.2990009126068,25.6300246905039]]]},"properties":{"OBJECTID":292,"CATEGORY":1,"ZONEID":"A"}},{"type":"Feature","id":293,"geometry":{"type":"Polygon","coordinates":[[[-80.301042519143,25.6299703500976],[-80.3030694885298,25.6299132154178],[-80.30509646151,25.6298560547931],[-80.3071234282019,25.6297988633637],[-80.3091503984871,25.6297416467991],[-80.3111778062518,25.6296891877284],[-80.3132052122199,25.6296367010971],[-80.3152326172897,25.629584188525],[-80.3172600205628,25.6295316483922],[-80.3173230221087,25.6313755761631],[-80.3173860245528,25.6332195110982],[-80.3174490287935,25.6350634386163],[-80.3175120339326,25.6369073660039],[-80.3175752726337,25.6387551846701],[-80.3176385158264,25.6406030006503],[-80.3177017581207,25.6424508155615],[-80.3177650013133,25.6442986302107],[-80.3157412685564,25.6443584685049],[-80.3137175295113,25.6444182816643],[-80.3116937904662,25.6444780656399],[-80.3096700523194,25.6445378228613],[-80.3076460464746,25.6445976318817],[-80.3056220370366,25.6446574084791],[-80.3035980284969,25.6447171648008],[-80.3015740163639,25.6447768862701],[-80.3015082578885,25.6429266956694],[-80.3014424985147,25.6410765104014],[-80.3013767400393,25.639226319131],[-80.3013109851572,25.6373761299595],[-80.3012438657341,25.6355246851321],[-80.3011767481076,25.6336732399409],[-80.3011096340745,25.6318217960083],[-80.301042519143,25.6299703500976]]]},"properties":{"OBJECTID":293,"CATEGORY":2,"ZONEID":"B"}},{"type":"Feature","id":294,"geometry":{"type":"Polygon","coordinates":[[[-80.3172600205628,25.6295316483922],[-80.3193045151826,25.6294782683387],[-80.321349008904,25.6294248615337],[-80.3233935008288,25.6293714247373],[-80.3254379918553,25.6293179611893],[-80.3274787378054,25.6292637233228],[-80.3295194864504,25.629209457084],[-80.3315602332987,25.6291551592332],[-80.3336009756556,25.6291008378696],[-80.3336999430504,25.630924340434],[-80.3337989113436,25.6327478467409],[-80.33389788323,25.6345713486886],[-80.3339968569131,25.6363948495141],[-80.3340242716989,25.6382587755313],[-80.334051690078,25.6401227016018],[-80.3340791048638,25.6419866261031],[-80.334106520548,25.6438505474127],[-80.3320659362947,25.6439045454213],[-80.3300253385666,25.6439585174908],[-80.3279847480251,25.6440124587623],[-80.3259441538903,25.6440663708555],[-80.323899370013,25.6441244778479],[-80.3218545816442,25.6441825564679],[-80.3198097941737,25.6442406034763],[-80.3177650013133,25.6442986302107],[-80.3177017581207,25.6424508155615],[-80.3176385158264,25.6406030006503],[-80.3175752726337,25.6387551846701],[-80.3175120339326,25.6369073660039],[-80.3174490287935,25.6350634386163],[-80.3173860245528,25.6332195110982],[-80.3173230221087,25.6313755761631],[-80.3172600205628,25.6295316483922]]]},"properties":{"OBJECTID":294,"CATEGORY":2,"ZONEID":"B"}},{"type":"Feature","id":301,"geometry":{"type":"Polygon","coordinates":[[[-80.3205667559546,25.782623205976],[-80.3206260052375,25.7826232876738],[-80.3285918645285,25.7826339868435],[-80.3344366594998,25.7826291165253],[-80.3366169012371,25.7826272463748],[-80.3366169910686,25.7826272463748],[-80.3368181876411,25.7898998566805],[-80.337031773778,25.7971545228006],[-80.3289981815146,25.7971578622926],[-80.3209655414654,25.797160892018],[-80.3207647949488,25.789893461999],[-80.3205667559546,25.782623205976]]]},"properties":{"OBJECTID":301,"CATEGORY":5,"ZONEID":"E"}},{"type":"Feature","id":302,"geometry":{"type":"Polygon","coordinates":[[[-80.3209655414654,25.797160892018],[-80.312892330803,25.7971163576342],[-80.3048191327171,25.7970713783991],[-80.3046850932969,25.7898418038632],[-80.3045510592666,25.7826122228854],[-80.3125589022207,25.7826179344486],[-80.3205667559546,25.782623205976],[-80.3207647949488,25.789893461999],[-80.3209655414654,25.797160892018]]]},"properties":{"OBJECTID":302,"CATEGORY":5,"ZONEID":"E"}},{"type":"Feature","id":303,"geometry":{"type":"Polygon","coordinates":[[[-80.3525987637781,25.7825719264689],[-80.3526641198083,25.7825718277845],[-80.3526641225032,25.7825719013933],[-80.3528739455974,25.7898411058348],[-80.3530837722848,25.7971103483259],[-80.3450579423638,25.7971051437632],[-80.337031773778,25.7971545228006],[-80.3368181876411,25.7898998566805],[-80.3366169910686,25.7826272463748],[-80.3388615719432,25.7826150006093],[-80.3446381713097,25.7825833415099],[-80.3472936146457,25.7825795801764],[-80.3525987637781,25.7825719264689]]]},"properties":{"OBJECTID":303,"CATEGORY":5,"ZONEID":"E"}},{"type":"Feature","id":304,"geometry":{"type":"Polygon","coordinates":[[[-80.1119777170133,25.8424235902939],[-80.119897751445,25.8422017721691],[-80.1278177733003,25.8419795210897],[-80.1280667009571,25.8492765559367],[-80.1283173219382,25.8565735350602],[-80.1203424363753,25.8567700101234],[-80.1123675319477,25.8569660483343],[-80.112172619989,25.8496948201274],[-80.1119777170133,25.8424235902939]]]},"properties":{"OBJECTID":304,"CATEGORY":2,"ZONEID":"B"}},{"type":"Feature","id":311,"geometry":{"type":"Polygon","coordinates":[[[-80.4471379556574,25.7134274867702],[-80.4311099008461,25.7139552716463],[-80.4305467083669,25.6994363168518],[-80.4465796554032,25.6989102127801],[-80.4471379556574,25.7134274867702]]]},"properties":{"OBJECTID":311,"CATEGORY":5,"ZONEID":"E"}},{"type":"Feature","id":312,"geometry":{"type":"Polygon","coordinates":[[[-80.4631585284006,25.7129162113772],[-80.4471379556574,25.7134274867702],[-80.4465796554032,25.6989102127801],[-80.4625981287837,25.6983949288933],[-80.4631585284006,25.7129162113772]]]},"properties":{"OBJECTID":312,"CATEGORY":5,"ZONEID":"E"}},{"type":"Feature","id":313,"geometry":{"type":"Polygon","coordinates":[[[-80.6166508124403,25.6518796626519],[-80.6086325912497,25.6519063075892],[-80.6083456253305,25.6446433790324],[-80.6080586854625,25.6373804425522],[-80.6160759355742,25.6373538186679],[-80.6240931883809,25.6373267550146],[-80.6243810993278,25.6445896704666],[-80.6246690363258,25.6518525788087],[-80.6166508124403,25.6518796626519]]]},"properties":{"OBJECTID":313,"CATEGORY":5,"ZONEID":"E"}},{"type":"Feature","id":314,"geometry":{"type":"Polygon","coordinates":[[[-80.6326872629062,25.6518250544399],[-80.6246690363258,25.6518525788087],[-80.6243810993278,25.6445896704666],[-80.6240931883809,25.6373267550146],[-80.6321104438825,25.6372992475425],[-80.6401277002824,25.6372713043501],[-80.6404165832064,25.6445341988811],[-80.6407054894867,25.651797086306],[-80.6326872629062,25.6518250544399]]]},"properties":{"OBJECTID":314,"CATEGORY":5,"ZONEID":"E"}},{"type":"Feature","id":315,"geometry":{"type":"Polygon","coordinates":[[[-80.6401277002824,25.6372713043501],[-80.6481449593773,25.6372429197679],[-80.6561622211671,25.6372140962253],[-80.6564520733734,25.6444769667028],[-80.656741952529,25.6517398349373],[-80.6487237205587,25.651768680885],[-80.6407054894867,25.651797086306],[-80.6404165832064,25.6445341988811],[-80.6401277002824,25.6372713043501]]]},"properties":{"OBJECTID":315,"CATEGORY":4,"ZONEID":"D"}},{"type":"Feature","id":323,"geometry":{"type":"Polygon","coordinates":[[[-80.2602203534322,25.6606607899486],[-80.2520537350483,25.6608146655223],[-80.2518881297274,25.6533533777168],[-80.2517225306947,25.6458920791656],[-80.2598668061808,25.6456858740198],[-80.2680110645989,25.6454792125882],[-80.268199008326,25.6529928368108],[-80.2683869655279,25.6605064566848],[-80.2602203534322,25.6606607899486]]]},"properties":{"OBJECTID":323,"CATEGORY":1,"ZONEID":"A"}},{"type":"Feature","id":324,"geometry":{"type":"Polygon","coordinates":[[[-80.2757272497331,25.645368043468],[-80.2834434249858,25.6452564693327],[-80.2834916169058,25.6471055564855],[-80.2835105174594,25.6478306651298],[-80.2835398088258,25.6489546441396],[-80.2835880025425,25.6508037306727],[-80.2836104712044,25.6516658607837],[-80.2836361998525,25.6526528144625],[-80.2836694959085,25.6539386686018],[-80.2836840800571,25.6545018679744],[-80.2837051850764,25.6553168776498],[-80.2837319656516,25.6563509203579],[-80.283749931059,25.6570445806983],[-80.2837798539411,25.6581999724201],[-80.283827737739,25.6600489852914],[-80.2838277440272,25.6600490217289],[-80.2761073808287,25.6602779689821],[-80.2683869655279,25.6605064566848],[-80.268199008326,25.6529928368108],[-80.2680110645989,25.6454792125882],[-80.2757272497331,25.645368043468]]]},"properties":{"OBJECTID":324,"CATEGORY":1,"ZONEID":"A"}},{"type":"Feature","id":325,"geometry":{"type":"Polygon","coordinates":[[[-80.2995748803778,25.644829918547],[-80.3015740163639,25.6447768862701],[-80.3016419119314,25.6466409259665],[-80.3017098110922,25.6485049681292],[-80.3017777093546,25.6503690062768],[-80.3018456085153,25.6522330468849],[-80.3019107498481,25.6540980155096],[-80.3019758920793,25.6559629865599],[-80.3020410325138,25.6578279567937],[-80.3021061774399,25.6596929262082],[-80.3000688998852,25.6597328432205],[-80.2980316151439,25.659772731879],[-80.2959943375891,25.6598125897547],[-80.2939570546445,25.6598524217059],[-80.2914247254181,25.6599016391515],[-80.2888923961918,25.6599508096129],[-80.2863600696604,25.6599999387581],[-80.2838277440272,25.6600490217289],[-80.283827737739,25.6600489852914],[-80.2837798539411,25.6581999724201],[-80.283749931059,25.6570445806983],[-80.2837319656516,25.6563509203579],[-80.2837051850764,25.6553168776498],[-80.2836840800571,25.6545018679744],[-80.2836694959085,25.6539386686018],[-80.2836361998525,25.6526528144625],[-80.2836104712044,25.6516658607837],[-80.2835880025425,25.6508037306727],[-80.2835398088258,25.6489546441396],[-80.2835105174594,25.6478306651298],[-80.2834916169058,25.6471055564855],[-80.2834434249858,25.6452564693327],[-80.2834434860711,25.6452564669032],[-80.2859769381916,25.645189632184],[-80.2885104504992,25.6451227504576],[-80.2910439583152,25.645055825773],[-80.2935774670296,25.6449888540811],[-80.2955766030157,25.644935904477],[-80.29757574529,25.6448829248859],[-80.2995748803778,25.644829918547]]]},"properties":{"OBJECTID":325,"CATEGORY":3,"ZONEID":"C"}},{"type":"Feature","id":326,"geometry":{"type":"Polygon","coordinates":[[[-80.3015740163639,25.6447768862701],[-80.3035980284969,25.6447171648008],[-80.3056220370366,25.6446574084791],[-80.3076460464746,25.6445976318817],[-80.3096700523194,25.6445378228613],[-80.3116937904662,25.6444780656399],[-80.3137175295113,25.6444182816643],[-80.3157412685564,25.6443584685049],[-80.3177650013133,25.6442986302107],[-80.317835276518,25.6461681152978],[-80.3179055517227,25.6480376018717],[-80.3179758269273,25.6499070891197],[-80.3180461048269,25.6517765746094],[-80.3181158778734,25.6536464445966],[-80.3181856527164,25.6555163136175],[-80.3182554311528,25.6573861784304],[-80.3183252077925,25.6592560471298],[-80.3162970580193,25.6593093150797],[-80.3142689073478,25.6593625538556],[-80.312240758473,25.6594157634575],[-80.3102126051065,25.659468945505],[-80.3081860004357,25.659524984243],[-80.3061593885783,25.6595809921851],[-80.3041327848057,25.6596369749995],[-80.3021061774399,25.6596929262082],[-80.3020410325138,25.6578279567937],[-80.3019758920793,25.6559629865599],[-80.3019107498481,25.6540980155096],[-80.3018456085153,25.6522330468849],[-80.3017777093546,25.6503690062768],[-80.3017098110922,25.6485049681292],[-80.3016419119314,25.6466409259665],[-80.3015740163639,25.6447768862701]]]},"properties":{"OBJECTID":326,"CATEGORY":3,"ZONEID":"C"}},{"type":"Feature","id":327,"geometry":{"type":"Polygon","coordinates":[[[-80.4976140857577,25.6813294203862],[-80.5056323788135,25.6813024913848],[-80.5096620154639,25.6812887916993],[-80.5136506736659,25.6812751171091],[-80.5136506601912,25.6812751503018],[-80.5103573573079,25.6887615937349],[-80.5103573438331,25.6887616277351],[-80.5023371445523,25.6887749695597],[-80.4943169964755,25.6887878685712],[-80.4976140857577,25.6813294203862]]]},"properties":{"OBJECTID":327,"CATEGORY":5,"ZONEID":"E"}},{"type":"Feature","id":328,"geometry":{"type":"Polygon","coordinates":[[[-80.4863017972176,25.6887157072699],[-80.4782752010336,25.6886247341012],[-80.4782751668976,25.6886247341012],[-80.4782030294854,25.6867438378662],[-80.4780729067199,25.6833509247641],[-80.4804922979521,25.6832724755167],[-80.4816482500597,25.6832349877958],[-80.4815902170958,25.6816248504731],[-80.4815826065687,25.6814134796667],[-80.4895983421208,25.6813716771205],[-80.4976140857578,25.6813294203862],[-80.4943169964756,25.6887878685712],[-80.4863017972176,25.6887157072699]]]},"properties":{"OBJECTID":328,"CATEGORY":5,"ZONEID":"E"}},{"type":"Feature","id":330,"geometry":{"type":"Polygon","coordinates":[[[-80.2338130847764,25.8536881222663],[-80.2419863569816,25.8534396171829],[-80.2422491267786,25.860806600791],[-80.2425119181352,25.8681735763105],[-80.2425118786093,25.8681735763105],[-80.2343383108584,25.8683960756112],[-80.2302306806784,25.86850771996],[-80.2261646883103,25.8686181169944],[-80.2259022392118,25.8612771431402],[-80.22563979191,25.8539361636133],[-80.2338130847764,25.8536881222663]]]},"properties":{"OBJECTID":330,"CATEGORY":5,"ZONEID":"E"}},{"type":"Feature","id":339,"geometry":{"type":"Polygon","coordinates":[[[-80.1262339491312,25.7745330883082],[-80.1259915827693,25.7659082455007],[-80.1340084807414,25.7659932150139],[-80.1420254065613,25.7660777427515],[-80.1422596701195,25.7743745837514],[-80.1424939516438,25.7826714189655],[-80.1373029074172,25.7828292798877],[-80.1344851474924,25.7829148892474],[-80.1264763316629,25.7831579036273],[-80.1262339491312,25.7745330883082]]]},"properties":{"OBJECTID":339,"CATEGORY":2,"ZONEID":"B"}},{"type":"Feature","id":340,"geometry":{"type":"Polygon","coordinates":[[[-80.1420254065613,25.7660777427515],[-80.1497156007394,25.7661584106856],[-80.157405816477,25.7662386732558],[-80.1573276298096,25.7741957121483],[-80.157249419786,25.7821527456967],[-80.1498716929015,25.7824122694682],[-80.1424939516438,25.7826714189655],[-80.1422596701195,25.7743745837514],[-80.1420254065613,25.7660777427515]]]},"properties":{"OBJECTID":340,"CATEGORY":2,"ZONEID":"B"}},{"type":"Feature","id":341,"geometry":{"type":"Polygon","coordinates":[[[-80.157405816477,25.7662386732558],[-80.1655780726876,25.7663235219915],[-80.1737503504578,25.766407911964],[-80.173716032119,25.7739914498429],[-80.1736816985088,25.781574984381],[-80.1654655667831,25.7818640987565],[-80.157249419786,25.7821527456967],[-80.1573276298096,25.7741957121483],[-80.157405816477,25.7662386732558]]]},"properties":{"OBJECTID":341,"CATEGORY":2,"ZONEID":"B"}},{"type":"Feature","id":342,"geometry":{"type":"Polygon","coordinates":[[[-80.2883517011206,25.7779922620261],[-80.288351781969,25.7779922684975],[-80.2964137475206,25.7777221891395],[-80.3026461897915,25.7775130906891],[-80.3044757660728,25.7774516731567],[-80.3045510592667,25.7826121549388],[-80.3045510592666,25.7826122228854],[-80.2987945462299,25.7826274097703],[-80.2965419964004,25.782633293626],[-80.2938502431606,25.7826402767609],[-80.2885330808579,25.7826539251364],[-80.2885329910264,25.7826539243275],[-80.2884511922332,25.7805505975528],[-80.2884423402344,25.7803230610701],[-80.2884322880864,25.7800644751034],[-80.2883517011206,25.7779922620261]]]},"properties":{"OBJECTID":342,"CATEGORY":5,"ZONEID":"E"}},{"type":"Feature","id":343,"geometry":{"type":"Polygon","coordinates":[[[-80.3044757660728,25.7774516731567],[-80.3124389133499,25.7771799836148],[-80.3204020211011,25.7769078825154],[-80.3206260052375,25.7826232545094],[-80.3206260052375,25.7826232876738],[-80.3205667559546,25.782623205976],[-80.3125589022207,25.7826179344486],[-80.3045510592666,25.7826122228854],[-80.3045510592667,25.7826121549388],[-80.3044757660728,25.7774516731567]]]},"properties":{"OBJECTID":343,"CATEGORY":5,"ZONEID":"E"}},{"type":"Feature","id":344,"geometry":{"type":"Polygon","coordinates":[[[-80.3204020211011,25.7769078825154],[-80.3235216733519,25.7768519904571],[-80.3285286581667,25.7767621581592],[-80.3366539827936,25.776622982718],[-80.3366169910686,25.7826272463748],[-80.3366169012371,25.7826272463748],[-80.3344366594998,25.7826291165253],[-80.3285918645285,25.7826339868435],[-80.3206260052375,25.7826232876738],[-80.3206260052375,25.7826232545094],[-80.3204020211011,25.7769078825154]]]},"properties":{"OBJECTID":344,"CATEGORY":5,"ZONEID":"E"}},{"type":"Feature","id":345,"geometry":{"type":"Polygon","coordinates":[[[-80.3366539827936,25.776622982718],[-80.3420049172594,25.7764452461986],[-80.3450937572959,25.7763425532009],[-80.3535335973752,25.7760638978208],[-80.3526641198083,25.7825718277845],[-80.3525987637781,25.7825719264689],[-80.3472936146457,25.7825795801764],[-80.3446381713097,25.7825833415099],[-80.3388615719432,25.7826150006093],[-80.3366169910686,25.7826272463748],[-80.3366539827936,25.776622982718]]]},"properties":{"OBJECTID":345,"CATEGORY":5,"ZONEID":"E"}},{"type":"Feature","id":346,"geometry":{"type":"Polygon","coordinates":[[[-80.3524037745642,25.7617996481999],[-80.3604076298967,25.7615550990311],[-80.3684114627714,25.7613101092441],[-80.3689947290039,25.7684613542177],[-80.3695780500337,25.775612582515],[-80.3615558322384,25.7758384672888],[-80.3571896327837,25.7759612158181],[-80.3535335973752,25.7760638978208],[-80.3529686549778,25.7689317741364],[-80.3524037745642,25.7617996481999]]]},"properties":{"OBJECTID":346,"CATEGORY":5,"ZONEID":"E"}},{"type":"Feature","id":347,"geometry":{"type":"Polygon","coordinates":[[[-80.4945650842075,25.5794843392073],[-80.4965977408284,25.5794905831391],[-80.498630399246,25.579496804383],[-80.500663053172,25.5795029859235],[-80.5026957124879,25.5795091480171],[-80.5047282675992,25.5794925529026],[-80.5067608281004,25.5794759294264],[-80.5087933877032,25.5794592800193],[-80.5108259455095,25.5794426006299],[-80.5108384698212,25.5812842926001],[-80.5108509842514,25.5831259837796],[-80.5108635103597,25.5849676741657],[-80.5108760274849,25.5868093621351],[-80.5109512110843,25.594137008836],[-80.5107573402729,25.5941376431989],[-80.5105174820072,25.5941384323041],[-80.5085146790981,25.5941482288751],[-80.508514604538,25.5941482280649],[-80.5065117126957,25.5941580060012],[-80.5045088253449,25.5941677555807],[-80.5027768258664,25.5941761627088],[-80.5025843725966,25.5941771227595],[-80.5025059370959,25.5941775205527],[-80.5018310175516,25.5941807344946],[-80.5005030784912,25.5941870667781],[-80.4990648972809,25.5941939110883],[-80.4985002189883,25.5941965935588],[-80.4980114725917,25.5941989155038],[-80.4964973603837,25.5942060927929],[-80.4946647190506,25.5942147648435],[-80.4946213232359,25.5869324765119],[-80.494607262805,25.5850704431065],[-80.4945932032725,25.5832084058445],[-80.4945791446383,25.5813463736412],[-80.4945650842075,25.5794843392073]]]},"properties":{"OBJECTID":347,"CATEGORY":4,"ZONEID":"D"}},{"type":"Feature","id":348,"geometry":{"type":"Polygon","coordinates":[[[-80.5108259455095,25.5794426006299],[-80.5128585347568,25.5794272589927],[-80.514891126699,25.5794118833222],[-80.5169237159463,25.5793964849623],[-80.5189563087868,25.5793810558101],[-80.5209939762104,25.5793655756089],[-80.5230316544138,25.5793500670462],[-80.5250693290239,25.5793345301222],[-80.5271070000408,25.5793189624058],[-80.5271185604602,25.5811576656179],[-80.5271301190829,25.5829963681313],[-80.5271416795023,25.5848350715639],[-80.5271532390234,25.5866737734822],[-80.5272016878616,25.5940825735244],[-80.5265408601891,25.5940854147907],[-80.5245379315159,25.5940920687167],[-80.5225350818944,25.5940987072492],[-80.522535001046,25.5940987072492],[-80.520532112797,25.5941053190457],[-80.5205320732711,25.5941053190457],[-80.5190739548514,25.5941101136309],[-80.5185291472928,25.5941118320011],[-80.516526231196,25.594118525624],[-80.5165261808903,25.594118525624],[-80.5145233177941,25.594125192511],[-80.5136083621177,25.5941282298373],[-80.5125204043922,25.5941318318518],[-80.5109512110843,25.594137008836],[-80.5108760274849,25.5868093621351],[-80.5108635103597,25.5849676741657],[-80.5108509842514,25.5831259837796],[-80.5108384698212,25.5812842926001],[-80.5108259455095,25.5794426006299]]]},"properties":{"OBJECTID":348,"CATEGORY":4,"ZONEID":"D"}},{"type":"Feature","id":349,"geometry":{"type":"Polygon","coordinates":[[[-80.5413208550335,25.5792095572706],[-80.5433514051051,25.5791938104681],[-80.5433337918373,25.5810462081585],[-80.5433161767729,25.5828986071589],[-80.5432985653018,25.5847510034152],[-80.5432809484407,25.5866034017861],[-80.5432104486572,25.5940128818683],[-80.5425650962622,25.5940158657263],[-80.5425650154138,25.5940158657263],[-80.5405620544012,25.594024700635],[-80.5385590071504,25.5940335128583],[-80.5373943755205,25.5940386250331],[-80.5365559643911,25.5940422983453],[-80.5355789234504,25.5940465760444],[-80.5352060866749,25.5940482028663],[-80.5345529198352,25.5940511243402],[-80.5325499040253,25.5940597283478],[-80.5314425310117,25.5940644743247],[-80.5305468900122,25.5940683072396],[-80.5291567111774,25.5940742457864],[-80.5285438751006,25.5940768593951],[-80.5281903413239,25.594078364691],[-80.5272016878616,25.5940825735244],[-80.5271532390234,25.5866737734822],[-80.5271416795023,25.5848350715639],[-80.5271301190829,25.5829963681313],[-80.5271185604602,25.5811576656179],[-80.5271070000408,25.5793189624058],[-80.5291375510107,25.5793034214263],[-80.5311680992857,25.5792878496546],[-80.5331986493572,25.5792722470905],[-80.5352292003271,25.5792566194061],[-80.5372597503987,25.579240960119],[-80.5392903013686,25.5792252692293],[-80.5413208550335,25.5792095572706]]]},"properties":{"OBJECTID":349,"CATEGORY":5,"ZONEID":"E"}},{"type":"Feature","id":350,"geometry":{"type":"Polygon","coordinates":[[[-80.5433337918373,25.5810462081585],[-80.5433514051051,25.5791938104681],[-80.5453304924907,25.5792041859858],[-80.5473095798763,25.5792145323328],[-80.5492886672619,25.5792248535605],[-80.5512677591391,25.5792351456176],[-80.5532468492196,25.5792454230889],[-80.5552259428934,25.5792556762513],[-80.5572050347706,25.5792658994327],[-80.5591841266478,25.5792760926334],[-80.5591876282808,25.5811088467805],[-80.5591911290155,25.5829415971707],[-80.5591946297501,25.5847743502831],[-80.5591981331797,25.5866071028741],[-80.5592121316268,25.5939381622506],[-80.5585805027943,25.593941092639],[-80.5585804560819,25.593941092639],[-80.5579243346833,25.5939441874922],[-80.5565785308269,25.5939505351815],[-80.5545766064701,25.5939599566587],[-80.5531329338585,25.5939667337378],[-80.5525746812151,25.5939693481589],[-80.5512113045151,25.5939757306842],[-80.5507731494386,25.5939777804162],[-80.55057275596,25.5939787121126],[-80.5485708405864,25.5939880428485],[-80.5477940565804,25.5939916537791],[-80.5465689261111,25.5939973444175],[-80.5445670107375,25.5940066143892],[-80.5432104486572,25.5940128818683],[-80.5432809484407,25.5866034017861],[-80.5432985653018,25.5847510034152],[-80.5433161767729,25.5828986071589],[-80.5433337918373,25.5810462081585]]]},"properties":{"OBJECTID":350,"CATEGORY":4,"ZONEID":"D"}},{"type":"Feature","id":351,"geometry":{"type":"Polygon","coordinates":[[[-80.5671527258003,25.5792333703148],[-80.5751213150714,25.5791902047628],[-80.5751357869306,25.5814124014062],[-80.5751690964614,25.5865266293014],[-80.5752168787496,25.593863069097],[-80.574609148697,25.5938659492567],[-80.5692687784189,25.5938911472078],[-80.5672145029424,25.5939007914868],[-80.5665948827886,25.5939036927101],[-80.5658512843459,25.5939071780667],[-80.5645912758873,25.5939130850249],[-80.562941454291,25.5939207986643],[-80.5625876707827,25.5939224433117],[-80.5625875989175,25.5939224425015],[-80.5622993663738,25.5939237922466],[-80.5605840647798,25.5939317870148],[-80.5592121316268,25.5939381622506],[-80.5591981331797,25.5866071028741],[-80.5591946297501,25.5847743502831],[-80.5591911290155,25.5829415971707],[-80.5591876282808,25.5811088467805],[-80.5591841266478,25.5792760926334],[-80.5611762746393,25.5792654521635],[-80.5631684262241,25.5792547865744],[-80.5651605778089,25.5792440918145],[-80.5671527258003,25.5792333703148]]]},"properties":{"OBJECTID":351,"CATEGORY":4,"ZONEID":"D"}},{"type":"Feature","id":352,"geometry":{"type":"Polygon","coordinates":[[[-80.6225980512866,25.5791791202569],[-80.6385344761423,25.5791719461177],[-80.6384024040326,25.593879366506],[-80.622480607343,25.5938786324907],[-80.6225980512866,25.5791791202569]]]},"properties":{"OBJECTID":352,"CATEGORY":4,"ZONEID":"D"}},{"type":"Feature","id":353,"geometry":{"type":"Polygon","coordinates":[[[-80.6385344761423,25.5791719461177],[-80.654591058752,25.5791629634532],[-80.6545044557688,25.5938783489308],[-80.6507028744196,25.5938787515859],[-80.6384024040326,25.593879366506],[-80.6385344761423,25.5791719461177]]]},"properties":{"OBJECTID":353,"CATEGORY":4,"ZONEID":"D"}},{"type":"Feature","id":354,"geometry":{"type":"Polygon","coordinates":[[[-80.654591058752,25.5791629634532],[-80.6709098101859,25.5791520264141],[-80.6709998159875,25.5938754793036],[-80.6545045024812,25.5938783489308],[-80.6545044557688,25.5938783489308],[-80.654591058752,25.5791629634532]]]},"properties":{"OBJECTID":354,"CATEGORY":4,"ZONEID":"D"}},{"type":"Feature","id":355,"geometry":{"type":"Polygon","coordinates":[[[-80.3075601819065,25.5815284518604],[-80.2996242499892,25.5815130918547],[-80.2994917107556,25.57426977838],[-80.2993591724203,25.5670264569533],[-80.3072968704254,25.5669693740405],[-80.3152345738204,25.5669118591819],[-80.3153653532544,25.5742276231085],[-80.3154961246036,25.5815433775675],[-80.3075601819065,25.5815284518604]]]},"properties":{"OBJECTID":355,"CATEGORY":1,"ZONEID":"A"}},{"type":"Feature","id":357,"geometry":{"type":"Polygon","coordinates":[[[-80.3236826370777,25.5814754952001],[-80.3154961246036,25.5815433775675],[-80.3153653532544,25.5742276231085],[-80.3152345738204,25.5669118591819],[-80.3234617808752,25.5668258109051],[-80.3316889879301,25.5667392147665],[-80.3317792371752,25.5740731336027],[-80.3318693337066,25.581407099092],[-80.3236826370777,25.5814754952001]]]},"properties":{"OBJECTID":357,"CATEGORY":1,"ZONEID":"A"}},{"type":"Feature","id":358,"geometry":{"type":"Polygon","coordinates":[[[-80.3316889879301,25.5667392147665],[-80.3397733260239,25.566651100769],[-80.3478577835936,25.5665625961149],[-80.3479491323766,25.57390868604],[-80.3480403634802,25.5812547700837],[-80.3399548324237,25.5813311578377],[-80.3318693337066,25.581407099092],[-80.3317792371752,25.5740731336027],[-80.3316889879301,25.5667392147665]]]},"properties":{"OBJECTID":358,"CATEGORY":2,"ZONEID":"B"}},{"type":"Feature","id":359,"geometry":{"type":"Polygon","coordinates":[[[-80.3478577835936,25.5665625961149],[-80.35601233401,25.5664918357797],[-80.3641670703776,25.5664205689294],[-80.3642472890342,25.5737596802848],[-80.3643276882521,25.5810988425261],[-80.3561840586547,25.5811770048434],[-80.3480403634802,25.5812547700837],[-80.3479491323766,25.57390868604],[-80.3478577835936,25.5665625961149]]]},"properties":{"OBJECTID":359,"CATEGORY":2,"ZONEID":"B"}},{"type":"Feature","id":360,"geometry":{"type":"Polygon","coordinates":[[[-80.5257215948535,25.4330158681171],[-80.527739741886,25.4330018122649],[-80.5297578880201,25.4329877247719],[-80.5317760395442,25.4329736145621],[-80.5337941865767,25.4329594751453],[-80.535802984842,25.4329620289858],[-80.5378117947854,25.4329645552435],[-80.5398205975423,25.4329670539183],[-80.5418294020958,25.4329695233878],[-80.5418461377095,25.4347910110778],[-80.5418628778149,25.4366124996221],[-80.5418796107336,25.4384339849619],[-80.5418963472457,25.4402554711507],[-80.5419130774695,25.442076954941],[-80.541929812185,25.4438984387638],[-80.5419465451038,25.4457199242387],[-80.5419632753276,25.4475414073072],[-80.5399496360412,25.4475490857466],[-80.5379359985515,25.447556741473],[-80.5359223592652,25.4475643647525],[-80.5339087235721,25.4475719628856],[-80.5318944401936,25.4475768128094],[-80.5298801577135,25.4475816343423],[-80.5278658716401,25.4475864315403],[-80.52585158916,25.4475911954805],[-80.5258353422298,25.4457692808105],[-80.5258190944013,25.4439473669658],[-80.525802850166,25.4421254466482],[-80.5257866023374,25.4403035304058],[-80.5257703518139,25.4384816174304],[-80.5257540959006,25.4366596988011],[-80.5257378453771,25.4348377850666],[-80.5257215948535,25.4330158681171]]]},"properties":{"OBJECTID":360,"CATEGORY":4,"ZONEID":"D"}},{"type":"Feature","id":361,"geometry":{"type":"Polygon","coordinates":[[[-80.5418294020958,25.4329695233878],[-80.5438665772426,25.4329633018497],[-80.5459037532877,25.4329570502948],[-80.5479409293329,25.4329507695342],[-80.549978105378,25.432944462813],[-80.5520152832197,25.4329381163399],[-80.5540524601632,25.4329317422836],[-80.5560896398016,25.4329253422667],[-80.5581268176433,25.4329189114217],[-80.5581301971054,25.4347408476847],[-80.5581335711776,25.4365627839773],[-80.5581369461481,25.4383847227305],[-80.558140322017,25.4402066574518],[-80.5581436906993,25.4420285889498],[-80.5581470602799,25.4438505204669],[-80.5581504217757,25.4456724511892],[-80.5581537895597,25.4474943819251],[-80.556129980446,25.4475003553088],[-80.554106173129,25.4475063003016],[-80.5520823703035,25.4475122185258],[-80.5500585602915,25.447518107548],[-80.5480347386014,25.4475239779132],[-80.5460109205045,25.4475298117759],[-80.5439870997127,25.4475356229258],[-80.5419632753276,25.4475414073072],[-80.5419465451038,25.4457199242387],[-80.541929812185,25.4438984387638],[-80.5419130774695,25.442076954941],[-80.5418963472457,25.4402554711507],[-80.5418796107336,25.4384339849619],[-80.5418628778149,25.4366124996221],[-80.5418461377095,25.4347910110778],[-80.5418294020958,25.4329695233878]]]},"properties":{"OBJECTID":361,"CATEGORY":3,"ZONEID":"C"}},{"type":"Feature","id":362,"geometry":{"type":"Polygon","coordinates":[[[-80.5581268176433,25.4329189114217],[-80.5601306131908,25.4329017273453],[-80.5621344087383,25.43288451325],[-80.5641382033875,25.432867276437],[-80.5661420025282,25.4328500079824],[-80.5741571344125,25.4327806380296],[-80.574206945995,25.4401126577254],[-80.5742425534162,25.4453611933567],[-80.5742566937971,25.4474447243086],[-80.5662052358393,25.4474697623988],[-80.5641923753923,25.4474759604751],[-80.5621795131487,25.4474821285382],[-80.5601666500067,25.4474882690215],[-80.5581537895597,25.4474943819251],[-80.5581504217757,25.4456724511892],[-80.5581470602799,25.4438505204669],[-80.5581436906993,25.4420285889498],[-80.558140322017,25.4402066574518],[-80.5581369461481,25.4383847227305],[-80.5581335711776,25.4365627839773],[-80.5581301971054,25.4347408476847],[-80.5581268176433,25.4329189114217]]]},"properties":{"OBJECTID":362,"CATEGORY":3,"ZONEID":"C"}},{"type":"Feature","id":363,"geometry":{"type":"Polygon","coordinates":[[[-80.5742425534162,25.4453611933567],[-80.574206945995,25.4401126577254],[-80.5741571344125,25.4327806380296],[-80.5903388846807,25.4326467412278],[-80.5903339520315,25.447320153507],[-80.5742566937971,25.4474447243086],[-80.5742425534162,25.4453611933567]]]},"properties":{"OBJECTID":363,"CATEGORY":3,"ZONEID":"C"}},{"type":"Feature","id":364,"geometry":{"type":"Polygon","coordinates":[[[-80.5903339520315,25.447320153507],[-80.5903388846807,25.4326467412278],[-80.6063259529588,25.4325127031177],[-80.6063135687843,25.4471946043149],[-80.5903339520315,25.447320153507]]]},"properties":{"OBJECTID":364,"CATEGORY":3,"ZONEID":"C"}},{"type":"Feature","id":365,"geometry":{"type":"Polygon","coordinates":[[[-80.6063135687843,25.4471946043149],[-80.6063259529588,25.4325127031177],[-80.6223149382418,25.4323769109101],[-80.6222941440396,25.44706731018],[-80.6063135687843,25.4471946043149]]]},"properties":{"OBJECTID":365,"CATEGORY":3,"ZONEID":"C"}},{"type":"Feature","id":366,"geometry":{"type":"Polygon","coordinates":[[[-80.6223149382418,25.4323769109101],[-80.6383068574225,25.4322393516187],[-80.6382761952269,25.4469382662299],[-80.6222941440396,25.44706731018],[-80.6223149382418,25.4323769109101]]]},"properties":{"OBJECTID":366,"CATEGORY":3,"ZONEID":"C"}},{"type":"Feature","id":367,"geometry":{"type":"Polygon","coordinates":[[[-80.6383068574225,25.4322393516187],[-80.6542902902187,25.4321001234004],[-80.654254006366,25.4468075113949],[-80.6382761952269,25.4469382662299],[-80.6383068574225,25.4322393516187]]]},"properties":{"OBJECTID":367,"CATEGORY":3,"ZONEID":"C"}},{"type":"Feature","id":368,"geometry":{"type":"Polygon","coordinates":[[[-80.6542902902187,25.4321001234004],[-80.6700099560878,25.431961497791],[-80.6700559219826,25.4394800412929],[-80.6700999205669,25.4466761196528],[-80.6700998594815,25.4466761196528],[-80.654254006366,25.4468075113949],[-80.6542902902187,25.4321001234004]]]},"properties":{"OBJECTID":368,"CATEGORY":3,"ZONEID":"C"}},{"type":"Feature","id":369,"geometry":{"type":"Polygon","coordinates":[[[-80.4120548873449,25.4186034865209],[-80.4200803211089,25.4186025080271],[-80.4281057270251,25.4186010451545],[-80.4280563466339,25.4259781194153],[-80.4280067371723,25.4333552102581],[-80.4199877811599,25.4333484533113],[-80.4119688044862,25.4333413402229],[-80.4120117457534,25.4259724110724],[-80.4120548873449,25.4186034865209]]]},"properties":{"OBJECTID":369,"CATEGORY":2,"ZONEID":"B"}},{"type":"Feature","id":370,"geometry":{"type":"Polygon","coordinates":[[[-80.5426651712799,25.5206060215761],[-80.5447078378281,25.5205971350439],[-80.5467505034779,25.5205882185164],[-80.5487931655345,25.5205792752362],[-80.550835832981,25.5205703043927],[-80.5528427546656,25.5205724745489],[-80.5548496745537,25.5205746195744],[-80.556856598035,25.5205767346052],[-80.5588635215163,25.5205788245053],[-80.558894209763,25.5224176314273],[-80.5589248989081,25.5242564344927],[-80.5589555853582,25.5260952401842],[-80.5589862754016,25.5279340452562],[-80.5590169690382,25.5297728553803],[-80.5590476563866,25.5316116656899],[-80.5590783509215,25.5334504721294],[-80.5591090427615,25.5352892836125],[-80.5570728467784,25.535300748283],[-80.5550366507952,25.5353121813403],[-80.5530004557104,25.5353235868372],[-80.5509642597272,25.5353349663948],[-80.5489280637441,25.5353463216344],[-80.5468918695575,25.5353576525558],[-80.5448556762693,25.5353689534852],[-80.5428194811845,25.5353802252331],[-80.5428001916604,25.5335334544416],[-80.5427809057295,25.5316866787219],[-80.5427616189004,25.5298399069931],[-80.5427423302746,25.5279931295308],[-80.5427230416488,25.5261463544438],[-80.5427037494298,25.5242995768713],[-80.5426844572108,25.5224528008691],[-80.5426651712799,25.5206060215761]]]},"properties":{"OBJECTID":370,"CATEGORY":4,"ZONEID":"D"}},{"type":"Feature","id":371,"geometry":{"type":"Polygon","coordinates":[[[-80.5588635215163,25.5205788245053],[-80.5608492240956,25.5205693088933],[-80.5628349203868,25.5205597681498],[-80.5648206238644,25.520550194979],[-80.5668063237488,25.5205405966766],[-80.5747490334549,25.5205019699873],[-80.5747491169982,25.5205019699873],[-80.5747967636409,25.527838445042],[-80.5748444004021,25.5351749481054],[-80.5669767278701,25.5352323104089],[-80.5650098054701,25.5352465950513],[-80.5630428839684,25.5352608529433],[-80.5610759651616,25.5352750816531],[-80.5591090427615,25.5352892836125],[-80.5590783509215,25.5334504721294],[-80.5590476563866,25.5316116656899],[-80.5590169690382,25.5297728553803],[-80.5589862754016,25.5279340452562],[-80.5589555853582,25.5260952401842],[-80.5589248989081,25.5242564344927],[-80.558894209763,25.5224176314273],[-80.5588635215163,25.5205788245053]]]},"properties":{"OBJECTID":371,"CATEGORY":4,"ZONEID":"D"}},{"type":"Feature","id":372,"geometry":{"type":"Polygon","coordinates":[[[-80.5747491169982,25.5205019699873],[-80.5907077059869,25.5204656634173],[-80.5908045677308,25.535147064543],[-80.5748444004021,25.5351749481054],[-80.5747967636409,25.527838445042],[-80.5747491169982,25.5205019699873]]]},"properties":{"OBJECTID":372,"CATEGORY":4,"ZONEID":"D"}},{"type":"Feature","id":373,"geometry":{"type":"Polygon","coordinates":[[[-80.3829649815529,25.7148676159059],[-80.3826136989543,25.7082309231107],[-80.3825858673501,25.707701850182],[-80.3822299584278,25.7009764141944],[-80.3903510322268,25.700718073997],[-80.3984745548333,25.7004542184687],[-80.3990318759238,25.7149859646908],[-80.3910158403343,25.715239377365],[-80.382988995317,25.7154927263705],[-80.3829649815529,25.7148676159059]]]},"properties":{"OBJECTID":373,"CATEGORY":4,"ZONEID":"D"}},{"type":"Feature","id":374,"geometry":{"type":"Polygon","coordinates":[[[-80.3984745548333,25.7004542184687],[-80.414522828925,25.699947740004],[-80.4150998752225,25.7144797277413],[-80.3990318759238,25.7149859646908],[-80.3984745548333,25.7004542184687]]]},"properties":{"OBJECTID":374,"CATEGORY":4,"ZONEID":"D"}},{"type":"Feature","id":375,"geometry":{"type":"Polygon","coordinates":[[[-80.4311099008461,25.7139552716463],[-80.4150998752225,25.7144797277413],[-80.414522828925,25.699947740004],[-80.4305467083669,25.6994363168518],[-80.4311099008461,25.7139552716463]]]},"properties":{"OBJECTID":375,"CATEGORY":5,"ZONEID":"E"}},{"type":"Feature","id":379,"geometry":{"type":"Polygon","coordinates":[[[-80.2366935372266,25.7060094304022],[-80.2447065311205,25.7058077980074],[-80.2527195097431,25.7056057249503],[-80.2528999130117,25.7129832719739],[-80.2532008782762,25.7202891946398],[-80.2451792596572,25.7205612781629],[-80.237157620377,25.7208329159434],[-80.2369255711661,25.713421179428],[-80.2366935372266,25.7060094304022]]]},"properties":{"OBJECTID":379,"CATEGORY":1,"ZONEID":"A"}},{"type":"Feature","id":380,"geometry":{"type":"Polygon","coordinates":[[[-80.2613719990163,25.7199431083161],[-80.2532008782762,25.7202891946398],[-80.2528999130117,25.7129832719739],[-80.2527195097431,25.7056057249503],[-80.2608707615457,25.7053623811156],[-80.2690219872973,25.7051185802724],[-80.2692825292724,25.712357587433],[-80.2695430883154,25.7195965661487],[-80.2613719990163,25.7199431083161]]]},"properties":{"OBJECTID":380,"CATEGORY":2,"ZONEID":"B"}},{"type":"Feature","id":381,"geometry":{"type":"Polygon","coordinates":[[[-80.2772114166012,25.7047855915429],[-80.2854008126674,25.7044521437495],[-80.2855613910161,25.7089390042847],[-80.2856600457972,25.7116954535987],[-80.2858134034876,25.7159801515083],[-80.2859193004864,25.718938760393],[-80.2777312132655,25.7192678935725],[-80.2695430883154,25.7195965661487],[-80.2692825292724,25.712357587433],[-80.2690219872973,25.7051185802724],[-80.2772114166012,25.7047855915429]]]},"properties":{"OBJECTID":381,"CATEGORY":3,"ZONEID":"C"}},{"type":"Feature","id":382,"geometry":{"type":"Polygon","coordinates":[[[-80.2934110720896,25.7041081959925],[-80.3014213009691,25.7037638109612],[-80.3019353304494,25.7109548785944],[-80.302282444865,25.7183750230776],[-80.2941010096688,25.7186599614319],[-80.2859193319275,25.718938760393],[-80.2859193004864,25.718938760393],[-80.2858134034876,25.7159801515083],[-80.2856600457972,25.7116954535987],[-80.2855613910161,25.7089390042847],[-80.2854008126674,25.7044521437495],[-80.2854008845326,25.7044521380836],[-80.2934110720896,25.7041081959925]]]},"properties":{"OBJECTID":382,"CATEGORY":3,"ZONEID":"C"}},{"type":"Feature","id":383,"geometry":{"type":"Polygon","coordinates":[[[-80.2175228548529,25.8541749296663],[-80.2094058980328,25.8544132425339],[-80.2091290642117,25.8470469503441],[-80.2088485320266,25.839680768525],[-80.2170491839833,25.8394057483275],[-80.2252498143806,25.8391302642186],[-80.2254455518911,25.8465618210515],[-80.22563979191,25.8539361636133],[-80.2175228548529,25.8541749296663]]]},"properties":{"OBJECTID":383,"CATEGORY":5,"ZONEID":"E"}},{"type":"Feature","id":395,"geometry":{"type":"Polygon","coordinates":[[[-80.2832651165884,25.6156304052387],[-80.2837002829699,25.6156260132884],[-80.2835229797874,25.6230352258753],[-80.283522967211,25.6230357474984],[-80.2833456236042,25.6304454303442],[-80.2833456236042,25.6304454676007],[-80.2756228556156,25.6306239956813],[-80.2679000858304,25.6308021152948],[-80.2680821132531,25.6232915677363],[-80.2675688949515,25.6157798367572],[-80.275982192509,25.6157037164405],[-80.2832651165884,25.6156304052387]]]},"properties":{"OBJECTID":395,"CATEGORY":1,"ZONEID":"A"}},{"type":"Feature","id":396,"geometry":{"type":"Polygon","coordinates":[[[-80.2922187427046,25.615477986161],[-80.3007371925577,25.6153294598742],[-80.3008732918148,25.6226191067678],[-80.3009155997698,25.624456917492],[-80.3009579041314,25.6262947282902],[-80.3010002093914,25.6281325407795],[-80.301042519143,25.6299703500976],[-80.2990009126068,25.6300246905039],[-80.2969593060708,25.6300790017281],[-80.2949176950431,25.6301332853901],[-80.292876085812,25.6301875398702],[-80.2833456236042,25.6304454676007],[-80.2833456236042,25.6304454303442],[-80.283522967211,25.6230357474984],[-80.2835229797874,25.6230352258753],[-80.2837002829699,25.6156260132884],[-80.2922187427046,25.615477986161]]]},"properties":{"OBJECTID":396,"CATEGORY":1,"ZONEID":"A"}},{"type":"Feature","id":397,"geometry":{"type":"Polygon","coordinates":[[[-80.1594226546641,25.5408201870828],[-80.175404607935,25.5407983992126],[-80.1754459151667,25.5553252484572],[-80.159452916211,25.555347005322],[-80.1594226546641,25.5408201870828]]]},"properties":{"OBJECTID":397,"CATEGORY":1,"ZONEID":"A"}},{"type":"Feature","id":398,"geometry":{"type":"Polygon","coordinates":[[[-80.175404607935,25.5407983992126],[-80.1594226546641,25.5408201870828],[-80.1593459978276,25.5262472948085],[-80.1753630554632,25.5262012770178],[-80.175404607935,25.5407983992126]]]},"properties":{"OBJECTID":398,"CATEGORY":1,"ZONEID":"A"}},{"type":"Feature","id":399,"geometry":{"type":"Polygon","coordinates":[[[-80.4133877554613,25.5965684061552],[-80.4133877985804,25.5965684037248],[-80.4138980201022,25.5965494842159],[-80.4154283513927,25.5964927070377],[-80.4169486035857,25.596436289541],[-80.4174689446291,25.5964169730356],[-80.4179910319976,25.5963975917148],[-80.4195095378656,25.5963412106302],[-80.4211303950822,25.5962810112579],[-80.4215501418819,25.5962654173908],[-80.422087189793,25.5962454462523],[-80.4235866352074,25.596189684055],[-80.4243758581851,25.5961603272475],[-80.4256231384144,25.5961139215056],[-80.4276596425197,25.5960381313628],[-80.4284222421273,25.5960097418456],[-80.4296961421334,25.5959623176775],[-80.4298598969249,25.6036630028854],[-80.4300293730864,25.611112644951],[-80.4220922068839,25.611314191237],[-80.4141520178505,25.6115166444412],[-80.4138032352633,25.604164818212],[-80.4133877554613,25.5965684061552]]]},"properties":{"OBJECTID":399,"CATEGORY":4,"ZONEID":"D"}},{"type":"Feature","id":400,"geometry":{"type":"Polygon","coordinates":[[[-80.4296961421334,25.5959623176775],[-80.4317141463337,25.5958902930521],[-80.4337321523307,25.5958182538005],[-80.435750159226,25.5957461748077],[-80.4377681212055,25.5956740714667],[-80.4377681589347,25.5956740714667],[-80.4398382357771,25.5956000180278],[-80.4410422468541,25.5955569369653],[-80.4419083072296,25.5955259378077],[-80.4439783795805,25.595451823515],[-80.4439784478524,25.5954518210845],[-80.446048451033,25.5953776816309],[-80.4462039017979,25.6032052067419],[-80.4464092270275,25.6106758489176],[-80.4381587068944,25.6108439600541],[-80.4300293730864,25.611112644951],[-80.4298598969249,25.6036630028854],[-80.4296961421334,25.5959623176775]]]},"properties":{"OBJECTID":400,"CATEGORY":4,"ZONEID":"D"}},{"type":"Feature","id":403,"geometry":{"type":"Polygon","coordinates":[[[-80.34727996205,25.4781249543679],[-80.3553742292226,25.4781092567352],[-80.3634685026834,25.4780931155085],[-80.3635355780891,25.4855318325891],[-80.3636145373076,25.4928034409798],[-80.3554911728046,25.4928938496259],[-80.347367837946,25.4929838073694],[-80.3473246253876,25.4856278654535],[-80.34727996205,25.4781249543679]]]},"properties":{"OBJECTID":403,"CATEGORY":1,"ZONEID":"A"}},{"type":"Feature","id":404,"geometry":{"type":"Polygon","coordinates":[[[-80.3958025259021,25.4779367886223],[-80.403927007011,25.4778904709175],[-80.4119820896709,25.4778175627674],[-80.4121966495816,25.4850779096862],[-80.4122968386852,25.4923327534854],[-80.4041590858663,25.4924129813611],[-80.3959913706395,25.4925004704058],[-80.3958979790876,25.485300685864],[-80.3958025259021,25.4779367886223]]]},"properties":{"OBJECTID":404,"CATEGORY":2,"ZONEID":"B"}},{"type":"Feature","id":405,"geometry":{"type":"Polygon","coordinates":[[[-80.4204456048495,25.4922883849546],[-80.4122968386852,25.4923327534854],[-80.4121966495816,25.4850779096862],[-80.4119820896709,25.4778175627674],[-80.4200644011654,25.4777539238033],[-80.4281618735269,25.4776896765881],[-80.428485129587,25.4850104722209],[-80.428630408728,25.492187904986],[-80.4204456048495,25.4922883849546]]]},"properties":{"OBJECTID":405,"CATEGORY":2,"ZONEID":"B"}},{"type":"Feature","id":406,"geometry":{"type":"Polygon","coordinates":[[[-80.4367301753868,25.4921200968932],[-80.428630408728,25.492187904986],[-80.428485129587,25.4850104722209],[-80.4281618735269,25.4776896765881],[-80.4362501992423,25.4775650373468],[-80.444653052088,25.4774489795374],[-80.4448076808945,25.4847011804243],[-80.4448787241587,25.4920423151862],[-80.4367301753868,25.4921200968932]]]},"properties":{"OBJECTID":406,"CATEGORY":3,"ZONEID":"C"}},{"type":"Feature","id":407,"geometry":{"type":"Polygon","coordinates":[[[-80.4529790046539,25.4919929565146],[-80.4448787241587,25.4920423151862],[-80.4448076808945,25.4847011804243],[-80.444653052088,25.4774489795374],[-80.4527763105898,25.4773775292235],[-80.4609022137318,25.4773039046853],[-80.4609980891254,25.4846120436092],[-80.4610850370617,25.4919249277576],[-80.4529790046539,25.4919929565146]]]},"properties":{"OBJECTID":407,"CATEGORY":3,"ZONEID":"C"}},{"type":"Feature","id":408,"geometry":{"type":"Polygon","coordinates":[[[-80.4609022137318,25.4773039046853],[-80.4690143223442,25.4772290912349],[-80.4774291569192,25.4771493008746],[-80.4774292350727,25.4771493016856],[-80.4774416686545,25.4785138603956],[-80.4774458664819,25.4789747108731],[-80.4774512779331,25.4795689323758],[-80.477462497891,25.4808001134324],[-80.477471290601,25.4817653825468],[-80.4774791293002,25.4826255223358],[-80.4774891329392,25.4837235992292],[-80.4774957607094,25.4844509254166],[-80.4775103179085,25.4856721740038],[-80.4775175511432,25.4862791835233],[-80.4775393496619,25.4881074373375],[-80.4775496380669,25.4889707777005],[-80.4775611365025,25.4899356917218],[-80.4775829215465,25.4917639482952],[-80.4692338993458,25.4918475197313],[-80.4610850370617,25.4919249277576],[-80.4609980891254,25.4846120436092],[-80.4609022137318,25.4773039046853]]]},"properties":{"OBJECTID":408,"CATEGORY":4,"ZONEID":"D"}},{"type":"Feature","id":409,"geometry":{"type":"Polygon","coordinates":[[[-80.4774292350727,25.4771493016856],[-80.4794854032995,25.4771393455252],[-80.4815415688315,25.477129368279],[-80.4835977379567,25.4771193529169],[-80.4856539070819,25.4771093140361],[-80.4876669669549,25.4770981981986],[-80.4896800295228,25.4770870588423],[-80.4916930858026,25.4770758894794],[-80.4937061456756,25.4770646925428],[-80.493725436098,25.4788884932818],[-80.4937447355036,25.4807122923071],[-80.493764028621,25.4825360912379],[-80.4937833244333,25.4843598876389],[-80.4938001058611,25.4861935209602],[-80.4938168899839,25.4880271514471],[-80.4938336741066,25.4898607839622],[-80.4938504582294,25.4916944136375],[-80.4917847525892,25.4917080417978],[-80.4897190397624,25.4917216431982],[-80.4876533359188,25.4917352162169],[-80.4855876275836,25.4917487543669],[-80.4835864533201,25.4917525946086],[-80.4815852754634,25.4917564056591],[-80.4795841020982,25.4917601891401],[-80.4775829215465,25.4917639482952],[-80.4775611365025,25.4899356917218],[-80.4775496380669,25.4889707777005],[-80.4775393496619,25.4881074373375],[-80.4775175511432,25.4862791835233],[-80.4775103179085,25.4856721740038],[-80.4774957607094,25.4844509254166],[-80.4774891329392,25.4837235992292],[-80.4774791293002,25.4826255223358],[-80.477471290601,25.4817653825468],[-80.477462497891,25.4808001134324],[-80.4774512779331,25.4795689323758],[-80.4774458664819,25.4789747108731],[-80.4774416686545,25.4785138603956],[-80.4774292350727,25.4771493016856]]]},"properties":{"OBJECTID":409,"CATEGORY":4,"ZONEID":"D"}},{"type":"Feature","id":410,"geometry":{"type":"Polygon","coordinates":[[[-80.4937061456757,25.4770646925428],[-80.4957190645132,25.4770539846146],[-80.4977319797575,25.4770432474908],[-80.499744898595,25.4770324803605],[-80.5017578138392,25.4770216880895],[-80.5037658611129,25.4770120773881],[-80.5057739083866,25.4770024366803],[-80.5077819529654,25.4769927708319],[-80.5097900029341,25.4769830782211],[-80.5098062193216,25.4787956745021],[-80.5098224348108,25.4806082734631],[-80.5098386547916,25.482420867803],[-80.509854873874,25.4842334664394],[-80.5098804102826,25.4860641524452],[-80.5099059466912,25.487894840572],[-80.5099314813031,25.4897255227081],[-80.5099570177117,25.4915562077706],[-80.5079416105409,25.4915735529428],[-80.5059262042683,25.4915908705431],[-80.5039107970975,25.4916081581391],[-80.50189538813,25.4916254181632],[-80.4998841581252,25.4916427089976],[-80.4978729254255,25.4916599722602],[-80.4958616918275,25.491677207951],[-80.4938504582294,25.4916944136375],[-80.4938336741067,25.4898607839622],[-80.4938168899839,25.4880271514471],[-80.4938001058611,25.4861935209602],[-80.4937833244333,25.4843598876389],[-80.493764028621,25.4825360912379],[-80.4937447355036,25.4807122923071],[-80.4937254360981,25.4788884932818],[-80.4937061456757,25.4770646925428]]]},"properties":{"OBJECTID":410,"CATEGORY":4,"ZONEID":"D"}},{"type":"Feature","id":411,"geometry":{"type":"Polygon","coordinates":[[[-80.5097900029341,25.4769830782211],[-80.5118409447626,25.4769700995933],[-80.5138918937777,25.4769570925805],[-80.5159428391995,25.4769440596155],[-80.5179937882146,25.4769309950216],[-80.520055750575,25.4769233281885],[-80.5221177147321,25.4769156321602],[-80.5241796833807,25.4769079069369],[-80.5262416493344,25.4769001533294],[-80.5262546587364,25.4787188848845],[-80.526267664545,25.4805376156906],[-80.5262806694554,25.4823563465561],[-80.5262936788574,25.4841750750455],[-80.5263138675951,25.4860018047457],[-80.5263340581294,25.487828531011],[-80.5263542504603,25.4896552546498],[-80.526374441893,25.491481979714],[-80.5243159245717,25.491489839415],[-80.5222574081486,25.4914976715461],[-80.5201988926239,25.4915054761074],[-80.5181403797941,25.4915132498554],[-80.5160945385998,25.4915240343385],[-80.5140486965071,25.4915347863862],[-80.5120028580077,25.4915455051875],[-80.5099570177117,25.4915562077706],[-80.5099314813031,25.4897255227081],[-80.5099059466912,25.487894840572],[-80.5098804102826,25.4860641524452],[-80.509854873874,25.4842334664394],[-80.5098386547916,25.482420867803],[-80.5098224348108,25.4806082734631],[-80.5098062193216,25.4787956745021],[-80.5097900029341,25.4769830782211]]]},"properties":{"OBJECTID":411,"CATEGORY":4,"ZONEID":"D"}},{"type":"Feature","id":412,"geometry":{"type":"Polygon","coordinates":[[[-80.5262416493344,25.4769001533294],[-80.5282442474276,25.4768855941275],[-80.5302468383343,25.4768710081622],[-80.5322494337326,25.4768563921895],[-80.5342520282326,25.4768417518861],[-80.5362546128511,25.4768270783315],[-80.5382572010628,25.4768123715256],[-80.5402597892746,25.4767976468767],[-80.5422623747914,25.4767828881656],[-80.5422830863486,25.4786196213511],[-80.5423037988041,25.4804563532405],[-80.5423245148528,25.4822930830202],[-80.5423452273083,25.4841298147421],[-80.5423657268631,25.4859475100717],[-80.5423862300112,25.487765205484],[-80.542406729566,25.4895829017872],[-80.5424272291207,25.4914005957352],[-80.5404206290329,25.4914108612755],[-80.5384140280468,25.4914210968128],[-80.536407427959,25.4914313072126],[-80.5344008242779,25.4914414908529],[-80.5323942268851,25.4914516542208],[-80.5303876330855,25.4914617916402],[-80.5283810365909,25.491471897435],[-80.526374441893,25.491481979714],[-80.5263542504603,25.4896552546498],[-80.5263340581294,25.487828531011],[-80.5263138675951,25.4860018047457],[-80.5262936788574,25.4841750750455],[-80.5262806694554,25.4823563465561],[-80.526267664545,25.4805376156906],[-80.5262546587364,25.4787188848845],[-80.5262416493344,25.4769001533294]]]},"properties":{"OBJECTID":412,"CATEGORY":4,"ZONEID":"D"}},{"type":"Feature","id":413,"geometry":{"type":"Polygon","coordinates":[[[-80.5422623747914,25.4767828881656],[-80.544270695153,25.4767681148554],[-80.5462790074297,25.4767533139706],[-80.5482873224014,25.4767384814564],[-80.550295640068,25.4767236319102],[-80.5523039487515,25.4767087596551],[-80.5543122664181,25.4766938622584],[-80.5563205724067,25.4766789348541],[-80.5583288801918,25.4766639831191],[-80.5583472390613,25.4784955702025],[-80.5583656042189,25.4803271569578],[-80.5583839630884,25.4821587401388],[-80.5584023246528,25.4839903286629],[-80.5584206960987,25.4858219225272],[-80.5584390675445,25.4876535128089],[-80.5584574380921,25.4894851059924],[-80.5584758077414,25.4913166955881],[-80.5564697358629,25.4913272773727],[-80.554463659493,25.4913378332087],[-80.5524575885129,25.4913483606636],[-80.5504515175328,25.4913588605481],[-80.548445447451,25.4913693369166],[-80.5464393737759,25.4913797840931],[-80.5444332992026,25.4913902028884],[-80.5424272291207,25.4914005957352],[-80.542406729566,25.4895829017872],[-80.5423862300112,25.487765205484],[-80.5423657268631,25.4859475100717],[-80.5423452273083,25.4841298147421],[-80.5423245148528,25.4822930830202],[-80.5423037988041,25.4804563532405],[-80.5422830863486,25.4786196213511],[-80.5422623747914,25.4767828881656]]]},"properties":{"OBJECTID":413,"CATEGORY":4,"ZONEID":"D"}},{"type":"Feature","id":414,"geometry":{"type":"Polygon","coordinates":[[[-80.6063908256954,25.4764643731834],[-80.606301193593,25.4618281799292],[-80.6222733749903,25.4617214203875],[-80.6223587050608,25.4763772317242],[-80.6063908256954,25.4764643731834]]]},"properties":{"OBJECTID":414,"CATEGORY":3,"ZONEID":"C"}},{"type":"Feature","id":429,"geometry":{"type":"Polygon","coordinates":[[[-80.1905163982245,25.7809791413406],[-80.1985968618845,25.7807432278877],[-80.2066772294247,25.7805068674512],[-80.2066773003916,25.7805068650245],[-80.2068501542186,25.7878749545781],[-80.2070230188253,25.7952430400979],[-80.1989074229529,25.7954954428475],[-80.1907918207923,25.7957473921321],[-80.1906541045676,25.7883632774408],[-80.1905163982245,25.7809791413406]]]},"properties":{"OBJECTID":429,"CATEGORY":5,"ZONEID":"E"}},{"type":"Feature","id":436,"geometry":{"type":"Polygon","coordinates":[[[-80.2148448422436,25.780232674874],[-80.2230123598411,25.7799580222039],[-80.2230123625361,25.7799581039035],[-80.2231444840531,25.7873575286738],[-80.2232766082651,25.7947570288282],[-80.2151498238758,25.7950002615817],[-80.2070230188253,25.7952430400979],[-80.2068501542186,25.7878749545781],[-80.2066773003916,25.7805068650245],[-80.2148448422436,25.780232674874]]]},"properties":{"OBJECTID":436,"CATEGORY":2,"ZONEID":"B"}},{"type":"Feature","id":437,"geometry":{"type":"Polygon","coordinates":[[[-80.2311832892401,25.7797149697209],[-80.2393542006728,25.7794714605147],[-80.2393541916896,25.7794714912533],[-80.2395924464625,25.7868796003694],[-80.2398200939286,25.7942878881335],[-80.2315483609783,25.7945226948847],[-80.2232766082651,25.7947570288282],[-80.2231444840531,25.7873575286738],[-80.2230123625361,25.7799581039035],[-80.2230123598411,25.7799580222039],[-80.2311832892401,25.7797149697209]]]},"properties":{"OBJECTID":437,"CATEGORY":3,"ZONEID":"C"}},{"type":"Feature","id":438,"geometry":{"type":"Polygon","coordinates":[[[-80.247518677473,25.77920903036],[-80.2556831273238,25.7789461442063],[-80.2556831273238,25.7789461814164],[-80.2558900928771,25.7864008572316],[-80.2560970701084,25.7938555659472],[-80.2479585905525,25.7940719569396],[-80.2398200939286,25.7942878881335],[-80.2395924464625,25.7868796003694],[-80.2393541916896,25.7794714912533],[-80.2393542006728,25.7794714605147],[-80.247518677473,25.77920903036]]]},"properties":{"OBJECTID":438,"CATEGORY":3,"ZONEID":"C"}},{"type":"Feature","id":439,"geometry":{"type":"Polygon","coordinates":[[[-80.2640194042273,25.7787421731994],[-80.2719238385157,25.7787267265598],[-80.2721366332369,25.7860057933796],[-80.2723494432293,25.7932848668005],[-80.2642232714911,25.793570443994],[-80.2560970701084,25.7938555659472],[-80.2558900928771,25.7864008572316],[-80.2556831273238,25.7789461814164],[-80.2556831273238,25.7789461442063],[-80.2640193727862,25.7787421731994],[-80.2640194042273,25.7787421731994]]]},"properties":{"OBJECTID":439,"CATEGORY":3,"ZONEID":"C"}},{"type":"Feature","id":440,"geometry":{"type":"Polygon","coordinates":[[[-80.2719238385157,25.7787267218412],[-80.280137789132,25.7783597280319],[-80.2801378735736,25.7783597256051],[-80.2822163748168,25.778266783349],[-80.2883517011206,25.7779922620261],[-80.2884322880864,25.7800644751034],[-80.2884423402344,25.7803230610701],[-80.2884511922332,25.7805505975528],[-80.2885329910264,25.7826539243275],[-80.2885890207473,25.7848898747455],[-80.2886027308351,25.7854370397993],[-80.288714237813,25.7898868545925],[-80.288714240508,25.7898869387118],[-80.2887893315809,25.7928834928334],[-80.288789240851,25.7928834920246],[-80.2805693945916,25.793084413735],[-80.2723494432293,25.7932848668005],[-80.2721366332369,25.7860057933796],[-80.2719238385157,25.7787267218412]]]},"properties":{"OBJECTID":440,"CATEGORY":3,"ZONEID":"C"}},{"type":"Feature","id":444,"geometry":{"type":"Polygon","coordinates":[[[-80.1527690121194,25.8561699512481],[-80.1606036365305,25.8559717411959],[-80.1609463761507,25.8634660660024],[-80.1612891454154,25.8709603698778],[-80.1591489290139,25.8710427098699],[-80.1532633370539,25.8712689396526],[-80.1467237652789,25.8715200277006],[-80.1452374981498,25.8715770446682],[-80.1450859352933,25.8639723972248],[-80.1449343805217,25.8563677325239],[-80.1527690121194,25.8561699512481]]]},"properties":{"OBJECTID":444,"CATEGORY":3,"ZONEID":"C"}},{"type":"Feature","id":445,"geometry":{"type":"Polygon","coordinates":[[[-80.168671297401,25.855700175941],[-80.1767389349153,25.85542815898],[-80.1771111581415,25.8628641762758],[-80.1774834173003,25.8703001889118],[-80.1693864578768,25.8706305041557],[-80.1657136994309,25.8707801843623],[-80.1612891454154,25.8709603698778],[-80.1609463761507,25.8634660660024],[-80.1606036365305,25.8559717411959],[-80.168671297401,25.855700175941]]]},"properties":{"OBJECTID":445,"CATEGORY":3,"ZONEID":"C"}},{"type":"Feature","id":446,"geometry":{"type":"Polygon","coordinates":[[[-80.1767389349153,25.85542815898],[-80.1849066258877,25.8551952433736],[-80.1930742935039,25.8549618721822],[-80.1933837226951,25.8623193663529],[-80.1936931779374,25.8696768479223],[-80.1855883097461,25.8699887439374],[-80.1774834173003,25.8703001889118],[-80.1771111581415,25.8628641762758],[-80.1767389349153,25.85542815898]]]},"properties":{"OBJECTID":446,"CATEGORY":3,"ZONEID":"C"}},{"type":"Feature","id":447,"geometry":{"type":"Polygon","coordinates":[[[-80.1930742935039,25.8549618721822],[-80.2012401114889,25.8546877864525],[-80.2094058980328,25.8544132425339],[-80.2096580362684,25.8618214348662],[-80.2099104071677,25.869229602618],[-80.2050763112141,25.8693631154433],[-80.2018018019849,25.8694534570585],[-80.1936931779374,25.8696768479223],[-80.1933837226951,25.8623193663529],[-80.1930742935039,25.8549618721822]]]},"properties":{"OBJECTID":447,"CATEGORY":4,"ZONEID":"D"}},{"type":"Feature","id":449,"geometry":{"type":"Polygon","coordinates":[[[-80.5521293539893,25.63753461136],[-80.5441163196712,25.6375721523226],[-80.5438573659175,25.630312913005],[-80.543598438215,25.6230536665479],[-80.5516101636878,25.6230165438276],[-80.5596218900588,25.6229789804697],[-80.5598821266067,25.6302378086848],[-80.5601423901041,25.6374966322429],[-80.5521293539893,25.63753461136]]]},"properties":{"OBJECTID":449,"CATEGORY":5,"ZONEID":"E"}},{"type":"Feature","id":450,"geometry":{"type":"Polygon","coordinates":[[[-80.5751354141298,25.6083835607605],[-80.5751354913849,25.6083835607605],[-80.5753996374009,25.6156423798233],[-80.5756638049766,25.6229011921415],[-80.575663749281,25.6229011913316],[-80.567642845721,25.622940305815],[-80.5596218900588,25.6229789804697],[-80.5593594185025,25.6157195313389],[-80.5590969712006,25.6084600761944],[-80.5671162299453,25.6084220376083],[-80.5751354141298,25.6083835607605]]]},"properties":{"OBJECTID":450,"CATEGORY":5,"ZONEID":"E"}},{"type":"Feature","id":451,"geometry":{"type":"Polygon","coordinates":[[[-80.5751354913849,25.6083835607605],[-80.5830362767167,25.6083891486449],[-80.5909370683367,25.6083943136709],[-80.5911949108744,25.6156558059694],[-80.59145277048,25.6229172903883],[-80.5835582859317,25.6229094555035],[-80.5756638049766,25.6229011921415],[-80.5753996374009,25.6156423798233],[-80.5751354913849,25.6083835607605]]]},"properties":{"OBJECTID":451,"CATEGORY":5,"ZONEID":"E"}},{"type":"Feature","id":457,"geometry":{"type":"Polygon","coordinates":[[[-80.2157126947582,25.8097958945515],[-80.2075482871281,25.8100558802325],[-80.2072856421969,25.8026494635374],[-80.2070230188253,25.7952430400979],[-80.2151498238758,25.7950002615817],[-80.2232766082651,25.7947570288282],[-80.2235768297246,25.8021462432055],[-80.2238770772353,25.8095354521903],[-80.2157126947582,25.8097958945515]]]},"properties":{"OBJECTID":457,"CATEGORY":5,"ZONEID":"E"}},{"type":"Feature","id":458,"geometry":{"type":"Polygon","coordinates":[[[-80.23205734552,25.8093177680042],[-80.2238770772353,25.8095354521903],[-80.2235768297246,25.8021462432055],[-80.2232766082651,25.7947570288282],[-80.2315483609783,25.7945226948847],[-80.2398200939286,25.7942878881335],[-80.2400288381461,25.8016937574068],[-80.2402375958384,25.8090996192197],[-80.23205734552,25.8093177680042]]]},"properties":{"OBJECTID":458,"CATEGORY":5,"ZONEID":"E"}},{"type":"Feature","id":459,"geometry":{"type":"Polygon","coordinates":[[[-80.2483660888233,25.8088503969844],[-80.2402375958384,25.8090996192197],[-80.2400288381461,25.8016937574068],[-80.2398200939286,25.7942878881335],[-80.2479585905525,25.7940719569396],[-80.2560970701084,25.7938555659472],[-80.256295807992,25.8012281444871],[-80.2564945584519,25.8086007189203],[-80.2483660888233,25.8088503969844]]]},"properties":{"OBJECTID":459,"CATEGORY":4,"ZONEID":"D"}},{"type":"Feature","id":460,"geometry":{"type":"Polygon","coordinates":[[[-80.2560970701084,25.7938555659472],[-80.2642232714911,25.793570443994],[-80.2723494432293,25.7932848668005],[-80.2725216017603,25.8007270734792],[-80.272693768376,25.8081692730213],[-80.2645941732954,25.808385220585],[-80.2564945584519,25.8086007189203],[-80.256295807992,25.8012281444871],[-80.2560970701084,25.7938555659472]]]},"properties":{"OBJECTID":460,"CATEGORY":5,"ZONEID":"E"}},{"type":"Feature","id":463,"geometry":{"type":"Polygon","coordinates":[[[-80.1101844964499,25.7836509495596],[-80.1264763316629,25.7831579173783],[-80.1265517308579,25.7903778690639],[-80.1266271219682,25.7975978106159],[-80.1187097034306,25.7978939910989],[-80.1107922606385,25.7981897381432],[-80.1101844964499,25.7836509495596]]]},"properties":{"OBJECTID":463,"CATEGORY":2,"ZONEID":"B"}},{"type":"Feature","id":464,"geometry":{"type":"Polygon","coordinates":[[[-80.1373029074172,25.7828292798877],[-80.1424939516438,25.7826714189655],[-80.1424939543388,25.7826714998543],[-80.1426312771013,25.7898331686933],[-80.1427686052538,25.7969949137412],[-80.1346978748399,25.7972965372602],[-80.1266271219682,25.7975978106159],[-80.1265517308579,25.7903778690639],[-80.1264763316629,25.7831579173783],[-80.1344851474924,25.7829148892474],[-80.1373029074172,25.7828292798877]]]},"properties":{"OBJECTID":464,"CATEGORY":2,"ZONEID":"B"}},{"type":"Feature","id":469,"geometry":{"type":"Polygon","coordinates":[[[-80.366909430209,25.7154592898589],[-80.3749357263557,25.7151658481113],[-80.3829566200342,25.7148679242683],[-80.3829649815529,25.7148676159059],[-80.382988995317,25.7154927263705],[-80.3832682653692,25.722756661584],[-80.3835476665754,25.7300141194198],[-80.3836261990942,25.7320551517031],[-80.3757012409964,25.7321909992189],[-80.3677645976134,25.7323189039736],[-80.3673369869617,25.7238891015066],[-80.366909430209,25.7154592898589]]]},"properties":{"OBJECTID":469,"CATEGORY":4,"ZONEID":"D"}},{"type":"Feature","id":470,"geometry":{"type":"Polygon","coordinates":[[[-80.4797378020467,25.7269058999532],[-80.4795482287756,25.7219501002284],[-80.4793838424686,25.7176524592324],[-80.4873379455074,25.7175813756519],[-80.4952941056882,25.71760767731],[-80.4955748759269,25.7249016720144],[-80.495855678505,25.7321956571597],[-80.4879030783476,25.7321599789145],[-80.4799444873256,25.7321615237393],[-80.4797378020467,25.7269058999532]]]},"properties":{"OBJECTID":470,"CATEGORY":5,"ZONEID":"E"}},{"type":"Feature","id":504,"geometry":{"type":"Polygon","coordinates":[[[-80.2425118786093,25.8681735763105],[-80.2425119181352,25.8681735763105],[-80.2427766345814,25.875460351814],[-80.2430413725872,25.8827471239739],[-80.2348842511925,25.8827712844403],[-80.22673531884,25.883100489902],[-80.226449686919,25.8758593087873],[-80.2261646910052,25.8686181711506],[-80.2261646883103,25.8686181169944],[-80.2302306806784,25.86850771996],[-80.2343383108584,25.8683960756112],[-80.2425118786093,25.8681735763105]]]},"properties":{"OBJECTID":504,"CATEGORY":5,"ZONEID":"E"}},{"type":"Feature","id":505,"geometry":{"type":"Polygon","coordinates":[[[-80.6223587050608,25.4763772317242],[-80.6222733749903,25.4617214203875],[-80.6382455527942,25.4616129226387],[-80.6383265943076,25.4762883523015],[-80.6223587050608,25.4763772317242]]]},"properties":{"OBJECTID":505,"CATEGORY":3,"ZONEID":"C"}},{"type":"Feature","id":506,"geometry":{"type":"Polygon","coordinates":[[[-80.6383265943076,25.4762883523015],[-80.6382455527942,25.4616129226387],[-80.6542177198184,25.4615026858669],[-80.6542944961308,25.4761977324785],[-80.6383265943076,25.4762883523015]]]},"properties":{"OBJECTID":506,"CATEGORY":3,"ZONEID":"C"}},{"type":"Feature","id":507,"geometry":{"type":"Polygon","coordinates":[[[-80.6542177198184,25.4615026858669],[-80.6701898868426,25.4613907125006],[-80.6702798495251,25.4761052757461],[-80.6542944961308,25.4761977324785],[-80.6542177198184,25.4615026858669]]]},"properties":{"OBJECTID":507,"CATEGORY":3,"ZONEID":"C"}},{"type":"Feature","id":508,"geometry":{"type":"Polygon","coordinates":[[[-80.3309435218899,25.4483167860706],[-80.3390369599175,25.4483010196561],[-80.3471302272652,25.4482847519458],[-80.3471636544752,25.4556846289618],[-80.347197012515,25.4630844963315],[-80.3391672389899,25.4632067887884],[-80.3311374600749,25.4633286480185],[-80.3310404932282,25.4558227203256],[-80.3309435218899,25.4483167860706]]]},"properties":{"OBJECTID":508,"CATEGORY":1,"ZONEID":"A"}},{"type":"Feature","id":509,"geometry":{"type":"Polygon","coordinates":[[[-80.3075601819065,25.5815284518604],[-80.3154961246036,25.5815433775675],[-80.3156000767499,25.5906335076683],[-80.3157049784155,25.599574511453],[-80.3123167810988,25.5996534102627],[-80.3078535860514,25.5997572173288],[-80.3051187289492,25.5998207591728],[-80.3038986110792,25.599849089456],[-80.3000021528138,25.5999394809994],[-80.2998131962362,25.5907263023214],[-80.2996242499892,25.5815130918547],[-80.3075601819065,25.5815284518604]]]},"properties":{"OBJECTID":509,"CATEGORY":1,"ZONEID":"A"}},{"type":"Feature","id":510,"geometry":{"type":"Polygon","coordinates":[[[-80.3236826370777,25.5814754952001],[-80.3318693337066,25.581407099092],[-80.3319696377946,25.5902910813748],[-80.3320699957815,25.5991749638082],[-80.3300242354355,25.5992256693702],[-80.3285912644538,25.5992611694888],[-80.3279784741912,25.5992763441256],[-80.3279784059192,25.599276346556],[-80.327178143545,25.5992961640729],[-80.3259327120486,25.5993269929352],[-80.3249145013184,25.5993521889257],[-80.3238869490077,25.5993776076977],[-80.317315059442,25.5995358033004],[-80.3157050646538,25.599574511453],[-80.3157049784155,25.599574511453],[-80.3156000767499,25.5906335076683],[-80.3154961246036,25.5815433775675],[-80.3236826370777,25.5814754952001]]]},"properties":{"OBJECTID":510,"CATEGORY":1,"ZONEID":"A"}},{"type":"Feature","id":511,"geometry":{"type":"Polygon","coordinates":[[[-80.8582100686711,25.5425799143381],[-80.8618300699586,25.5425900133986],[-80.8737000739497,25.5423667129238],[-80.8737100730971,25.5441400137527],[-80.8737600733258,25.5573301173076],[-80.8619500696092,25.557380017213],[-80.858290069037,25.5574300175895],[-80.8582799692783,25.5567600171328],[-80.8582100686711,25.5425799143381]]]},"properties":{"OBJECTID":511,"CATEGORY":3,"ZONEID":"C"}},{"type":"Feature","id":512,"geometry":{"type":"Polygon","coordinates":[[[-80.8258500598862,25.5575700172359],[-80.8138101566271,25.5579099186778],[-80.8102999546201,25.5579001183305],[-80.8102999555184,25.5572300183897],[-80.8099200543915,25.5428601151285],[-80.8138701560032,25.5428800149312],[-80.8258899585595,25.5426301137926],[-80.8258400598404,25.5569801179946],[-80.8258500598862,25.5575700172359]]]},"properties":{"OBJECTID":512,"CATEGORY":3,"ZONEID":"C"}},{"type":"Feature","id":513,"geometry":{"type":"Polygon","coordinates":[[[-80.858290069037,25.5574300175895],[-80.8459000653623,25.557600018065],[-80.8420400647735,25.5575601179898],[-80.8420200646821,25.5566999177956],[-80.8421401640457,25.5425600136751],[-80.8459000653623,25.5425699141601],[-80.8582100686711,25.5425799143381],[-80.8582799692783,25.5567600171328],[-80.858290069037,25.5574300175895]]]},"properties":{"OBJECTID":513,"CATEGORY":3,"ZONEID":"C"}},{"type":"Feature","id":514,"geometry":{"type":"Polygon","coordinates":[[[-80.8420400647735,25.5575601179898],[-80.8297100613732,25.5574701178812],[-80.8258500598862,25.5575700172359],[-80.8258400598404,25.5569801179946],[-80.8258899585595,25.5426301137926],[-80.8297199608076,25.5425501148103],[-80.8421401640457,25.5425600136751],[-80.8420200646821,25.5566999177956],[-80.8420400647735,25.5575601179898]]]},"properties":{"OBJECTID":514,"CATEGORY":3,"ZONEID":"C"}},{"type":"Feature","id":515,"geometry":{"type":"Polygon","coordinates":[[[-80.8271299615366,25.617060033198],[-80.8140101575419,25.6169600328366],[-80.8108300567574,25.6170000346112],[-80.810820157323,25.6162000330255],[-80.8106501565453,25.6025099301445],[-80.8141599570054,25.6025099301445],[-80.826970061416,25.6024299298449],[-80.8271299624349,25.6157401334727],[-80.8271299615366,25.617060033198]]]},"properties":{"OBJECTID":515,"CATEGORY":3,"ZONEID":"C"}},{"type":"Feature","id":517,"geometry":{"type":"Polygon","coordinates":[[[-80.2024740346682,25.8841135443864],[-80.2105801685857,25.8837507813422],[-80.210925207893,25.8910149778909],[-80.2112702759465,25.8982791678529],[-80.2031029308255,25.8986567455165],[-80.1949355875012,25.8990338597426],[-80.194935547077,25.899033862975],[-80.1946522112499,25.8917537012647],[-80.1944383654998,25.8862810233814],[-80.1943677408505,25.8844735705836],[-80.2024740346682,25.8841135443864]]]},"properties":{"OBJECTID":517,"CATEGORY":5,"ZONEID":"E"}},{"type":"Feature","id":530,"geometry":{"type":"Polygon","coordinates":[[[-80.6404008411295,25.7318222355516],[-80.6484305921967,25.7317998804389],[-80.6564603459589,25.7317770850982],[-80.6568554160377,25.7390397585802],[-80.6572505256423,25.746302426814],[-80.6492282018458,25.7463252371699],[-80.6412058780494,25.7463475984509],[-80.6408033375807,25.7390849208403],[-80.6404008411295,25.7318222355516]]]},"properties":{"OBJECTID":530,"CATEGORY":5,"ZONEID":"E"}},{"type":"Feature","id":531,"geometry":{"type":"Polygon","coordinates":[[[-80.6564603459589,25.7317770850982],[-80.6644901051109,25.7317538414368],[-80.6725198651613,25.7317301591652],[-80.672683079167,25.7347881807498],[-80.6729075016812,25.7389928249949],[-80.6730677979588,25.7419958679074],[-80.6732951813201,25.7462554863876],[-80.665272853032,25.7462791762837],[-80.6572505256423,25.746302426814],[-80.6568554160377,25.7390397585802],[-80.6564603459589,25.7317770850982]]]},"properties":{"OBJECTID":531,"CATEGORY":5,"ZONEID":"E"}},{"type":"Feature","id":532,"geometry":{"type":"Polygon","coordinates":[[[-80.3836261990942,25.7320551517031],[-80.3835476665754,25.7300141194198],[-80.3915689528177,25.7297609599588],[-80.3995920671316,25.7295072043504],[-80.4001511938358,25.7440299687788],[-80.3921301186976,25.7442850398087],[-80.3841090040335,25.7445397639756],[-80.3841089734908,25.7445397639756],[-80.38390412347,25.7392400650327],[-80.3838282346932,25.7372774160725],[-80.3836261990942,25.7320551517031]]]},"properties":{"OBJECTID":532,"CATEGORY":4,"ZONEID":"D"}},{"type":"Feature","id":539,"geometry":{"type":"Polygon","coordinates":[[[-80.1173422295146,25.9607842590893],[-80.1253734205812,25.9604848038334],[-80.1334057309487,25.9601850788601],[-80.13368786483,25.9675284815378],[-80.133967821195,25.9748342104656],[-80.1259592595887,25.9750039218755],[-80.1179522089488,25.9751730289775],[-80.1176478732052,25.9679785611644],[-80.1173422295146,25.9607842590893]]]},"properties":{"OBJECTID":539,"CATEGORY":2,"ZONEID":"B"}},{"type":"Feature","id":544,"geometry":{"type":"Polygon","coordinates":[[[-80.2036799986826,25.9133549331107],[-80.2116952410597,25.9130327212246],[-80.212020973775,25.92034007424],[-80.2123467352362,25.9276474202981],[-80.2043363761011,25.9279541259018],[-80.1963259909148,25.9282603839426],[-80.1961609111083,25.9246199317704],[-80.1959953408216,25.9209685471853],[-80.1956647257628,25.9136767037604],[-80.195664797628,25.9136766981044],[-80.2036799986826,25.9133549331107]]]},"properties":{"OBJECTID":544,"CATEGORY":4,"ZONEID":"D"}},{"type":"Feature","id":545,"geometry":{"type":"Polygon","coordinates":[[[-80.2116952410597,25.9130327212246],[-80.2198357022992,25.912642739102],[-80.2279761258094,25.9122522951283],[-80.2282254675895,25.9195762175199],[-80.2284744689081,25.9269001608084],[-80.2204106204876,25.9272740161456],[-80.2123467352362,25.9276474202981],[-80.212020973775,25.92034007424],[-80.2116952410597,25.9130327212246]]]},"properties":{"OBJECTID":545,"CATEGORY":5,"ZONEID":"E"}},{"type":"Feature","id":554,"geometry":{"type":"Polygon","coordinates":[[[-80.1575991833335,25.9594875558969],[-80.1493134761907,25.959777160843],[-80.1488912455493,25.9520832623627],[-80.1485071043742,25.9448221651209],[-80.1567101772906,25.9445024496815],[-80.1649132205627,25.9441822656673],[-80.1653871627234,25.9516809526223],[-80.1658827704522,25.959197978507],[-80.1575991833335,25.9594875558969]]]},"properties":{"OBJECTID":554,"CATEGORY":3,"ZONEID":"C"}},{"type":"Feature","id":555,"geometry":{"type":"Polygon","coordinates":[[[-80.17402348322,25.9589894731374],[-80.1658827704522,25.959197978507],[-80.1653871627234,25.9516809526223],[-80.1649132205627,25.9441822656673],[-80.1728658081436,25.9438909873967],[-80.1808166107721,25.9435993344],[-80.1814795512821,25.9511809200708],[-80.1821626598686,25.9587808462459],[-80.17402348322,25.9589894731374]]]},"properties":{"OBJECTID":555,"CATEGORY":4,"ZONEID":"D"}},{"type":"Feature","id":556,"geometry":{"type":"Polygon","coordinates":[[[-80.196962163426,25.9428754267823],[-80.1969622002568,25.942875424359],[-80.1971815670526,25.9466580845119],[-80.1973827285908,25.9501266199812],[-80.1975315659586,25.9574092139449],[-80.1975602311993,25.9582591582654],[-80.1898496623323,25.9585202282928],[-80.1821626598686,25.9587808462459],[-80.1814795512821,25.9511809200708],[-80.1808166107721,25.9435993344],[-80.1888894225825,25.9432376032897],[-80.196962163426,25.9428754267823]]]},"properties":{"OBJECTID":556,"CATEGORY":4,"ZONEID":"D"}},{"type":"Feature","id":557,"geometry":{"type":"Polygon","coordinates":[[[-80.5420980693326,25.4621432298835],[-80.5441084989385,25.462126873205],[-80.5461189231545,25.4621104921925],[-80.5481293572519,25.4620940836016],[-80.5501397868578,25.4620776441881],[-80.5521502128704,25.4620611780073],[-80.5541606433746,25.4620446801929],[-80.5561710702855,25.4620281564222],[-80.5581814998914,25.4620116066952],[-80.5581999009817,25.4638432254976],[-80.5582183047669,25.4656748415596],[-80.5582367121454,25.4675064565007],[-80.5582551177272,25.4693380743734],[-80.5582735592417,25.4711695532497],[-80.5582919980612,25.4730010326232],[-80.558310437779,25.4748325076252],[-80.5583288801918,25.4766639831191],[-80.5563205724067,25.4766789348541],[-80.5543122664181,25.4766938622584],[-80.5523039487515,25.4767087596551],[-80.550295640068,25.4767236319102],[-80.5482873224014,25.4767384814564],[-80.5462790074297,25.4767533139706],[-80.544270695153,25.4767681148554],[-80.5422623747914,25.4767828881656],[-80.5422418617619,25.4749515701899],[-80.5422213496307,25.4731202527107],[-80.5422008357029,25.4712889316756],[-80.5421803226733,25.4694576119534],[-80.5421597602365,25.4676290169672],[-80.5421391995962,25.4658004217602],[-80.5421186308712,25.4639718263351],[-80.5420980693326,25.4621432298835]]]},"properties":{"OBJECTID":557,"CATEGORY":4,"ZONEID":"D"}},{"type":"Feature","id":558,"geometry":{"type":"Polygon","coordinates":[[[-80.5581814998914,25.4620116066952],[-80.5602034099666,25.4620148120138],[-80.5622253218384,25.4620179930003],[-80.5642472364052,25.4620211439775],[-80.5662691500736,25.4620242690006],[-80.574356823612,25.4620364852205],[-80.5743842078552,25.4661534753162],[-80.5744053703666,25.4693349795478],[-80.5744538838836,25.4766334584453],[-80.5663914116821,25.4766489519078],[-80.5643757781358,25.4766527537056],[-80.5623601472845,25.4766565238757],[-80.5603445101449,25.4766602672838],[-80.5583288801918,25.4766639831191],[-80.558310437779,25.4748325076252],[-80.5582919980612,25.4730010326232],[-80.5582735592417,25.4711695532497],[-80.5582551177272,25.4693380743734],[-80.5582367121454,25.4675064565007],[-80.5582183047669,25.4656748415596],[-80.5581999009817,25.4638432254976],[-80.5581814998914,25.4620116066952]]]},"properties":{"OBJECTID":558,"CATEGORY":3,"ZONEID":"C"}},{"type":"Feature","id":559,"geometry":{"type":"Polygon","coordinates":[[[-80.574356823612,25.4620364852205],[-80.5743569116469,25.4620364852205],[-80.5903290095009,25.4619332020794],[-80.5902954780863,25.476550452216],[-80.5744538838836,25.4766334584453],[-80.5744053703666,25.4693349795478],[-80.5743842078552,25.4661534753162],[-80.574356823612,25.4620364852205]]]},"properties":{"OBJECTID":559,"CATEGORY":3,"ZONEID":"C"}},{"type":"Feature","id":560,"geometry":{"type":"Polygon","coordinates":[[[-80.5902954780863,25.476550452216],[-80.5903290095009,25.4619332020794],[-80.606301193593,25.4618281799292],[-80.6063908256954,25.4764643731834],[-80.5902954780863,25.476550452216]]]},"properties":{"OBJECTID":560,"CATEGORY":3,"ZONEID":"C"}},{"type":"Feature","id":561,"geometry":{"type":"Polygon","coordinates":[[[-80.3995920671316,25.7295072043504],[-80.4156712199129,25.7289993864201],[-80.4162429886081,25.743518191392],[-80.4001511938358,25.7440299687788],[-80.3995920671316,25.7295072043504]]]},"properties":{"OBJECTID":561,"CATEGORY":4,"ZONEID":"D"}},{"type":"Feature","id":562,"geometry":{"type":"Polygon","coordinates":[[[-80.4156712199129,25.7289993864201],[-80.4316715086971,25.7284786400511],[-80.4322344478513,25.7429994028688],[-80.4162429886081,25.743518191392],[-80.4156712199129,25.7289993864201]]]},"properties":{"OBJECTID":562,"CATEGORY":5,"ZONEID":"E"}},{"type":"Feature","id":563,"geometry":{"type":"Polygon","coordinates":[[[-80.4316715086971,25.7284786400511],[-80.4477029600384,25.7279601775638],[-80.4482602820272,25.7424850333427],[-80.4322344478513,25.7429994028688],[-80.4316715086971,25.7284786400511]]]},"properties":{"OBJECTID":563,"CATEGORY":5,"ZONEID":"E"}},{"type":"Feature","id":570,"geometry":{"type":"Polygon","coordinates":[[[-80.6710868151278,25.608103450102],[-80.6710868986711,25.608103450102],[-80.6713687639562,25.6153663622259],[-80.6716506588856,25.6226292719743],[-80.6716506247496,25.6226292744042],[-80.6636346439574,25.6226589535623],[-80.6556186317241,25.6226881928959],[-80.6553377060769,25.6154252697187],[-80.655056810074,25.608162334442],[-80.6630718539234,25.6081331109958],[-80.6710868151278,25.608103450102]]]},"properties":{"OBJECTID":570,"CATEGORY":4,"ZONEID":"D"}},{"type":"Feature","id":578,"geometry":{"type":"Polygon","coordinates":[[[-80.575663749281,25.6229011913316],[-80.5756638049766,25.6229011921415],[-80.5759280039932,25.6301599845876],[-80.5761922281627,25.6374187731926],[-80.5761921787553,25.6374187731926],[-80.5681673091334,25.6374579234153],[-80.5601423901041,25.6374966322429],[-80.5598821266067,25.6302378086848],[-80.5596218900588,25.6229789804697],[-80.567642845721,25.622940305815],[-80.575663749281,25.6229011913316]]]},"properties":{"OBJECTID":578,"CATEGORY":5,"ZONEID":"E"}},{"type":"Feature","id":579,"geometry":{"type":"Polygon","coordinates":[[[-80.5841083504313,25.637429404438],[-80.5761922281627,25.6374187731926],[-80.5759280039932,25.6301599845876],[-80.5756638049766,25.6229011921415],[-80.5835582859317,25.6229094555035],[-80.59145277048,25.6229172903883],[-80.5917386090136,25.6301784516978],[-80.5920244789881,25.6374396064482],[-80.5841083504313,25.637429404438]]]},"properties":{"OBJECTID":579,"CATEGORY":5,"ZONEID":"E"}},{"type":"Feature","id":580,"geometry":{"type":"Polygon","coordinates":[[[-80.6000415808778,25.6374102443853],[-80.5920244789881,25.6374396064482],[-80.5917386090136,25.6301784516978],[-80.59145277048,25.6229172903883],[-80.5994688312223,25.6228861387602],[-80.6074848964562,25.6228545489274],[-80.6077717770354,25.6301174991274],[-80.6080586854625,25.6373804425522],[-80.6000415808778,25.6374102443853]]]},"properties":{"OBJECTID":580,"CATEGORY":5,"ZONEID":"E"}},{"type":"Feature","id":581,"geometry":{"type":"Polygon","coordinates":[[[-80.6074848964562,25.6228545489274],[-80.6155011763874,25.622827942054],[-80.6235174590136,25.622800896168],[-80.6240931883809,25.6373267550146],[-80.6160759355742,25.6373538186679],[-80.6080586854625,25.6373804425522],[-80.6077717770354,25.6301174991274],[-80.6074848964562,25.6228545489274]]]},"properties":{"OBJECTID":581,"CATEGORY":5,"ZONEID":"E"}},{"type":"Feature","id":582,"geometry":{"type":"Polygon","coordinates":[[[-80.6235174590136,25.622800896168],[-80.6395500242659,25.6227454930269],[-80.6401277002824,25.6372713043501],[-80.6321104438825,25.6372992475425],[-80.6240931883809,25.6373267550146],[-80.6235174590136,25.622800896168]]]},"properties":{"OBJECTID":582,"CATEGORY":4,"ZONEID":"D"}},{"type":"Feature","id":583,"geometry":{"type":"Polygon","coordinates":[[[-80.6395500242659,25.6227454930269],[-80.6556186317241,25.6226881928959],[-80.65589041342,25.6299511507813],[-80.6561622211671,25.6372140962253],[-80.6481449593773,25.6372429197679],[-80.6401277002824,25.6372713043501],[-80.6395500242659,25.6227454930269]]]},"properties":{"OBJECTID":583,"CATEGORY":4,"ZONEID":"D"}},{"type":"Feature","id":584,"geometry":{"type":"Polygon","coordinates":[[[-80.6556186317241,25.6226881928959],[-80.6636346439574,25.6226589535623],[-80.6716506247496,25.6226292744042],[-80.6716506588856,25.6226292719743],[-80.6719236901381,25.6298922026651],[-80.6721967483401,25.6371551273982],[-80.672196716899,25.6371551330673],[-80.6641794838553,25.6371848321022],[-80.6561622211671,25.6372140962253],[-80.65589041342,25.6299511507813],[-80.6556186317241,25.6226881928959]]]},"properties":{"OBJECTID":584,"CATEGORY":4,"ZONEID":"D"}},{"type":"Feature","id":590,"geometry":{"type":"Polygon","coordinates":[[[-80.3188558040033,25.6739101487685],[-80.3208912615713,25.6738546883893],[-80.3229267209359,25.6737991972183],[-80.3249621758089,25.6737436801133],[-80.3269976297836,25.6736881322166],[-80.3290344330279,25.6736306039378],[-80.3310712389672,25.673573045675],[-80.3331080332283,25.6735154582376],[-80.3351448328793,25.6734578440545],[-80.3352060171333,25.6752985014617],[-80.3352672058788,25.6771391571595],[-80.3353283919295,25.6789798135738],[-80.3353895788784,25.6808204674635],[-80.3356211977963,25.6879851189904],[-80.3343406062397,25.6880281586106],[-80.3335267038462,25.6880555102868],[-80.3275108301189,25.6882245348768],[-80.3275107618469,25.6882245373054],[-80.3254219578258,25.6882831692149],[-80.3254219138083,25.6882831692149],[-80.3193879623843,25.6884550567886],[-80.3191060557767,25.681291451974],[-80.3190434917105,25.6794461259241],[-80.3189809285425,25.6776007996332],[-80.3189183653746,25.6757554755329],[-80.3188558040033,25.6739101487685]]]},"properties":{"OBJECTID":590,"CATEGORY":4,"ZONEID":"D"}},{"type":"Feature","id":598,"geometry":{"type":"Polygon","coordinates":[[[-80.2951339994821,25.6892750598301],[-80.3008769102288,25.6890813389204],[-80.3011220999957,25.6964264277009],[-80.3014213009691,25.7037638109612],[-80.2934110720896,25.7041081959925],[-80.2854008845326,25.7044521380836],[-80.2854008126674,25.7044521437495],[-80.2852541779687,25.7004933674231],[-80.285126168939,25.6970373891421],[-80.2848515440752,25.689622665762],[-80.2848515440752,25.689622630143],[-80.2928702153217,25.6893513485537],[-80.2951339159387,25.6892750630682],[-80.2951339994821,25.6892750598301]]]},"properties":{"OBJECTID":598,"CATEGORY":3,"ZONEID":"C"}},{"type":"Feature","id":599,"geometry":{"type":"Polygon","coordinates":[[[-80.3112676952725,25.6887272268524],[-80.3173457548753,25.6885131793906],[-80.3175322478232,25.6957569053482],[-80.317771852764,25.7029904694056],[-80.3096296964036,25.7033757384769],[-80.3014213009691,25.7037638109612],[-80.3011220999957,25.6964264277009],[-80.3008769102288,25.6890813389204],[-80.301924368308,25.6890459796516],[-80.3031586328471,25.6890043093077],[-80.3091121823583,25.6888030714962],[-80.3112676198139,25.688727229281],[-80.3112676952725,25.6887272268524]]]},"properties":{"OBJECTID":599,"CATEGORY":4,"ZONEID":"D"}},{"type":"Feature","id":600,"geometry":{"type":"Polygon","coordinates":[[[-80.3173457548753,25.6885131793906],[-80.3193879623843,25.6884550567886],[-80.3254219138083,25.6882831692149],[-80.3254219578258,25.6882831692149],[-80.3275107618469,25.6882245373054],[-80.3275108301189,25.6882245348768],[-80.3335267038462,25.6880555102868],[-80.3338203559261,25.6951821666089],[-80.3341367838916,25.702316651867],[-80.3259543353958,25.702653792611],[-80.317771852764,25.7029904694056],[-80.3175322478232,25.6957569053482],[-80.3173457548753,25.6885131793906]]]},"properties":{"OBJECTID":600,"CATEGORY":4,"ZONEID":"D"}},{"type":"Feature","id":601,"geometry":{"type":"Polygon","coordinates":[[[-80.4788305655935,25.703144443304],[-80.4786297903309,25.6978704302472],[-80.4782751668976,25.6886247341012],[-80.4782752010336,25.6886247341012],[-80.4863017972176,25.6887157072699],[-80.4943169964756,25.6887878685712],[-80.4945716347227,25.6959775475652],[-80.4948262972242,25.7031672166115],[-80.4868341828725,25.7031268608669],[-80.4788306311705,25.7031444433041],[-80.4788305655935,25.703144443304]]]},"properties":{"OBJECTID":601,"CATEGORY":5,"ZONEID":"E"}},{"type":"Feature","id":602,"geometry":{"type":"Polygon","coordinates":[[[-80.4943169964755,25.6887878685712],[-80.5023371445523,25.6887749695597],[-80.5103573438331,25.6887616277351],[-80.510607380011,25.6957997883587],[-80.5108574431383,25.7028379417629],[-80.5028418773678,25.7030027994663],[-80.4948262972241,25.7031672166116],[-80.4945716347226,25.6959775475652],[-80.4943169964755,25.6887878685712]]]},"properties":{"OBJECTID":602,"CATEGORY":5,"ZONEID":"E"}},{"type":"Feature","id":603,"geometry":{"type":"Polygon","coordinates":[[[-80.3335267038462,25.6880555102868],[-80.3343406062397,25.6880281586106],[-80.3356211977963,25.6879851189904],[-80.341618290446,25.6877835297382],[-80.3439229425619,25.6877057941814],[-80.3497090928166,25.6875104516472],[-80.3499219683861,25.694576469464],[-80.3501411959429,25.7016388043592],[-80.3421390069853,25.7019779479532],[-80.3341367838916,25.702316651867],[-80.3338203559261,25.6951821666089],[-80.3335267038462,25.6880555102868]]]},"properties":{"OBJECTID":603,"CATEGORY":4,"ZONEID":"D"}},{"type":"Feature","id":609,"geometry":{"type":"Polygon","coordinates":[[[-80.5843150599647,25.6882743299466],[-80.5905457038084,25.688231339392],[-80.5908047357156,25.6954658572293],[-80.5910478377977,25.7022548862557],[-80.5910637900806,25.7027003811495],[-80.58325933469,25.7027071496272],[-80.5754548882825,25.7027135012466],[-80.5752026997412,25.695525984734],[-80.5749505282679,25.6883384577345],[-80.5827480567494,25.6882850991366],[-80.5827481160382,25.6882850991366],[-80.5843150599647,25.6882743299466]]]},"properties":{"OBJECTID":609,"CATEGORY":5,"ZONEID":"E"}},{"type":"Feature","id":612,"geometry":{"type":"Polygon","coordinates":[[[-80.115803013886,25.931158700307],[-80.1238283982426,25.9308982522681],[-80.1315886583179,25.9306459809799],[-80.1320221960538,25.9380061192693],[-80.1324541096356,25.9453663397324],[-80.1244100618807,25.9451556668311],[-80.1163726436925,25.9455203436579],[-80.1160878157637,25.9383395247616],[-80.115803013886,25.931158700307]]]},"properties":{"OBJECTID":612,"CATEGORY":2,"ZONEID":"B"}},{"type":"Feature","id":614,"geometry":{"type":"Polygon","coordinates":[[[-80.4943199115086,25.5503080688034],[-80.4963722574039,25.5503005379505],[-80.4984245988077,25.5502929762995],[-80.5004769438047,25.5502853911444],[-80.5025292932933,25.5502777719493],[-80.5045618708625,25.5502743144992],[-80.5065944529232,25.5502708311142],[-80.5086270358823,25.550267323415],[-80.510659617943,25.5502637784342],[-80.5106707094419,25.55208019046],[-80.510681801839,25.5538966000792],[-80.5106928951344,25.5557130145831],[-80.5107039902265,25.5575294266751],[-80.5107095975105,25.5593421814253],[-80.510715211981,25.5611549363005],[-80.5107208246549,25.5629676904875],[-80.5107264346339,25.5647804439837],[-80.5086997778607,25.5647935225183],[-80.5066731210876,25.5648065726886],[-80.5046464670094,25.5648195969258],[-80.5026198129312,25.5648325879364],[-80.500576485223,25.5648462628961],[-80.4985331539215,25.5648599094914],[-80.4964898262133,25.5648735244808],[-80.4944464985051,25.5648871086747],[-80.4944304887301,25.5630615803421],[-80.4944144798534,25.5612360460683],[-80.4943984682818,25.5594105139597],[-80.4943824585068,25.5575849759149],[-80.4943668233293,25.5557657557169],[-80.4943511854568,25.5539465257277],[-80.4943355475844,25.552127295675],[-80.4943199115086,25.5503080688034]]]},"properties":{"OBJECTID":614,"CATEGORY":4,"ZONEID":"D"}},{"type":"Feature","id":615,"geometry":{"type":"Polygon","coordinates":[[[-80.510659617943,25.5502637784342],[-80.5126722457264,25.5502603234152],[-80.514684877103,25.5502568448925],[-80.5166975075813,25.550253335572],[-80.518710136263,25.5502497986955],[-80.5207424542191,25.5502092575249],[-80.5227747685819,25.5501686920266],[-80.5248070820464,25.5501280940959],[-80.5268393937142,25.5500874734584],[-80.5268556972383,25.5518981938958],[-80.5268719989658,25.5537089161514],[-80.5268882988966,25.5555196377912],[-80.5269046051157,25.5573303563812],[-80.5269209921831,25.5591730392109],[-80.5269373711656,25.5610157196318],[-80.5269537573347,25.5628584016931],[-80.5269701390122,25.5647010772883],[-80.5249407190213,25.5647122360678],[-80.5229112945387,25.5647233632419],[-80.5208818718528,25.5647344628625],[-80.5188524545568,25.5647455389813],[-80.5168209477794,25.5647543047383],[-80.5147894427987,25.5647630502355],[-80.5127579387163,25.5647717616965],[-80.5107264346339,25.5647804439837],[-80.5107208246549,25.5629676904875],[-80.510715211981,25.5611549363005],[-80.5107095975105,25.5593421814253],[-80.5107039902265,25.5575294266751],[-80.5106928951344,25.5557130145831],[-80.510681801839,25.5538966000792],[-80.5106707094419,25.55208019046],[-80.510659617943,25.5502637784342]]]},"properties":{"OBJECTID":615,"CATEGORY":4,"ZONEID":"D"}},{"type":"Feature","id":616,"geometry":{"type":"Polygon","coordinates":[[[-80.5268393937142,25.5500874734584],[-80.5288526727762,25.5500747207474],[-80.5308659536348,25.5500619445315],[-80.5328792326967,25.5500491391374],[-80.5348925171485,25.5500363069964],[-80.5369046275023,25.5500316727397],[-80.5389167387544,25.5500270141687],[-80.5409288518031,25.5500223215579],[-80.5429409666484,25.5500176054433],[-80.5429735000348,25.5518282385966],[-80.5430060289295,25.5536388687082],[-80.5430385614175,25.5554494990172],[-80.5430710966005,25.5572601279002],[-80.5431041222636,25.559098124417],[-80.5431371479267,25.5609361235315],[-80.5431701744881,25.5627741228096],[-80.5432032046428,25.5646121190071],[-80.5411690136993,25.5646233685562],[-80.5391348218576,25.5646345905518],[-80.5371006291175,25.5646457841834],[-80.535066440869,25.5646569486406],[-80.5330423640574,25.564668025577],[-80.5310182863474,25.5646790709079],[-80.528994213129,25.5646900886853],[-80.5269701390122,25.5647010772883],[-80.5269537573347,25.5628584016931],[-80.5269373711656,25.5610157196318],[-80.5269209921831,25.5591730392109],[-80.5269046051157,25.5573303563812],[-80.5268882988966,25.5555196377912],[-80.5268719989658,25.5537089161514],[-80.5268556972383,25.5518981938958],[-80.5268393937142,25.5500874734584]]]},"properties":{"OBJECTID":616,"CATEGORY":4,"ZONEID":"D"}},{"type":"Feature","id":617,"geometry":{"type":"Polygon","coordinates":[[[-80.5429409666484,25.5500176054433],[-80.5449651503596,25.5500094497011],[-80.5469893349691,25.5500012631606],[-80.5490135195786,25.5499930458217],[-80.5510377014931,25.5499848057892],[-80.5530618932891,25.5499765390106],[-80.5550860814919,25.5499682373813],[-80.5571102768811,25.5499599114374],[-80.5591344650839,25.5499515595579],[-80.5591370998426,25.5517842478476],[-80.559139733703,25.553616935667],[-80.5591423675635,25.5554496230132],[-80.5591450014239,25.5572823090732],[-80.5591476433691,25.5591150043796],[-80.5591502853144,25.5609476959628],[-80.5591529272596,25.5627803894931],[-80.5591555718998,25.5646130801053],[-80.5571615149883,25.5646130541735],[-80.5551674652634,25.5646129974476],[-80.5531734164367,25.5646129147899],[-80.5511793649151,25.5646128070108],[-80.5491853223767,25.5646126741102],[-80.5471912843299,25.5646125185192],[-80.5451972453847,25.5646123321342],[-80.5432032046428,25.5646121190071],[-80.5431701744881,25.5627741228096],[-80.5431371479267,25.5609361235315],[-80.5431041222636,25.559098124417],[-80.5430710966005,25.5572601279002],[-80.5430385614175,25.5554494990172],[-80.5430060289295,25.5536388687082],[-80.5429735000348,25.5518282385966],[-80.5429409666484,25.5500176054433]]]},"properties":{"OBJECTID":617,"CATEGORY":4,"ZONEID":"D"}},{"type":"Feature","id":618,"geometry":{"type":"Polygon","coordinates":[[[-80.5749357608632,25.5498487353516],[-80.5749358003891,25.5498487353516],[-80.5749683194024,25.5550457729687],[-80.5749817087917,25.557185400738],[-80.5749889662809,25.5583549198938],[-80.5750272192406,25.5645203778486],[-80.5750271330023,25.5645203778486],[-80.5670913789515,25.5645669384665],[-80.5651074289853,25.5645785154093],[-80.5631234781207,25.5645900647984],[-80.5611395218663,25.5646015842028],[-80.5591555719001,25.5646130801053],[-80.5591529272599,25.562780389493],[-80.5591502853147,25.5609476959628],[-80.5591476433694,25.5591150043795],[-80.5591450014242,25.5572823090732],[-80.5591423675638,25.5554496230132],[-80.5591397337033,25.553616935667],[-80.5591370998429,25.5517842478476],[-80.5591344650842,25.5499515595578],[-80.5611096286286,25.5499387987277],[-80.5630847912747,25.5499260127716],[-80.5650599548192,25.5499131984478],[-80.5670351174653,25.5499003606191],[-80.5749357608632,25.5498487353516]]]},"properties":{"OBJECTID":618,"CATEGORY":4,"ZONEID":"D"}},{"type":"Feature","id":619,"geometry":{"type":"Polygon","coordinates":[[[-80.5749358003891,25.5498487353516],[-80.5909014285763,25.549829134148],[-80.5907254090863,25.5645096242364],[-80.5750272192406,25.5645203778486],[-80.5749889662809,25.5583549198938],[-80.5749817087917,25.557185400738],[-80.5749683194024,25.5550457729687],[-80.5749358003891,25.5498487353516]]]},"properties":{"OBJECTID":619,"CATEGORY":4,"ZONEID":"D"}},{"type":"Feature","id":620,"geometry":{"type":"Polygon","coordinates":[[[-80.5907254090863,25.5645096242364],[-80.5909014285763,25.549829134148],[-80.6068670738316,25.5498077952943],[-80.6067284503085,25.5644969265448],[-80.5907254090863,25.5645096242364]]]},"properties":{"OBJECTID":620,"CATEGORY":4,"ZONEID":"D"}},{"type":"Feature","id":621,"geometry":{"type":"Polygon","coordinates":[[[-80.6068670738316,25.5498077952943],[-80.6228327397481,25.5497847187895],[-80.622715417077,25.5644824970903],[-80.6067284503085,25.5644969265448],[-80.6068670738316,25.5498077952943]]]},"properties":{"OBJECTID":621,"CATEGORY":4,"ZONEID":"D"}},{"type":"Feature","id":622,"geometry":{"type":"Polygon","coordinates":[[[-80.5583288801918,25.4766639831191],[-80.5603445101449,25.4766602672838],[-80.5623601472845,25.4766565238757],[-80.5643757781358,25.4766527537056],[-80.5663914116821,25.4766489519078],[-80.5744538838836,25.4766334584453],[-80.5744589620599,25.4773821533104],[-80.5745033199703,25.483931461955],[-80.5745507528139,25.4909350728362],[-80.5745527488705,25.4912294724562],[-80.5665142580939,25.4912733013419],[-80.5645046459549,25.4912841888264],[-80.5624950320193,25.4912950527949],[-80.5604854189821,25.4913058875712],[-80.5584758077414,25.4913166955881],[-80.5584574380921,25.4894851059924],[-80.5584390675445,25.4876535128089],[-80.5584206960987,25.4858219225272],[-80.5584023246528,25.4839903286629],[-80.5583839630884,25.4821587401388],[-80.5583656042189,25.4803271569578],[-80.5583472390613,25.4784955702025],[-80.5583288801918,25.4766639831191]]]},"properties":{"OBJECTID":622,"CATEGORY":3,"ZONEID":"C"}},{"type":"Feature","id":623,"geometry":{"type":"Polygon","coordinates":[[[-80.5744538838836,25.4766334584453],[-80.5902954780863,25.476550452216],[-80.5902619125357,25.4911665995626],[-80.5745527488705,25.4912294724562],[-80.5745507528139,25.4909350728362],[-80.5745033199703,25.483931461955],[-80.5744589620599,25.4773821533104],[-80.5744538838836,25.4766334584453]]]},"properties":{"OBJECTID":623,"CATEGORY":3,"ZONEID":"C"}},{"type":"Feature","id":624,"geometry":{"type":"Polygon","coordinates":[[[-80.5902954780863,25.476550452216],[-80.6063908256954,25.4764643731834],[-80.6064804533063,25.4910999228627],[-80.5902619125357,25.4911665995626],[-80.5902954780863,25.476550452216]]]},"properties":{"OBJECTID":624,"CATEGORY":3,"ZONEID":"C"}},{"type":"Feature","id":625,"geometry":{"type":"Polygon","coordinates":[[[-80.6063908256954,25.4764643731834],[-80.6223587050608,25.4763772317242],[-80.6224440306397,25.4910325406718],[-80.6064804533063,25.4910999228627],[-80.6063908256954,25.4764643731834]]]},"properties":{"OBJECTID":625,"CATEGORY":3,"ZONEID":"C"}},{"type":"Feature","id":626,"geometry":{"type":"Polygon","coordinates":[[[-80.469834963899,25.5358603021456],[-80.4780319318648,25.5357523447059],[-80.4780332056759,25.5368920224074],[-80.478033983617,25.5375840447756],[-80.4780354164298,25.5388643190741],[-80.4780360353691,25.5394157468577],[-80.4780380889178,25.5412474420338],[-80.4780394175261,25.5424342203024],[-80.4780401406699,25.5430791400275],[-80.4780514693239,25.5449382568995],[-80.4780582444178,25.5460504290581],[-80.4780627961814,25.5467973741184],[-80.4780741248354,25.5486564924918],[-80.4780778860815,25.5492738437271],[-80.4780854534895,25.5505156120168],[-80.4780854229467,25.5505156120168],[-80.4699485181375,25.5506468124297],[-80.4679146416044,25.5506795405818],[-80.4658807650713,25.5507122395484],[-80.4638468849449,25.5507449093293],[-80.4618130048186,25.5507775555978],[-80.4617962808829,25.5489321963388],[-80.4617795542523,25.5470868370352],[-80.461762831215,25.5452414712058],[-80.4617461045844,25.5433961118214],[-80.4617252537884,25.5415375667716],[-80.4617044029923,25.5396790220916],[-80.4616835521962,25.5378204704893],[-80.4616627014002,25.5359619241258],[-80.4637057676986,25.5359365632198],[-80.4657488313021,25.5359111698859],[-80.4677919011939,25.5358857514191],[-80.469834963899,25.5358603021456]]]},"properties":{"OBJECTID":626,"CATEGORY":4,"ZONEID":"D"}},{"type":"Feature","id":627,"geometry":{"type":"Polygon","coordinates":[[[-80.4922162619291,25.5356634857097],[-80.4942426680723,25.535650275116],[-80.4942599480651,25.5374826657147],[-80.4942772271596,25.5393150542522],[-80.4942945098473,25.5411474455891],[-80.4943117898401,25.5429798324279],[-80.4943138218293,25.5448118913752],[-80.4943158502252,25.5466439523132],[-80.4943178813161,25.5484760095657],[-80.4943199115086,25.5503080688034],[-80.492290674774,25.5503340880098],[-80.4902614299545,25.5503600820862],[-80.4882321923215,25.5503860429278],[-80.4862029546886,25.5504119802603],[-80.48417358141,25.5504379281232],[-80.4821442036399,25.5504638516666],[-80.480114829463,25.5504897444067],[-80.4780854534895,25.5505156120168],[-80.4780778860815,25.5492738437271],[-80.4780741248354,25.5486564924918],[-80.4780627961814,25.5467973741184],[-80.4780582444178,25.5460504290581],[-80.4780514693239,25.5449382568995],[-80.4780401406699,25.5430791400275],[-80.4780394175261,25.5424342203024],[-80.4780380889178,25.5412474420338],[-80.4780360353691,25.5394157468577],[-80.4780354164298,25.5388643190741],[-80.478033983617,25.5375840447756],[-80.4780332056759,25.5368920224074],[-80.4780319318648,25.5357523447059],[-80.47803200912,25.5357523455165],[-80.4800582095489,25.5357400395229],[-80.482084489928,25.5357277027266],[-80.4841107739003,25.5357153440438],[-80.4861370551776,25.5357029521266],[-80.4881634541343,25.5356898242149],[-80.4901898602775,25.5356766671215],[-80.4922162619291,25.5356634857097]]]},"properties":{"OBJECTID":627,"CATEGORY":4,"ZONEID":"D"}},{"type":"Feature","id":628,"geometry":{"type":"Polygon","coordinates":[[[-80.4942426680723,25.535650275116],[-80.4962736187925,25.5356373798309],[-80.4983045659195,25.535624461038],[-80.5003355166397,25.5356115082],[-80.5023664646649,25.5355985318541],[-80.5043986820097,25.5355827096103],[-80.5064308984562,25.5355668606157],[-80.5084631158009,25.5355509848703],[-80.5104953331457,25.5355350767002],[-80.5105155434429,25.5373741455901],[-80.5105357546385,25.5392132049197],[-80.5105559694274,25.5410522733289],[-80.5105761869111,25.5428913354146],[-80.5105970421988,25.5447344469363],[-80.510617901978,25.5465775560575],[-80.5106387608589,25.5484206668279],[-80.5106596179431,25.5502637784342],[-80.5086270358824,25.550267323415],[-80.5065944529233,25.5502708311142],[-80.5045618708625,25.5502743144992],[-80.5025292932933,25.5502777719493],[-80.5004769438047,25.5502853911444],[-80.4984245988077,25.5502929762995],[-80.4963722574039,25.5503005379505],[-80.4943199115086,25.5503080688034],[-80.4943178813161,25.5484760095657],[-80.4943158502252,25.5466439523133],[-80.4943138218293,25.5448118913753],[-80.4943117898401,25.5429798324279],[-80.4942945098473,25.5411474455891],[-80.4942772271596,25.5393150542522],[-80.4942599480651,25.5374826657147],[-80.4942426680723,25.535650275116]]]},"properties":{"OBJECTID":628,"CATEGORY":4,"ZONEID":"D"}},{"type":"Feature","id":629,"geometry":{"type":"Polygon","coordinates":[[[-80.4130991159806,25.5659686715257],[-80.4151458384223,25.565949582676],[-80.4171925608639,25.5659304678916],[-80.4192392842039,25.5659113263623],[-80.4212860057472,25.5658921548466],[-80.4233055415751,25.5658755910694],[-80.4253250818946,25.5658590021688],[-80.4273446177225,25.5658423824721],[-80.4293641544487,25.5658257376519],[-80.429383287666,25.5676718877513],[-80.4294024172899,25.569518034512],[-80.4294215541004,25.5713641836039],[-80.429440685521,25.5732103325929],[-80.4294597504663,25.5750496620011],[-80.4294788172082,25.5768889947521],[-80.4294978803568,25.5787283235503],[-80.4295169470987,25.5805676540652],[-80.4274882870825,25.5805856880549],[-80.4254596270662,25.5806036904417],[-80.4234309706432,25.5806216677077],[-80.421402310627,25.5806396158017],[-80.4193732589453,25.5806575776673],[-80.417344205467,25.5806755111712],[-80.415315152887,25.580693418744],[-80.4132860994088,25.5807112930934],[-80.4132541104015,25.5788810844083],[-80.4132221195976,25.5770508736678],[-80.4131901269971,25.575220659254],[-80.4131581343965,25.5733904468414],[-80.4131433813646,25.5715350021772],[-80.4131286265361,25.5696795571225],[-80.4131138699109,25.5678241116802],[-80.4130991159806,25.5659686715257]]]},"properties":{"OBJECTID":629,"CATEGORY":3,"ZONEID":"C"}},{"type":"Feature","id":630,"geometry":{"type":"Polygon","coordinates":[[[-80.4293641544487,25.5658257376519],[-80.4314096201473,25.5658060774746],[-80.4334550858459,25.5657863865002],[-80.4355005515444,25.5657666639185],[-80.437546017243,25.565746915402],[-80.4376704518762,25.5657460507459],[-80.4395674134819,25.5657330444375],[-80.4415888088224,25.5657191499709],[-80.4436102050612,25.5657052206571],[-80.445631603995,25.5656912662205],[-80.445656588838,25.5675256902005],[-80.445681576376,25.5693601144438],[-80.4457065675072,25.5711945332755],[-80.4457315532485,25.5730289556065],[-80.4457524750115,25.5748770139228],[-80.4457733994694,25.5767250655899],[-80.4457943185374,25.5785731195181],[-80.4458152403004,25.5804211740842],[-80.4437752722913,25.5804393985076],[-80.4417353051806,25.5804575929486],[-80.4396953380699,25.5804757574071],[-80.4376553691625,25.580493894314],[-80.4356207622991,25.5805123780102],[-80.4335861581306,25.5805308309136],[-80.4315515512672,25.5805492586961],[-80.4295169470987,25.5805676540652],[-80.4294978803568,25.5787283235503],[-80.4294788172082,25.5768889947521],[-80.4294597504663,25.5750496620011],[-80.429440685521,25.5732103325929],[-80.4294215541004,25.5713641836039],[-80.4294024172899,25.569518034512],[-80.429383287666,25.5676718877513],[-80.4293641544487,25.5658257376519]]]},"properties":{"OBJECTID":630,"CATEGORY":3,"ZONEID":"C"}},{"type":"Feature","id":631,"geometry":{"type":"Polygon","coordinates":[[[-80.445631603995,25.5656912662205],[-80.4476545031153,25.5656704650308],[-80.449677403134,25.5656496362853],[-80.4517003058476,25.5656287799837],[-80.4537232049679,25.5656078920744],[-80.4557620015738,25.5655830050203],[-80.4578007999763,25.565558088788],[-80.4598395992772,25.5655331409463],[-80.4618783949848,25.5655081671678],[-80.4618929099631,25.5673466367936],[-80.4619074267381,25.5691851081796],[-80.461921948903,25.5710235764611],[-80.461936465678,25.5728620440663],[-80.4619588328303,25.5746769887552],[-80.4619812044741,25.5764919237567],[-80.4620035770163,25.5783068652742],[-80.4620259486601,25.5801218052021],[-80.4600051489026,25.5801574811452],[-80.4579843527383,25.5801931303391],[-80.4559635556758,25.5802287487322],[-80.4539427541216,25.5802643419966],[-80.451910879035,25.5803035911586],[-80.4498790003551,25.5803428151896],[-80.447847118082,25.5803820067973],[-80.4458152403004,25.5804211740842],[-80.4457943185374,25.5785731195181],[-80.4457733994694,25.5767250655899],[-80.4457524750115,25.5748770139228],[-80.4457315532485,25.5730289556065],[-80.4457065675072,25.5711945332755],[-80.445681576376,25.5693601144438],[-80.445656588838,25.5675256902005],[-80.445631603995,25.5656912662205]]]},"properties":{"OBJECTID":631,"CATEGORY":4,"ZONEID":"D"}},{"type":"Feature","id":632,"geometry":{"type":"Polygon","coordinates":[[[-80.4618783949848,25.5655081671678],[-80.4639340179343,25.5654591207198],[-80.4659896399855,25.5654100483199],[-80.4680452638333,25.5653609442958],[-80.4701008840878,25.5653118110784],[-80.4782306841215,25.5651187585297],[-80.4782347741509,25.56570227337],[-80.4782434024692,25.5669281481057],[-80.4782523119602,25.5681942074783],[-80.4782561333934,25.5687375443801],[-80.4782596979085,25.5692437312995],[-80.478268865216,25.5705469311433],[-80.4782780316251,25.5718496063023],[-80.4782815943435,25.5723563229788],[-80.4782856825764,25.5728079394085],[-80.4782982086847,25.5741927792016],[-80.478314814941,25.5760292445287],[-80.4783314310789,25.5778656897869],[-80.4783419036384,25.5790232426629],[-80.47834804542,25.5797021417131],[-80.4783480014026,25.5797021417131],[-80.4701596069579,25.5799129633814],[-80.4681261939555,25.5799652149917],[-80.4660927800548,25.580017441461],[-80.4640593652557,25.5800696363071],[-80.4620259486601,25.5801218052021],[-80.4620035770163,25.5783068652742],[-80.4619812044741,25.5764919237567],[-80.4619588328303,25.5746769887552],[-80.461936465678,25.5728620440663],[-80.461921948903,25.5710235764611],[-80.4619074267381,25.5691851081796],[-80.4618929099631,25.5673466367936],[-80.4618783949848,25.5655081671678]]]},"properties":{"OBJECTID":632,"CATEGORY":4,"ZONEID":"D"}},{"type":"Feature","id":633,"geometry":{"type":"Polygon","coordinates":[[[-80.4782306841215,25.5651187585297],[-80.4802582625661,25.5650967538467],[-80.4822858562821,25.5650747224177],[-80.4843134428115,25.5650526593802],[-80.4863410383242,25.5650305712174],[-80.4883674058398,25.5649947489524],[-80.4903937724571,25.5649588991243],[-80.4924201327862,25.5649230209226],[-80.4944464985052,25.5648871086747],[-80.4944601690672,25.5667354393219],[-80.4944738387309,25.5685837689957],[-80.4944875092929,25.5704320960727],[-80.4945011798549,25.5722804221708],[-80.4945171554939,25.5740814043907],[-80.4945331338278,25.5758823813972],[-80.4945491085685,25.5776833629115],[-80.4945650842076,25.5794843392073],[-80.4925342430818,25.5795117894931],[-80.4905034082443,25.5795392130336],[-80.4884725662202,25.5795666106394],[-80.4864417232979,25.5795939766383],[-80.4844183031547,25.5796210614681],[-80.4823948857064,25.579648113881],[-80.4803714664615,25.5796751411695],[-80.47834804542,25.5797021417131],[-80.4783419036384,25.5790232426629],[-80.4783314310789,25.5778656897869],[-80.478314814941,25.5760292445287],[-80.4782982086847,25.5741927792016],[-80.4782856825764,25.5728079394085],[-80.4782815943435,25.5723563229788],[-80.4782780316251,25.5718496063023],[-80.478268865216,25.5705469311433],[-80.4782596979085,25.5692437312995],[-80.4782561333934,25.5687375443801],[-80.4782523119602,25.5681942074783],[-80.4782434024692,25.5669281481057],[-80.4782347741509,25.56570227337],[-80.4782306841215,25.5651187585297]]]},"properties":{"OBJECTID":633,"CATEGORY":4,"ZONEID":"D"}},{"type":"Feature","id":635,"geometry":{"type":"Polygon","coordinates":[[[-80.191542240143,25.4536174135117],[-80.1755413854201,25.4535965839749],[-80.1755900759052,25.4397873101824],[-80.191589036081,25.4398349559064],[-80.191542240143,25.4536174135117]]]},"properties":{"OBJECTID":635,"CATEGORY":1,"ZONEID":"A"}},{"type":"Feature","id":638,"geometry":{"type":"Polygon","coordinates":[[[-80.4112381624448,25.5807430852831],[-80.4132860994088,25.5807112930934],[-80.4132865548546,25.58251972835],[-80.4132870049106,25.5843281557259],[-80.4132874558648,25.5861365841314],[-80.4132879077174,25.5879450176148],[-80.4133877554613,25.5965684061552],[-80.4129664662543,25.5965818595583],[-80.4113481503716,25.5966335100477],[-80.4093086099607,25.5966985798783],[-80.4093085479769,25.5966985823088],[-80.4072689428873,25.5967636237487],[-80.4057833773423,25.5968109771159],[-80.4052293324077,25.596828636798],[-80.4046676886241,25.5968465071168],[-80.4031892377362,25.5968935420618],[-80.401149143963,25.5969584165047],[-80.4011490756911,25.5969584197453],[-80.3991090483932,25.5970232657977],[-80.3970689483318,25.5970880834597],[-80.3970596166327,25.5880953020479],[-80.3970538692115,25.5874443908768],[-80.397043471212,25.5862788787977],[-80.3970391170779,25.5857906925941],[-80.3970272638077,25.5844624555218],[-80.3970243586561,25.5841370006259],[-80.3970110564033,25.5826460314126],[-80.3970096047258,25.5824833020105],[-80.396994848999,25.580829607283],[-80.3990197208197,25.5808318176716],[-80.401044591742,25.5808340078037],[-80.4030694653594,25.5808361630946],[-80.4050943407733,25.5808382916468],[-80.4071422813305,25.5808065845598],[-80.409190222786,25.5807748523462],[-80.4112381624448,25.5807430852831]]]},"properties":{"OBJECTID":638,"CATEGORY":3,"ZONEID":"C"}},{"type":"Feature","id":639,"geometry":{"type":"Polygon","coordinates":[[[-80.4132860994088,25.5807112930934],[-80.415315152887,25.580693418744],[-80.417344205467,25.5806755111712],[-80.4193732589453,25.5806575776673],[-80.421402310627,25.5806396158017],[-80.4234309706432,25.5806216677077],[-80.4254596270662,25.5806036904417],[-80.4274882870825,25.5805856880549],[-80.4295169470987,25.5805676540652],[-80.429526606683,25.5824106478094],[-80.4295362680638,25.5842536415313],[-80.4295459240548,25.5860966311771],[-80.4295555845374,25.5879396264668],[-80.4296961421334,25.5959623176775],[-80.4284222421273,25.5960097418456],[-80.4276596425197,25.5960381313628],[-80.4256231384144,25.5961139215056],[-80.4243758581851,25.5961603272475],[-80.4235866352074,25.596189684055],[-80.422087189793,25.5962454462523],[-80.4215501418819,25.5962654173908],[-80.4211303950822,25.5962810112579],[-80.4195095378656,25.5963412106302],[-80.4179910319976,25.5963975917148],[-80.4174689446291,25.5964169730356],[-80.4169486035857,25.596436289541],[-80.4154283513927,25.5964927070377],[-80.4138980201022,25.5965494842159],[-80.4133877985804,25.5965684037248],[-80.4133877554613,25.5965684061552],[-80.4132879077174,25.5879450176148],[-80.4132874558648,25.5861365841314],[-80.4132870049106,25.5843281557259],[-80.4132865548546,25.58251972835],[-80.4132860994088,25.5807112930934]]]},"properties":{"OBJECTID":639,"CATEGORY":4,"ZONEID":"D"}},{"type":"Feature","id":640,"geometry":{"type":"Polygon","coordinates":[[[-80.4295169470987,25.5805676540652],[-80.4315515512672,25.5805492586961],[-80.4335861581306,25.5805308309136],[-80.4356207622991,25.5805123780102],[-80.4376553691625,25.580493894314],[-80.4396953380699,25.5804757574071],[-80.4417353051806,25.5804575929486],[-80.4437752722913,25.5804393985076],[-80.4458152403004,25.5804211740842],[-80.4458421169954,25.5822225815619],[-80.4458689990802,25.584023990284],[-80.4458958775719,25.5858253978172],[-80.4459227533685,25.5876268033486],[-80.446048451033,25.5953776508448],[-80.446048451033,25.5953776816309],[-80.4439784478524,25.5954518210845],[-80.4439783795805,25.595451823515],[-80.4419083072296,25.5955259378077],[-80.4410422468541,25.5955569369653],[-80.4398382357771,25.5956000180278],[-80.4377681589347,25.5956740714667],[-80.4377681212055,25.5956740714667],[-80.435750159226,25.5957461748077],[-80.4337321523307,25.5958182538005],[-80.4317141463337,25.5958902930521],[-80.4296961421334,25.5959623176775],[-80.4295555845374,25.5879396264668],[-80.4295459240548,25.5860966311771],[-80.4295362680638,25.5842536415313],[-80.429526606683,25.5824106478094],[-80.4295169470987,25.5805676540652]]]},"properties":{"OBJECTID":640,"CATEGORY":3,"ZONEID":"C"}},{"type":"Feature","id":641,"geometry":{"type":"Polygon","coordinates":[[[-80.4458152403004,25.5804211740842],[-80.447847118082,25.5803820067973],[-80.4498790003551,25.5803428151896],[-80.451910879035,25.5803035911586],[-80.4539427541216,25.5802643419966],[-80.4559635556758,25.5802287487322],[-80.4579843527383,25.5801931303391],[-80.4600051489026,25.5801574811452],[-80.4620259486601,25.5801218052021],[-80.4620523303834,25.5819585449937],[-80.4620787058184,25.583795284956],[-80.46210508844,25.5856320267067],[-80.4621314701633,25.5874687645716],[-80.4622543956267,25.5948311974513],[-80.4602290387158,25.5949003579729],[-80.4582036728217,25.5949694706547],[-80.4561783132158,25.5950385606121],[-80.4541529446268,25.5951076173129],[-80.4541529104908,25.5951076165027],[-80.4533988394885,25.5951327672028],[-80.4521268232496,25.5951751776034],[-80.4501007027706,25.5952427070696],[-80.4480745769018,25.595310208142],[-80.4469902133358,25.5953463227152],[-80.446048451033,25.5953776816309],[-80.446048451033,25.5953776508448],[-80.4459227533685,25.5876268033486],[-80.4458958775719,25.5858253978172],[-80.4458689990802,25.584023990284],[-80.4458421169954,25.5822225815619],[-80.4458152403004,25.5804211740842]]]},"properties":{"OBJECTID":641,"CATEGORY":4,"ZONEID":"D"}},{"type":"Feature","id":642,"geometry":{"type":"Polygon","coordinates":[[[-80.4620259486601,25.5801218052021],[-80.4640593652557,25.5800696363071],[-80.4660927800548,25.580017441461],[-80.4681261939555,25.5799652149917],[-80.4701596069579,25.5799129633814],[-80.4783480014026,25.5797021417131],[-80.47834804542,25.5797021417131],[-80.4783631011842,25.5813824114038],[-80.4783643687071,25.5815242741854],[-80.4783806928924,25.5833464315829],[-80.4783868589285,25.5840346757041],[-80.4783970170778,25.58516857258],[-80.4784133376698,25.5869907149997],[-80.47847081278,25.5942838147284],[-80.47847081278,25.5942838455148],[-80.4703637446146,25.5945477106757],[-80.4703636547831,25.5945477163469],[-80.46833641141,25.5946186359036],[-80.4670601533263,25.5946632631009],[-80.4663090764088,25.5946895189608],[-80.4642818339341,25.5947603768608],[-80.4642817369161,25.5947603792913],[-80.4622543956267,25.5948311974513],[-80.4621314701633,25.5874687645716],[-80.46210508844,25.5856320267067],[-80.4620787058184,25.583795284956],[-80.4620523303834,25.5819585449937],[-80.4620259486601,25.5801218052021]]]},"properties":{"OBJECTID":642,"CATEGORY":4,"ZONEID":"D"}},{"type":"Feature","id":643,"geometry":{"type":"Polygon","coordinates":[[[-80.3014213009691,25.7037638109612],[-80.3096296964036,25.7033757384769],[-80.317771852764,25.7029904694056],[-80.3181768914475,25.7104045691115],[-80.3185796600883,25.7177577984975],[-80.3104310681971,25.7180666410371],[-80.302282444865,25.7183750230776],[-80.3019353304494,25.7109548785944],[-80.3014213009691,25.7037638109612]]]},"properties":{"OBJECTID":643,"CATEGORY":4,"ZONEID":"D"}},{"type":"Feature","id":644,"geometry":{"type":"Polygon","coordinates":[[[-80.6228327397481,25.5497847187895],[-80.6387984245292,25.5497598957175],[-80.638666473692,25.5644663585627],[-80.622715417077,25.5644824970903],[-80.6228327397481,25.5497847187895]]]},"properties":{"OBJECTID":644,"CATEGORY":4,"ZONEID":"D"}},{"type":"Feature","id":645,"geometry":{"type":"Polygon","coordinates":[[[-80.6387984245292,25.5497598957175],[-80.65476412548,25.54973333094],[-80.6546776141248,25.5644484072339],[-80.638666473692,25.5644663585627],[-80.6387984245292,25.5497598957175]]]},"properties":{"OBJECTID":645,"CATEGORY":4,"ZONEID":"D"}},{"type":"Feature","id":646,"geometry":{"type":"Polygon","coordinates":[[[-80.6707297949897,25.5497050293186],[-80.6707298443971,25.5497050293186],[-80.6708198582835,25.5644285434274],[-80.6708198016896,25.5644285434274],[-80.6546776141248,25.5644484072339],[-80.65476412548,25.54973333094],[-80.6707297949897,25.5497050293186]]]},"properties":{"OBJECTID":646,"CATEGORY":4,"ZONEID":"D"}},{"type":"Feature","id":647,"geometry":{"type":"Polygon","coordinates":[[[-80.3070998986296,25.5521922859614],[-80.2990360313445,25.5521922892032],[-80.2991222175095,25.544785640787],[-80.2992083803183,25.5373789845957],[-80.3071828373849,25.537380175299],[-80.3151573052312,25.5373809291139],[-80.3151606056415,25.5447863864504],[-80.3151637739995,25.5521918353493],[-80.3070998986296,25.5521922859614]]]},"properties":{"OBJECTID":647,"CATEGORY":1,"ZONEID":"A"}},{"type":"Feature","id":649,"geometry":{"type":"Polygon","coordinates":[[[-80.323334032357,25.5521080725157],[-80.3151637739995,25.5521918353493],[-80.3151606056415,25.5447863864504],[-80.3151573052312,25.5373809291139],[-80.3232332386872,25.5373788160005],[-80.3313093059921,25.5373762854519],[-80.3314068621337,25.5447000564378],[-80.3315042943077,25.5520237658085],[-80.323334032357,25.5521080725157]]]},"properties":{"OBJECTID":649,"CATEGORY":1,"ZONEID":"A"}},{"type":"Feature","id":650,"geometry":{"type":"Polygon","coordinates":[[[-80.3313093059921,25.5373762854519],[-80.339416483752,25.5373322310396],[-80.3475238744126,25.5372876756885],[-80.347664387991,25.5445668524312],[-80.3478048764166,25.5518459948757],[-80.3396545561669,25.5519351182437],[-80.3315042943077,25.5520237658085],[-80.3314068621337,25.5447000564378],[-80.3313093059921,25.5373762854519]]]},"properties":{"OBJECTID":650,"CATEGORY":1,"ZONEID":"A"}},{"type":"Feature","id":651,"geometry":{"type":"Polygon","coordinates":[[[-80.3475238744126,25.5372876756885],[-80.355738030743,25.5372356283645],[-80.3639521322762,25.5371830946849],[-80.3639533503918,25.5444708261807],[-80.3639545613208,25.5517584939753],[-80.3558797013515,25.5518024936487],[-80.3478048764166,25.5518459948757],[-80.347664387991,25.5445668524312],[-80.3475238744126,25.5372876756885]]]},"properties":{"OBJECTID":651,"CATEGORY":1,"ZONEID":"A"}},{"type":"Feature","id":652,"geometry":{"type":"Polygon","coordinates":[[[-80.3801131099018,25.5370710078439],[-80.3821401053398,25.5370176238188],[-80.3841670962862,25.5369642081582],[-80.3861940854361,25.5369107673465],[-80.3882210817724,25.5368572989522],[-80.3902782085017,25.5368034147179],[-80.3923353388242,25.5367495029005],[-80.3943924682484,25.5366955634998],[-80.396449595876,25.5366415957053],[-80.3964690327239,25.5384843226432],[-80.3964884695717,25.5403270544965],[-80.3965079064195,25.5421697839675],[-80.396527339674,25.5440125159167],[-80.3965505467511,25.5458732603798],[-80.3965737538281,25.5477340043274],[-80.3965969555153,25.5495947509985],[-80.396620161694,25.551455491475],[-80.394572563395,25.5514739861369],[-80.3925249615027,25.5514924548613],[-80.3904773578137,25.551510891975],[-80.3884297622096,25.5515293031511],[-80.386374925286,25.5515509156331],[-80.3843200883624,25.551572502987],[-80.3822652514388,25.5515940538664],[-80.3802104118202,25.5516155804282],[-80.3801985154309,25.5498031237472],[-80.3801866118551,25.547990667214],[-80.3801747082792,25.5461782092102],[-80.3801628047034,25.5443657521701],[-80.3801503827997,25.5425420663591],[-80.3801379590993,25.5407183746922],[-80.3801255345006,25.5388946950038],[-80.3801131099018,25.5370710078439]]]},"properties":{"OBJECTID":652,"CATEGORY":2,"ZONEID":"B"}},{"type":"Feature","id":653,"geometry":{"type":"Polygon","coordinates":[[[-80.396449595876,25.5366415957053],[-80.3985012545602,25.536619402607],[-80.4005529105494,25.5365971803244],[-80.4026045656402,25.536574935342],[-80.404656226121,25.5365526587437],[-80.4066887713509,25.5365322431857],[-80.4087213102925,25.5365118081707],[-80.410753857319,25.5364913431616],[-80.4127863989555,25.5364708424844],[-80.4128191191914,25.5383188762679],[-80.4128518358341,25.5401669066985],[-80.412884553375,25.5420149362049],[-80.4129172673227,25.5438629680265],[-80.4129498285568,25.5457132456171],[-80.4129823799095,25.5475635303108],[-80.4130149393469,25.5494138083264],[-80.4130474987844,25.5512640861451],[-80.410967235945,25.5512929717397],[-80.4088869731056,25.5513218305821],[-80.4068067093678,25.5513506561888],[-80.4047264456301,25.5513794501807],[-80.4026998768918,25.5513985048814],[-80.4006733027637,25.5514175255399],[-80.3986467340254,25.5514365235024],[-80.396620161694,25.551455491475],[-80.3965969555153,25.5495947509985],[-80.3965737538281,25.5477340043274],[-80.3965505467511,25.5458732603798],[-80.396527339674,25.5440125159167],[-80.3965079064195,25.5421697839675],[-80.3964884695717,25.5403270544965],[-80.3964690327239,25.5384843226432],[-80.396449595876,25.5366415957053]]]},"properties":{"OBJECTID":653,"CATEGORY":2,"ZONEID":"B"}},{"type":"Feature","id":654,"geometry":{"type":"Polygon","coordinates":[[[-80.4127863989555,25.5364708424844],[-80.4148183593821,25.5364500945829],[-80.4168503153171,25.5364293150659],[-80.4188822712521,25.5364085104179],[-80.4209142343737,25.5363876773968],[-80.4229463852431,25.5363670429593],[-80.4249785388075,25.536346377717],[-80.4270106923719,25.5363256865332],[-80.4290428495296,25.5363049661656],[-80.4290649759333,25.5381773440834],[-80.4290871005404,25.5400497243774],[-80.4291092242493,25.5419220973184],[-80.4291313479581,25.5437944766824],[-80.4291511638949,25.5456278094408],[-80.4291709753402,25.5474611449601],[-80.4291907876838,25.5492944743224],[-80.4292106036206,25.5511278056297],[-80.4271767001381,25.5511465645523],[-80.4251427966555,25.5511652926745],[-80.4231088922747,25.551183994859],[-80.4210749887921,25.5512026702954],[-80.4190681147181,25.5512180641759],[-80.4170612442374,25.5512334337407],[-80.4150543719601,25.5512487741269],[-80.4130474987844,25.5512640861451],[-80.4130149393469,25.5494138083264],[-80.4129823799095,25.5475635303108],[-80.4129498285568,25.5457132456171],[-80.4129172673227,25.5438629680265],[-80.412884553375,25.5420149362049],[-80.4128518358341,25.5401669066985],[-80.4128191191914,25.5383188762679],[-80.4127863989555,25.5364708424844]]]},"properties":{"OBJECTID":654,"CATEGORY":3,"ZONEID":"C"}},{"type":"Feature","id":655,"geometry":{"type":"Polygon","coordinates":[[[-80.4290428495296,25.5363049661656],[-80.4310917656571,25.5362883164321],[-80.4331406745982,25.5362716367056],[-80.4351895880308,25.5362549205015],[-80.4372385014635,25.5362381864627],[-80.4392711032872,25.5362223359336],[-80.4413037024159,25.5362064610855],[-80.4433363051379,25.5361905513812],[-80.4453689060633,25.5361746189791],[-80.4453874805284,25.5380216992581],[-80.4454060594851,25.5398687835088],[-80.4454246339503,25.5417158628125],[-80.4454432084154,25.543562944461],[-80.4454611801109,25.5454099709062],[-80.445479158993,25.5472569964503],[-80.4454971342819,25.5491040210906],[-80.445515110469,25.5509510480662],[-80.4434729927915,25.5509719628448],[-80.4414308814022,25.5509928476327],[-80.439388764623,25.5510137024299],[-80.4373466451489,25.5510345329097],[-80.4353126374617,25.5510578928352],[-80.4332786234864,25.5510812268215],[-80.431244612206,25.5511045283848],[-80.4292106036206,25.5511278056297],[-80.4291907876838,25.5492944743224],[-80.4291709753402,25.5474611449601],[-80.4291511638949,25.5456278094408],[-80.4291313479581,25.5437944766824],[-80.4291092242493,25.5419220973184],[-80.4290871005404,25.5400497243774],[-80.4290649759333,25.5381773440834],[-80.4290428495296,25.5363049661656]]]},"properties":{"OBJECTID":655,"CATEGORY":4,"ZONEID":"D"}},{"type":"Feature","id":656,"geometry":{"type":"Polygon","coordinates":[[[-80.5095900783761,25.4476781720335],[-80.5115938811101,25.4476636417418],[-80.513597691929,25.4476490903582],[-80.5156014955613,25.4476345146381],[-80.5176053027869,25.4476199048475],[-80.5196668752785,25.4476127715118],[-80.5217284468718,25.4476056089739],[-80.5237900193634,25.4475984204785],[-80.52585158916,25.4475911954805],[-80.5258723761757,25.4494266060297],[-80.5258931694796,25.4512620153664],[-80.5259139609868,25.4530974251103],[-80.5259347515958,25.4549328336363],[-80.5259512752071,25.4567620887653],[-80.5259677988184,25.4585913412363],[-80.5259843206331,25.4604205951019],[-80.5260008469394,25.4622498487374],[-80.5239625749496,25.4622586901107],[-80.5219242993666,25.4622675063405],[-80.5198860309701,25.4622762917493],[-80.5178477562854,25.4622850520146],[-80.515806644721,25.4622921252735],[-80.513765528665,25.4622991766332],[-80.5117244171006,25.4623061939281],[-80.5096833073329,25.4623131852686],[-80.5096729973683,25.460482806016],[-80.5096626838106,25.4586524273099],[-80.509652373846,25.4568220450977],[-80.5096420602883,25.4549916634374],[-80.509629067056,25.4531632922922],[-80.5096160693322,25.4513349160875],[-80.5096030716083,25.4495065437486],[-80.5095900783761,25.4476781720335]]]},"properties":{"OBJECTID":656,"CATEGORY":4,"ZONEID":"D"}},{"type":"Feature","id":657,"geometry":{"type":"Polygon","coordinates":[[[-80.5739446109827,25.3744586360097],[-80.5819680729446,25.3744576725792],[-80.5899915438897,25.374456284655],[-80.5900500888934,25.3816991092424],[-80.5901086321004,25.3889419255338],[-80.5819146258801,25.3889583213632],[-80.5737206304396,25.3889742594739],[-80.5738326314909,25.3817164515726],[-80.5738326314909,25.3817164061229],[-80.5739446109827,25.3744586360097]]]},"properties":{"OBJECTID":657,"CATEGORY":2,"ZONEID":"B"}},{"type":"Feature","id":658,"geometry":{"type":"Polygon","coordinates":[[[-80.5899915438897,25.374456284655],[-80.5979879719514,25.3744365176903],[-80.6059843946233,25.3744163173002],[-80.6060445260518,25.3816620904037],[-80.6061046574803,25.3889078556699],[-80.5981066420954,25.3889251085054],[-80.5901086321004,25.3889419255338],[-80.5900500888934,25.3816991092424],[-80.5899915438897,25.374456284655]]]},"properties":{"OBJECTID":658,"CATEGORY":2,"ZONEID":"B"}},{"type":"Feature","id":659,"geometry":{"type":"Polygon","coordinates":[[[-80.6140997955613,25.3888914200675],[-80.6061046574803,25.3889078556699],[-80.6060445260518,25.3816620904037],[-80.6059843946233,25.3744163173002],[-80.6139813697591,25.3743953839849],[-80.6219783493864,25.3743740172438],[-80.6220366419635,25.3816242875447],[-80.6220949354389,25.388874550281],[-80.6140997955613,25.3888914200675]]]},"properties":{"OBJECTID":659,"CATEGORY":2,"ZONEID":"B"}},{"type":"Feature","id":660,"geometry":{"type":"Polygon","coordinates":[[[-80.6219783493864,25.3743740172438],[-80.6299720178236,25.3743495418705],[-80.6379656898541,25.3743246322583],[-80.6380259515383,25.3815800023951],[-80.6380862114259,25.3888353667904],[-80.6300905738816,25.388855176034],[-80.6220949354389,25.388874550281],[-80.6220366419635,25.3816242875447],[-80.6219783493864,25.3743740172438]]]},"properties":{"OBJECTID":660,"CATEGORY":2,"ZONEID":"B"}},{"type":"Feature","id":661,"geometry":{"type":"Polygon","coordinates":[[[-80.6379656898541,25.3743246322583],[-80.6459620173045,25.3743009539179],[-80.6539583438567,25.3742768413387],[-80.6540202261017,25.3815369516789],[-80.6540821146348,25.3887970573321],[-80.6460841603354,25.3888164283422],[-80.6380862114259,25.3888353667904],[-80.6380259515383,25.3815800023951],[-80.6379656898541,25.3743246322583]]]},"properties":{"OBJECTID":661,"CATEGORY":2,"ZONEID":"B"}},{"type":"Feature","id":662,"geometry":{"type":"Polygon","coordinates":[[[-80.6540821146348,25.3887970573321],[-80.6540202261017,25.3815369516789],[-80.6539583438567,25.3742768413387],[-80.6697880731111,25.3742278239923],[-80.669832640329,25.3887576344074],[-80.6540821146348,25.3887970573321]]]},"properties":{"OBJECTID":662,"CATEGORY":2,"ZONEID":"B"}},{"type":"Feature","id":663,"geometry":{"type":"Polygon","coordinates":[[[-80.4609876785497,25.3601542173557],[-80.4690037374953,25.3601979194071],[-80.4770198269837,25.3602411855346],[-80.4769966055336,25.3674788979239],[-80.4769733858802,25.3747166045816],[-80.4690439757319,25.3747894314661],[-80.4611145664819,25.3748618321911],[-80.4610511220666,25.3675080281553],[-80.4609876785497,25.3601542173557]]]},"properties":{"OBJECTID":663,"CATEGORY":1,"ZONEID":"A"}},{"type":"Feature","id":664,"geometry":{"type":"Polygon","coordinates":[[[-80.4611145664819,25.3748618321911],[-80.4529282381623,25.3746351084156],[-80.4447419520635,25.3744079264428],[-80.4447855275413,25.3671041182987],[-80.4448290886461,25.3598003021591],[-80.4529083683265,25.359977479465],[-80.4609876785497,25.3601542173557],[-80.4610511220666,25.3675080281553],[-80.4611145664819,25.3748618321911]]]},"properties":{"OBJECTID":664,"CATEGORY":1,"ZONEID":"A"}},{"type":"Feature","id":665,"geometry":{"type":"Polygon","coordinates":[[[-80.4203779868615,25.3744276690627],[-80.412303271521,25.3744169609401],[-80.4123580966011,25.3670608221599],[-80.41241290102,25.359704677154],[-80.4204987563683,25.3597209170372],[-80.428584621598,25.3597367128907],[-80.4285186771714,25.3670873282624],[-80.4284527120834,25.3744379323992],[-80.4203779868615,25.3744276690627]]]},"properties":{"OBJECTID":665,"CATEGORY":1,"ZONEID":"A"}},{"type":"Feature","id":666,"geometry":{"type":"Polygon","coordinates":[[[-80.436597328031,25.3744231562787],[-80.4284527120834,25.3744379323992],[-80.4285186771714,25.3670873282624],[-80.428584621598,25.3597367128907],[-80.4367068497322,25.3597687315721],[-80.4448290886461,25.3598003021591],[-80.4447855275413,25.3671041182987],[-80.4447419520635,25.3744079264428],[-80.436597328031,25.3744231562787]]]},"properties":{"OBJECTID":666,"CATEGORY":1,"ZONEID":"A"}},{"type":"Feature","id":667,"geometry":{"type":"Polygon","coordinates":[[[-80.2848052044812,25.3746715093073],[-80.300859362538,25.3747417429983],[-80.301030273309,25.389221378236],[-80.284893142361,25.3893121600735],[-80.2848052044812,25.3746715093073]]]},"properties":{"OBJECTID":667,"CATEGORY":1,"ZONEID":"A"}},{"type":"Feature","id":670,"geometry":{"type":"Polygon","coordinates":[[[-80.3471302272652,25.4482847519458],[-80.3552112838132,25.4482630324605],[-80.3632923744972,25.4482419156595],[-80.363310124309,25.4556293780965],[-80.3633277797975,25.4630168105151],[-80.3552613316526,25.4630508829567],[-80.347197012515,25.4630844963315],[-80.3471636544752,25.4556846289618],[-80.3471302272652,25.4482847519458]]]},"properties":{"OBJECTID":670,"CATEGORY":1,"ZONEID":"A"}},{"type":"Feature","id":671,"geometry":{"type":"Polygon","coordinates":[[[-80.8432101653467,25.6021900298893],[-80.8306701627824,25.6023999297187],[-80.826970061416,25.6024299298449],[-80.826959960759,25.6013500291177],[-80.8265801611416,25.5863300257261],[-80.8302400611026,25.5862800260733],[-80.8427499656132,25.5859799256297],[-80.843200165301,25.600959928584],[-80.8432101653467,25.6021900298893]]]},"properties":{"OBJECTID":671,"CATEGORY":3,"ZONEID":"C"}},{"type":"Feature","id":672,"geometry":{"type":"Polygon","coordinates":[[[-80.8593101707206,25.6020400296924],[-80.8469701672746,25.6021200294428],[-80.8432101653467,25.6021900298893],[-80.843200165301,25.600959928584],[-80.8427499656132,25.5859799256297],[-80.8463500665223,25.5858899250041],[-80.8585099703302,25.585730024463],[-80.8593300702009,25.6007899281101],[-80.8593101707206,25.6020400296924]]]},"properties":{"OBJECTID":672,"CATEGORY":3,"ZONEID":"C"}},{"type":"Feature","id":673,"geometry":{"type":"Polygon","coordinates":[[[-80.8108300567574,25.6170000346112],[-80.7977001530039,25.6171299341744],[-80.7948100526477,25.617159934654],[-80.7948100517494,25.6160601343612],[-80.7946501516288,25.6025300298549],[-80.7979700527294,25.602500030564],[-80.8106501565453,25.6025099301445],[-80.810820157323,25.6162000330255],[-80.8108300567574,25.6170000346112]]]},"properties":{"OBJECTID":673,"CATEGORY":3,"ZONEID":"C"}},{"type":"Feature","id":674,"geometry":{"type":"Polygon","coordinates":[[[-80.7948100526477,25.617159934654],[-80.781520047551,25.6172800336984],[-80.7783000462966,25.6173500341777],[-80.7783000471949,25.6164601342668],[-80.7783300473321,25.6026500301838],[-80.7818599475966,25.6026500309939],[-80.7946501516288,25.6025300298549],[-80.7948100517494,25.6160601343612],[-80.7948100526477,25.617159934654]]]},"properties":{"OBJECTID":674,"CATEGORY":3,"ZONEID":"C"}},{"type":"Feature","id":675,"geometry":{"type":"Polygon","coordinates":[[[-80.826970061416,25.6024299298449],[-80.8141599570054,25.6025099301445],[-80.8106501565453,25.6025099301445],[-80.8106501565453,25.6016900298515],[-80.8105500563749,25.5864699251474],[-80.8141299568682,25.5864999260283],[-80.8265801611416,25.5863300257261],[-80.826959960759,25.6013500291177],[-80.826970061416,25.6024299298449]]]},"properties":{"OBJECTID":675,"CATEGORY":3,"ZONEID":"C"}},{"type":"Feature","id":676,"geometry":{"type":"Polygon","coordinates":[[[-80.8585099703302,25.585730024463],[-80.8622100716967,25.5856800245595],[-80.873579974586,25.5857633239609],[-80.8735700742532,25.6019900285048],[-80.8630900721288,25.6020200279237],[-80.8593101707206,25.6020400296924],[-80.8593300702009,25.6007899281101],[-80.8585099703302,25.585730024463]]]},"properties":{"OBJECTID":676,"CATEGORY":3,"ZONEID":"C"}},{"type":"Feature","id":677,"geometry":{"type":"Polygon","coordinates":[[[-80.7778066466267,25.5866000264067],[-80.781570148391,25.5866399265286],[-80.794420151475,25.5864300265893],[-80.7946400509717,25.6016100298135],[-80.7946501516288,25.6025300298549],[-80.7818599475966,25.6026500309939],[-80.7783300473321,25.6026500301838],[-80.7783300464338,25.6019500306181],[-80.7778066466267,25.5866000264067]]]},"properties":{"OBJECTID":677,"CATEGORY":3,"ZONEID":"C"}},{"type":"Feature","id":678,"geometry":{"type":"Polygon","coordinates":[[[-80.8106501565453,25.6025099301445],[-80.7979700527294,25.602500030564],[-80.7946501516288,25.6025300298549],[-80.7946400509717,25.6016100298135],[-80.794420151475,25.5864300265893],[-80.7977400516773,25.5863700264055],[-80.8105500563749,25.5864699251474],[-80.8106501565453,25.6016900298515],[-80.8106501565453,25.6025099301445]]]},"properties":{"OBJECTID":678,"CATEGORY":3,"ZONEID":"C"}},{"type":"Feature","id":679,"geometry":{"type":"Polygon","coordinates":[[[-80.8265801611416,25.5863300257261],[-80.8141299568682,25.5864999260283],[-80.8105500563749,25.5864699251474],[-80.8105400554308,25.5855499255408],[-80.8103700555515,25.571690021667],[-80.8138800572342,25.5716501222337],[-80.8262000596904,25.5715800212657],[-80.8265801611416,25.5863300257261]]]},"properties":{"OBJECTID":679,"CATEGORY":3,"ZONEID":"C"}},{"type":"Feature","id":680,"geometry":{"type":"Polygon","coordinates":[[[-80.7778066466267,25.5866000264067],[-80.77810004628,25.5718299236145],[-80.7815200466527,25.5717900226071],[-80.7941901504229,25.5717999222978],[-80.7943999501609,25.5855399257088],[-80.794420151475,25.5864300265893],[-80.781570148391,25.5866399265286],[-80.7778066466267,25.5866000264067]]]},"properties":{"OBJECTID":680,"CATEGORY":3,"ZONEID":"C"}},{"type":"Feature","id":681,"geometry":{"type":"Polygon","coordinates":[[[-80.8427499656132,25.5859799256297],[-80.8302400611026,25.5862800260733],[-80.8265801611416,25.5863300257261],[-80.8262000596904,25.5715800212657],[-80.8299999602917,25.5715500215071],[-80.8423699647733,25.5712499214062],[-80.8427300652347,25.5852899247752],[-80.8427499656132,25.5859799256297]]]},"properties":{"OBJECTID":681,"CATEGORY":3,"ZONEID":"C"}},{"type":"Feature","id":682,"geometry":{"type":"Polygon","coordinates":[[[-80.8423699647733,25.5712499214062],[-80.8299999602917,25.5715500215071],[-80.8262000596904,25.5715800212657],[-80.8261801602103,25.5709601222353],[-80.8258500598861,25.5575700172359],[-80.8297100613731,25.5574701178812],[-80.8420400647734,25.5575601179898],[-80.8423600653389,25.5706201208794],[-80.8423699647733,25.5712499214062]]]},"properties":{"OBJECTID":682,"CATEGORY":3,"ZONEID":"C"}},{"type":"Feature","id":683,"geometry":{"type":"Polygon","coordinates":[[[-80.8585099703302,25.585730024463],[-80.8584600698145,25.5849701243064],[-80.8584700698603,25.5713099218767],[-80.8621001709065,25.5713500207631],[-80.8737000739495,25.5712700206961],[-80.873579974586,25.5857633239609],[-80.8622100716967,25.5856800245595],[-80.8585099703302,25.585730024463]]]},"properties":{"OBJECTID":683,"CATEGORY":3,"ZONEID":"C"}},{"type":"Feature","id":684,"geometry":{"type":"Polygon","coordinates":[[[-80.8585099703302,25.585730024463],[-80.8463500665223,25.5858899250041],[-80.8427499656132,25.5859799256297],[-80.8427300652347,25.5852899247752],[-80.8423699647733,25.5712499214062],[-80.8459699659694,25.5711601211996],[-80.8584700698603,25.5713099218767],[-80.8584600698145,25.5849701243064],[-80.8585099703302,25.585730024463]]]},"properties":{"OBJECTID":684,"CATEGORY":3,"ZONEID":"C"}},{"type":"Feature","id":689,"geometry":{"type":"Polygon","coordinates":[[[-80.4850444360942,25.3746521165485],[-80.4931154872066,25.3745871885663],[-80.4931028973179,25.3818990312276],[-80.4930902993443,25.3892108686324],[-80.4851213148145,25.3892122693718],[-80.4771523671156,25.3892132367423],[-80.4771523365729,25.3892132367423],[-80.4771218279892,25.3867417039996],[-80.4770628607773,25.3819649243312],[-80.4770150533362,25.3780920671251],[-80.4769733858802,25.3747166045816],[-80.4769734379824,25.3747166053933],[-80.4850444360942,25.3746521165485]]]},"properties":{"OBJECTID":689,"CATEGORY":2,"ZONEID":"B"}},{"type":"Feature","id":690,"geometry":{"type":"Polygon","coordinates":[[[-80.4768258816121,25.3169388211001],[-80.4929514934632,25.3168820848289],[-80.4930544026656,25.3316144637715],[-80.4769287962043,25.3317303022728],[-80.4768258816121,25.3169388211001]]]},"properties":{"OBJECTID":690,"CATEGORY":1,"ZONEID":"A"}},{"type":"Feature","id":691,"geometry":{"type":"Polygon","coordinates":[[[-80.4932205577557,25.4038704184064],[-80.5012650618548,25.4038400424385],[-80.5093095704455,25.4038092258432],[-80.5093566960653,25.4111283830831],[-80.5094038162953,25.418447522131],[-80.5073897574956,25.4184536697737],[-80.5073896739523,25.4184536689623],[-80.5053757067809,25.4184597792824],[-80.5045078470798,25.4184624032067],[-80.5033616524728,25.4184658603933],[-80.501347672725,25.4184719122951],[-80.5013475981648,25.4184719122951],[-80.4993250359127,25.4184781938103],[-80.4973024772539,25.4184844485504],[-80.4952799194934,25.4184906675905],[-80.4932573446649,25.418496865535],[-80.493238958846,25.4111836478681],[-80.4932205577557,25.4038704184064]]]},"properties":{"OBJECTID":691,"CATEGORY":2,"ZONEID":"B"}},{"type":"Feature","id":692,"geometry":{"type":"Polygon","coordinates":[[[-80.3642333507742,25.3155518829141],[-80.3801214112333,25.3154881591378],[-80.3801201805414,25.3156841336185],[-80.3800301190443,25.3300211695254],[-80.3800295019017,25.3301192960679],[-80.3792814514084,25.3301287910021],[-80.364138550664,25.330320183513],[-80.3642333507742,25.3155518829141]]]},"properties":{"OBJECTID":692,"CATEGORY":1,"ZONEID":"A"}},{"type":"Feature","id":693,"geometry":{"type":"Polygon","coordinates":[[[-80.3123167810988,25.5996534102627],[-80.3157049784155,25.599574511453],[-80.3158101154397,25.601561975973],[-80.3159152542606,25.6035494398646],[-80.3160203939798,25.6055369031244],[-80.3161255426821,25.6075243657488],[-80.3161939592725,25.6093473462531],[-80.3162623776595,25.6111703281183],[-80.3163307969448,25.6129933081015],[-80.3163992171284,25.6148162902503],[-80.3143987875682,25.614881063435],[-80.3123983598048,25.6149458106638],[-80.3103979302446,25.6150105319365],[-80.308397493498,25.6150752248233],[-80.3007371925577,25.6153294598742],[-80.300369654944,25.6076344837817],[-80.3000021523647,25.5999394951767],[-80.3038986110792,25.599849089456],[-80.3051187289492,25.5998207591728],[-80.3078535860514,25.5997572173288],[-80.3123167810988,25.5996534102627]]]},"properties":{"OBJECTID":693,"CATEGORY":1,"ZONEID":"A"}},{"type":"Feature","id":694,"geometry":{"type":"Polygon","coordinates":[[[-80.1627619800361,25.9004439948184],[-80.1707688249619,25.90009536528],[-80.1788277191735,25.8997440211512],[-80.1791849629924,25.9070374823236],[-80.1795313614507,25.9141558643419],[-80.1714998299226,25.9144830972243],[-80.1634682705468,25.9148098880387],[-80.1631151077743,25.9076269464067],[-80.1627619800361,25.9004439948184]]]},"properties":{"OBJECTID":694,"CATEGORY":5,"ZONEID":"E"}},{"type":"Feature","id":695,"geometry":{"type":"Polygon","coordinates":[[[-80.1788277191735,25.8997440211512],[-80.1868816501932,25.8993891696708],[-80.194935547077,25.899033862975],[-80.1953001184536,25.9063552940162],[-80.1956647257628,25.9136767037604],[-80.1875980530391,25.9139165085121],[-80.1795313614507,25.9141558643419],[-80.1791849629924,25.9070374823236],[-80.1788277191735,25.8997440211512]]]},"properties":{"OBJECTID":695,"CATEGORY":4,"ZONEID":"D"}},{"type":"Feature","id":696,"geometry":{"type":"Polygon","coordinates":[[[-80.2031029308255,25.8986567455165],[-80.2112702759465,25.8982791678529],[-80.2116319655277,25.9056524036213],[-80.2116952410597,25.9130327212246],[-80.2036799986826,25.9133549331107],[-80.195664797628,25.9136766981044],[-80.1956647257628,25.9136767037604],[-80.1953001184536,25.9063552940162],[-80.194935547077,25.899033862975],[-80.1949355875012,25.8990338597426],[-80.2031029308255,25.8986567455165]]]},"properties":{"OBJECTID":696,"CATEGORY":4,"ZONEID":"D"}},{"type":"Feature","id":710,"geometry":{"type":"Polygon","coordinates":[[[-80.22673531884,25.883100489902],[-80.2348842511925,25.8827712844403],[-80.2430413725872,25.8827471239739],[-80.2433192718103,25.8900091622716],[-80.2435971961862,25.8972711910395],[-80.2354846905184,25.8974549087626],[-80.2273721650877,25.897638172854],[-80.2270537266925,25.8903693361621],[-80.22673531884,25.883100489902]]]},"properties":{"OBJECTID":710,"CATEGORY":5,"ZONEID":"E"}},{"type":"Feature","id":722,"geometry":{"type":"Polygon","coordinates":[[[-80.1982294581198,25.7662694023212],[-80.2064552009207,25.766028498014],[-80.2065662461646,25.7732676847282],[-80.2066773003916,25.7805068650245],[-80.2066772294247,25.7805068674512],[-80.1985968618845,25.7807432278877],[-80.1905163982245,25.7809791271849],[-80.1904753119784,25.779819523523],[-80.1902600415003,25.7737444949],[-80.1901121177191,25.7695697420967],[-80.1900036955559,25.7665098442013],[-80.1982294581198,25.7662694023212]]]},"properties":{"OBJECTID":722,"CATEGORY":2,"ZONEID":"B"}},{"type":"Feature","id":723,"geometry":{"type":"Polygon","coordinates":[[[-80.2148448422436,25.780232674874],[-80.2066773003916,25.7805068650245],[-80.2065662461646,25.7732676847282],[-80.2064552009207,25.766028498014],[-80.214488929728,25.7658244465543],[-80.222522643264,25.7656199538364],[-80.2227674907728,25.7727889910096],[-80.2230123598411,25.7799580222039],[-80.2148448422436,25.780232674874]]]},"properties":{"OBJECTID":723,"CATEGORY":2,"ZONEID":"B"}},{"type":"Feature","id":724,"geometry":{"type":"Polygon","coordinates":[[[-80.2311832892401,25.7797149697209],[-80.2230123598411,25.7799580222039],[-80.2227674907728,25.7727889910096],[-80.222522643264,25.7656199538364],[-80.2306811238097,25.7654050472409],[-80.2388395872875,25.7651896823581],[-80.2390968854461,25.7723305735326],[-80.2393542006728,25.7794714605147],[-80.2311832892401,25.7797149697209]]]},"properties":{"OBJECTID":724,"CATEGORY":5,"ZONEID":"E"}},{"type":"Feature","id":725,"geometry":{"type":"Polygon","coordinates":[[[-80.2388395872875,25.7651896823581],[-80.2469880471262,25.7649437324966],[-80.2551364863037,25.7646973266523],[-80.2554097951357,25.771821741383],[-80.2556831273238,25.7789461442063],[-80.247518677473,25.77920903036],[-80.2393542006728,25.7794714605147],[-80.2390968854461,25.7723305735326],[-80.2388395872875,25.7651896823581]]]},"properties":{"OBJECTID":725,"CATEGORY":5,"ZONEID":"E"}},{"type":"Feature","id":726,"geometry":{"type":"Polygon","coordinates":[[[-80.2551364863037,25.7646973266523],[-80.2632994287815,25.7644360870508],[-80.2714623488014,25.7641743881632],[-80.2716930837771,25.7714505524969],[-80.2719238385157,25.7787267124038],[-80.2640194042273,25.7787421731994],[-80.2640193727862,25.7787421731994],[-80.2556831273238,25.7789461442063],[-80.2554097951357,25.771821741383],[-80.2551364863037,25.7646973266523]]]},"properties":{"OBJECTID":726,"CATEGORY":5,"ZONEID":"E"}},{"type":"Feature","id":727,"geometry":{"type":"Polygon","coordinates":[[[-80.2714623488014,25.7641743881632],[-80.2796581543472,25.763871180497],[-80.2878538646716,25.7635675141519],[-80.2878539266553,25.7635675117248],[-80.2881028049048,25.7707798952994],[-80.2882293981896,25.7744483255272],[-80.2883517011206,25.7779922620261],[-80.2822163748168,25.778266783349],[-80.2801378735736,25.7783597256051],[-80.280137789132,25.7783597280319],[-80.2719238385157,25.7787267124038],[-80.2716930837771,25.7714505524969],[-80.2714623488014,25.7641743881632]]]},"properties":{"OBJECTID":727,"CATEGORY":5,"ZONEID":"E"}},{"type":"Feature","id":728,"geometry":{"type":"Polygon","coordinates":[[[-80.2883517011206,25.7779922620261],[-80.2882293981896,25.7744483255272],[-80.2881028049048,25.7707798952994],[-80.2878539266553,25.7635675117248],[-80.295872723666,25.7633398949445],[-80.3038914973204,25.7631118384291],[-80.3041836159761,25.7702817535487],[-80.3044757660728,25.7774516731567],[-80.3026461897915,25.7775130906891],[-80.2964137475206,25.7777221891395],[-80.288351781969,25.7779922684975],[-80.2883517011206,25.7779922620261]]]},"properties":{"OBJECTID":728,"CATEGORY":4,"ZONEID":"D"}},{"type":"Feature","id":729,"geometry":{"type":"Polygon","coordinates":[[[-80.3038914973204,25.7631118384291],[-80.3118067437317,25.7628489287502],[-80.3197219613968,25.7625855913238],[-80.320061997088,25.7697467381845],[-80.3204020211011,25.7769078825154],[-80.3124389133499,25.7771799836148],[-80.3044757660728,25.7774516731567],[-80.3041836159761,25.7702817535487],[-80.3038914973204,25.7631118384291]]]},"properties":{"OBJECTID":729,"CATEGORY":5,"ZONEID":"E"}},{"type":"Feature","id":730,"geometry":{"type":"Polygon","coordinates":[[[-80.3197219613968,25.7625855913238],[-80.3279447792832,25.7624575104224],[-80.3361847774494,25.7623286996406],[-80.3364193733842,25.7694758504957],[-80.3366539827936,25.776622982718],[-80.3285286581667,25.7767621581592],[-80.3235216733519,25.7768519904571],[-80.3204020211011,25.7769078825154],[-80.320061997088,25.7697467381845],[-80.3197219613968,25.7625855913238]]]},"properties":{"OBJECTID":730,"CATEGORY":5,"ZONEID":"E"}},{"type":"Feature","id":731,"geometry":{"type":"Polygon","coordinates":[[[-80.3361847774494,25.7623286996406],[-80.3442942890324,25.762064400743],[-80.3524037745642,25.7617996481999],[-80.3529686549778,25.7689317741364],[-80.3535335973752,25.7760638978208],[-80.3450937572959,25.7763425532009],[-80.3420049172594,25.7764452461986],[-80.3366539827936,25.776622982718],[-80.3364193733842,25.7694758504957],[-80.3361847774494,25.7623286996406]]]},"properties":{"OBJECTID":731,"CATEGORY":5,"ZONEID":"E"}},{"type":"Feature","id":734,"geometry":{"type":"Polygon","coordinates":[[[-80.3481195697354,25.5987777642293],[-80.348119622736,25.5987777650395],[-80.3502256223083,25.5987139941822],[-80.351228294879,25.5986836196498],[-80.3512585240866,25.5986827033827],[-80.3523316748812,25.5986501876448],[-80.3544377292508,25.5985863543387],[-80.3544377633867,25.5985863535286],[-80.355025852674,25.5985685223564],[-80.3562934734563,25.5985300820345],[-80.3565436919921,25.5985224869727],[-80.3565437782304,25.5985224837322],[-80.3573653791859,25.5984975613942],[-80.3585250170811,25.5984623745732],[-80.3591766549882,25.5984425958049],[-80.3605062577284,25.598402236219],[-80.3624873941712,25.5983420735303],[-80.3624874938842,25.5983420702897],[-80.3630081996437,25.5983262514722],[-80.3644687327349,25.5982818897477],[-80.3645995148638,25.6001468049237],[-80.3647303005861,25.6020117307127],[-80.3648610934948,25.60387665739],[-80.3649918864035,25.6057415825224],[-80.3651161602383,25.6076077811706],[-80.365240434073,25.6094739757982],[-80.3653647177892,25.6113401704529],[-80.3654889952171,25.6132063659418],[-80.3634357887358,25.6132901143749],[-80.3613825786611,25.6133738352081],[-80.3593293676882,25.613457524391],[-80.357276150427,25.613541185164],[-80.355229495359,25.6136235093165],[-80.353182837596,25.6137058058709],[-80.3511361780364,25.6137880740173],[-80.349089510392,25.6138703129459],[-80.3489699949334,25.6120169411723],[-80.3489677796879,25.6119826064509],[-80.3488504776781,25.610163572251],[-80.3488460516787,25.6100949017337],[-80.3487309649144,25.6083101988944],[-80.3487243227711,25.6082071979871],[-80.3486113811837,25.6064568316362],[-80.3486025983552,25.6063194895438],[-80.348488435059,25.6045370666663],[-80.3484818369332,25.6044340616981],[-80.3483654763578,25.6026173008448],[-80.3483610764096,25.6025486308535],[-80.3482425212499,25.600697534175],[-80.3482403212758,25.6006632026836],[-80.3481195697354,25.5987777642293]]]},"properties":{"OBJECTID":734,"CATEGORY":4,"ZONEID":"D"}},{"type":"Feature","id":735,"geometry":{"type":"Polygon","coordinates":[[[-80.3480403634802,25.5812547700837],[-80.3561840586547,25.5811770048434],[-80.3643276882521,25.5810988425261],[-80.3643982572059,25.589690370795],[-80.3644687327349,25.5982818897477],[-80.3630081996437,25.5983262514722],[-80.3624874938842,25.5983420702897],[-80.3624873941712,25.5983420735303],[-80.3605062577284,25.598402236219],[-80.3591766549882,25.5984425958049],[-80.3585250170811,25.5984623745732],[-80.3573653791859,25.5984975613942],[-80.3565437782304,25.5985224837322],[-80.3565436919921,25.5985224869727],[-80.3562934734563,25.5985300820345],[-80.355025852674,25.5985685223564],[-80.3544377633867,25.5985863535286],[-80.3544377292508,25.5985863543387],[-80.3523316748812,25.5986501876448],[-80.3512585240866,25.5986827033827],[-80.351228294879,25.5986836196498],[-80.3502256223083,25.5987139941822],[-80.348119622736,25.5987777650395],[-80.3481195697354,25.5987777642293],[-80.3480799010308,25.5900162958947],[-80.3480403634802,25.5812547700837]]]},"properties":{"OBJECTID":735,"CATEGORY":2,"ZONEID":"B"}},{"type":"Feature","id":736,"geometry":{"type":"Polygon","coordinates":[[[-80.3643276882521,25.5810988425261],[-80.3725235944092,25.580991422531],[-80.3807195886013,25.5808835851559],[-80.3807196290254,25.5808835859662],[-80.3807412685423,25.5827659739059],[-80.3807522773961,25.5837236783816],[-80.3807629062626,25.584648362217],[-80.3807845466778,25.5865307500863],[-80.3808005277067,25.5879208538619],[-80.380806187093,25.5884131367008],[-80.380806187093,25.588413176401],[-80.3808740826605,25.5940846597122],[-80.3809162432917,25.5976064776652],[-80.3736859425217,25.5979074708879],[-80.3725986603293,25.5979527020355],[-80.3725986261934,25.5979527028457],[-80.3725985731928,25.597952704466],[-80.3705661672018,25.5980350393531],[-80.3685336992271,25.5981173474489],[-80.3678898955276,25.5981434129772],[-80.3676189699261,25.5981543806861],[-80.366501215981,25.5981996287533],[-80.3644687327349,25.5982818897477],[-80.3643982572059,25.589690370795],[-80.3643276882521,25.5810988425261]]]},"properties":{"OBJECTID":736,"CATEGORY":3,"ZONEID":"C"}},{"type":"Feature","id":737,"geometry":{"type":"Polygon","coordinates":[[[-80.3807196290254,25.5808835859662],[-80.3827799034515,25.5808860232264],[-80.3848401787758,25.5808884280763],[-80.3869004576934,25.580890804567],[-80.3889607312211,25.5808931526986],[-80.3909692599918,25.5808773080762],[-80.3929777896609,25.5808614359029],[-80.3949863184316,25.5808455337479],[-80.396994848999,25.580829607283],[-80.3970096047258,25.5824833020105],[-80.3970110564033,25.5826460314126],[-80.3970243586561,25.5841370006259],[-80.3970272638077,25.5844624555218],[-80.3970391170779,25.5857906925941],[-80.397043471212,25.5862788787977],[-80.3970538692115,25.5874443908768],[-80.3970596166327,25.5880953020479],[-80.3970689483318,25.5970880834597],[-80.3970689168908,25.5970880834597],[-80.395049774525,25.5971529796711],[-80.394346221181,25.5971755852629],[-80.3930306007182,25.5972178499225],[-80.3910114206231,25.5972826893531],[-80.38899222885,25.5973475044441],[-80.3869732472826,25.5974122887144],[-80.3862437604747,25.5974356882015],[-80.3849542459523,25.597477042164],[-80.3829352437237,25.5975417712741],[-80.3815603748763,25.5975858351393],[-80.3809162432917,25.5976064776652],[-80.3808740826605,25.5940846597122],[-80.380806187093,25.588413176401],[-80.380806187093,25.5884131367008],[-80.3808005277067,25.5879208538619],[-80.3807845466778,25.5865307500863],[-80.3807629062626,25.584648362217],[-80.3807522773961,25.5837236783816],[-80.3807412685423,25.5827659739059],[-80.3807196290254,25.5808835859662]]]},"properties":{"OBJECTID":737,"CATEGORY":3,"ZONEID":"C"}},{"type":"Feature","id":738,"geometry":{"type":"Polygon","coordinates":[[[-80.2533498476964,25.3545813047763],[-80.2692101421284,25.3544171138244],[-80.2696162542986,25.3685118017369],[-80.2535543635438,25.3687315962419],[-80.2533498476964,25.3545813047763]]]},"properties":{"OBJECTID":738,"CATEGORY":1,"ZONEID":"A"}},{"type":"Feature","id":739,"geometry":{"type":"Polygon","coordinates":[[[-80.253554369832,25.3687319988402],[-80.2535543635438,25.3687315962419],[-80.2696162542986,25.3685118017369],[-80.2697696793626,25.3824955828943],[-80.253772911076,25.382588342781],[-80.253554369832,25.3687319988402]]]},"properties":{"OBJECTID":739,"CATEGORY":1,"ZONEID":"A"}},{"type":"Feature","id":740,"geometry":{"type":"Polygon","coordinates":[[[-80.2384662070312,25.4105566730356],[-80.2223971270592,25.4107972384926],[-80.2222002819259,25.3967940580752],[-80.2381389157389,25.3965591403467],[-80.2384662070312,25.4105566730356]]]},"properties":{"OBJECTID":740,"CATEGORY":1,"ZONEID":"A"}},{"type":"Feature","id":741,"geometry":{"type":"Polygon","coordinates":[[[-80.2215264448515,25.3689136378935],[-80.2379257634883,25.3688422246766],[-80.2379874993079,25.382669986161],[-80.221836376201,25.3827476745791],[-80.2215264448515,25.3689136378935]]]},"properties":{"OBJECTID":741,"CATEGORY":1,"ZONEID":"A"}},{"type":"Feature","id":742,"geometry":{"type":"Polygon","coordinates":[[[-80.2381389157389,25.3965591403467],[-80.2222002819259,25.3967940580752],[-80.221836376201,25.3827476745791],[-80.2379874993079,25.382669986161],[-80.2381389157389,25.3965591403467]]]},"properties":{"OBJECTID":742,"CATEGORY":1,"ZONEID":"A"}},{"type":"Feature","id":743,"geometry":{"type":"Polygon","coordinates":[[[-80.4118826560504,25.4480797810415],[-80.4199720929817,25.4480501259756],[-80.4280615344046,25.4480201107488],[-80.4281122964047,25.4554797606892],[-80.428147434007,25.4628329927299],[-80.4200276636635,25.4628565012105],[-80.4119224693838,25.46288126358],[-80.4119027468717,25.4555214150519],[-80.4118826560504,25.4480797810415]]]},"properties":{"OBJECTID":743,"CATEGORY":2,"ZONEID":"B"}},{"type":"Feature","id":744,"geometry":{"type":"Polygon","coordinates":[[[-80.4280615344046,25.4480201107488],[-80.436159447839,25.4479999940616],[-80.4442543707818,25.4479795399297],[-80.4442804461795,25.4554223197415],[-80.44430439257,25.4627855913137],[-80.4362289567807,25.46280397149],[-80.428147434007,25.4628329927299],[-80.4281122964047,25.4554797606892],[-80.4280615344046,25.4480201107488]]]},"properties":{"OBJECTID":744,"CATEGORY":3,"ZONEID":"C"}},{"type":"Feature","id":745,"geometry":{"type":"Polygon","coordinates":[[[-80.4442543707818,25.4479795399297],[-80.4524540822024,25.4479468673345],[-80.4606717734035,25.4479137412935],[-80.4607271931683,25.4553302525956],[-80.4607839702875,25.4626112763463],[-80.4525409501887,25.4627835239289],[-80.44430439257,25.4627855913137],[-80.4442804461795,25.4554223197415],[-80.4442543707818,25.4479795399297]]]},"properties":{"OBJECTID":745,"CATEGORY":3,"ZONEID":"C"}},{"type":"Feature","id":746,"geometry":{"type":"Polygon","coordinates":[[[-80.4607839702875,25.4626112763463],[-80.4607271931683,25.4553302525956],[-80.4606717734035,25.4479137412935],[-80.4689224390637,25.4478798373432],[-80.4771723501391,25.447845900937],[-80.4771723968515,25.4478458920143],[-80.4771794010157,25.4487664618047],[-80.477186353976,25.4496799043217],[-80.4771930607979,25.4505615505424],[-80.4772003111006,25.4515139130256],[-80.4772075712847,25.4524677409809],[-80.4772142691235,25.4533479213678],[-80.4772209597757,25.4542271665924],[-80.4772282253497,25.4551819293456],[-80.4772421438468,25.4570104166363],[-80.4772495226085,25.4579799434753],[-80.4772560623438,25.4588388988588],[-80.4772699781458,25.4606673800657],[-80.4772838993378,25.4624958602546],[-80.4690134312154,25.4624582181835],[-80.4607839702875,25.4626112763463]]]},"properties":{"OBJECTID":746,"CATEGORY":3,"ZONEID":"C"}},{"type":"Feature","id":747,"geometry":{"type":"Polygon","coordinates":[[[-80.6052863272907,25.2877971718021],[-80.6051713995282,25.273477127284],[-80.620977905536,25.273581554543],[-80.6211286158912,25.2878437622856],[-80.6052863272907,25.2877971718021]]]},"properties":{"OBJECTID":747,"CATEGORY":1,"ZONEID":"A"}},{"type":"Feature","id":748,"geometry":{"type":"Polygon","coordinates":[[[-80.5893076295144,25.2877484589354],[-80.5891942046334,25.2733698535325],[-80.6051713995282,25.273477127284],[-80.6052863272907,25.2877971718021],[-80.5893076295144,25.2877484589354]]]},"properties":{"OBJECTID":748,"CATEGORY":1,"ZONEID":"A"}},{"type":"Feature","id":749,"geometry":{"type":"Polygon","coordinates":[[[-80.5733745023741,25.2876981613813],[-80.5732718554799,25.2732612263439],[-80.5891942046334,25.2733698535325],[-80.5893076295144,25.2877484589354],[-80.5733745023741,25.2876981613813]]]},"properties":{"OBJECTID":749,"CATEGORY":1,"ZONEID":"A"}},{"type":"Feature","id":750,"geometry":{"type":"Polygon","coordinates":[[[-80.5733745023741,25.2876981613813],[-80.557248642588,25.2876455026424],[-80.5571459049639,25.273149459399],[-80.5732718554799,25.2732612263439],[-80.5733745023741,25.2876981613813]]]},"properties":{"OBJECTID":750,"CATEGORY":1,"ZONEID":"A"}},{"type":"Feature","id":751,"geometry":{"type":"Polygon","coordinates":[[[-80.557248642588,25.2876455026424],[-80.5411228250226,25.2875910821444],[-80.5410200164316,25.2730359295911],[-80.5571459049639,25.273149459399],[-80.557248642588,25.2876455026424]]]},"properties":{"OBJECTID":751,"CATEGORY":1,"ZONEID":"A"}},{"type":"Feature","id":752,"geometry":{"type":"Polygon","coordinates":[[[-80.5411228250226,25.2875910821444],[-80.5249970541696,25.2875348982606],[-80.5248941862898,25.2729206426019],[-80.5410200164316,25.2730359295911],[-80.5411228250226,25.2875910821444]]]},"properties":{"OBJECTID":752,"CATEGORY":1,"ZONEID":"A"}},{"type":"Feature","id":756,"geometry":{"type":"Polygon","coordinates":[[[-80.1127988274887,25.8729847700893],[-80.1207498573909,25.8726361459444],[-80.1287008540555,25.8722870851099],[-80.1289608238038,25.8795547873412],[-80.1292208115184,25.8868224852492],[-80.1212070423783,25.8871582660377],[-80.1131932373057,25.8874936054174],[-80.1129960265582,25.8802391882981],[-80.1127988274887,25.8729847700893]]]},"properties":{"OBJECTID":756,"CATEGORY":2,"ZONEID":"B"}},{"type":"Feature","id":757,"geometry":{"type":"Polygon","coordinates":[[[-80.1432952893015,25.8716605424965],[-80.1452374981498,25.8715770446682],[-80.145643262672,25.8789105870617],[-80.146049057737,25.8862441121589],[-80.1376349481024,25.8865335431282],[-80.1292208115184,25.8868224852492],[-80.1289608238038,25.8795547873412],[-80.1287008540555,25.8722870851099],[-80.1323030156998,25.872132580589],[-80.1369691931706,25.8719323054812],[-80.1432952893015,25.8716605424965]]]},"properties":{"OBJECTID":757,"CATEGORY":2,"ZONEID":"B"}},{"type":"Feature","id":758,"geometry":{"type":"Polygon","coordinates":[[[-80.1591489290139,25.8710427098699],[-80.1612891454154,25.8709603828103],[-80.1616285424044,25.8783844688092],[-80.1619679681396,25.8858085448],[-80.1540085794136,25.8860265472936],[-80.146049057737,25.8862441121589],[-80.145643262672,25.8789105870617],[-80.1452374981498,25.8715770446682],[-80.1467237652789,25.8715200277006],[-80.1532633370539,25.8712689396526],[-80.1591489290139,25.8710427098699]]]},"properties":{"OBJECTID":758,"CATEGORY":3,"ZONEID":"C"}},{"type":"Feature","id":763,"geometry":{"type":"Polygon","coordinates":[[[-80.317771852764,25.7029904694056],[-80.3259543353958,25.702653792611],[-80.3341367838916,25.702316651867],[-80.3345300267971,25.7095366389027],[-80.3349233101268,25.7167566160564],[-80.326751512057,25.7172574377764],[-80.3185796600883,25.7177577984975],[-80.3181768914475,25.7104045691115],[-80.317771852764,25.7029904694056]]]},"properties":{"OBJECTID":763,"CATEGORY":5,"ZONEID":"E"}},{"type":"Feature","id":764,"geometry":{"type":"Polygon","coordinates":[[[-80.4788306311705,25.7031444433041],[-80.4868341828725,25.7031268608669],[-80.4948262972242,25.7031672166115],[-80.4950601915748,25.710387451522],[-80.4952941056882,25.71760767731],[-80.4873379455074,25.7175813756519],[-80.4793838424686,25.7176524592324],[-80.4791826252348,25.7123916180823],[-80.4789761528566,25.7069685487192],[-80.4788305655935,25.703144443304],[-80.4788306311705,25.7031444433041]]]},"properties":{"OBJECTID":764,"CATEGORY":5,"ZONEID":"E"}},{"type":"Feature","id":765,"geometry":{"type":"Polygon","coordinates":[[[-80.4948262972241,25.7031672166116],[-80.5028418773678,25.7030027994663],[-80.5108574431383,25.7028379417629],[-80.5110943648114,25.7101005872589],[-80.5113313026541,25.7173632225245],[-80.5033127104593,25.7174856680951],[-80.4952941056881,25.7176076773101],[-80.4950601915746,25.710387451522],[-80.4948262972241,25.7031672166116]]]},"properties":{"OBJECTID":765,"CATEGORY":5,"ZONEID":"E"}},{"type":"Feature","id":766,"geometry":{"type":"Polygon","coordinates":[[[-80.3341367838916,25.702316651867],[-80.3421390069853,25.7019779479532],[-80.3501411959429,25.7016388043592],[-80.3505118731685,25.7088907670309],[-80.3508825809369,25.7161427191847],[-80.3428992395321,25.7163706311434],[-80.3349233101268,25.7167566160564],[-80.3345300267971,25.7095366389027],[-80.3341367838916,25.702316651867]]]},"properties":{"OBJECTID":766,"CATEGORY":4,"ZONEID":"D"}},{"type":"Feature","id":769,"geometry":{"type":"Polygon","coordinates":[[[-80.3007371925577,25.6153294598742],[-80.308397493498,25.6150752248233],[-80.3103979302446,25.6150105319365],[-80.3123983598048,25.6149458106638],[-80.3143987875682,25.614881063435],[-80.3163992171284,25.6148162902503],[-80.3165086184552,25.6166563003118],[-80.3166180206804,25.6184963112014],[-80.3167274273972,25.6203363204862],[-80.3168368359106,25.6221763289736],[-80.3169426269084,25.6240151605885],[-80.317048423296,25.6258539881968],[-80.3171542187853,25.6276928190856],[-80.3172600205628,25.6295316483922],[-80.3152326172897,25.629584188525],[-80.3132052122199,25.6296367010971],[-80.3111778062518,25.6296891877284],[-80.3091503984871,25.6297416467991],[-80.3071234282019,25.6297988633637],[-80.30509646151,25.6298560547931],[-80.3030694885298,25.6299132154178],[-80.301042519143,25.6299703500976],[-80.3010002093914,25.6281325407795],[-80.3009579041314,25.6262947282902],[-80.3009155997698,25.624456917492],[-80.3008732918148,25.6226191067678],[-80.3007371925577,25.6153294598742]]]},"properties":{"OBJECTID":769,"CATEGORY":1,"ZONEID":"A"}},{"type":"Feature","id":770,"geometry":{"type":"Polygon","coordinates":[[[-80.5107264346339,25.5647804439837],[-80.5127579387163,25.5647717616965],[-80.5147894427987,25.5647630502355],[-80.5168209477794,25.5647543047383],[-80.5188524545568,25.5647455389813],[-80.5208818718528,25.5647344628625],[-80.5229112945387,25.5647233632419],[-80.5249407190213,25.5647122360678],[-80.5269701390122,25.5647010772883],[-80.5269871764599,25.5665144965952],[-80.5270042085177,25.5683279135654],[-80.5270212486603,25.5701413306273],[-80.527038286108,25.5719547453473],[-80.5270554600996,25.5737958005519],[-80.5270726412777,25.5756368541863],[-80.5270898224558,25.577477909489],[-80.5271070000408,25.5793189624058],[-80.5250693290239,25.5793345301222],[-80.5230316544138,25.5793500670462],[-80.5209939762104,25.5793655756089],[-80.5189563087868,25.5793810558101],[-80.5169237159463,25.5793964849623],[-80.514891126699,25.5794118833222],[-80.5128585347568,25.5794272589927],[-80.5108259455095,25.5794426006299],[-80.5108134023332,25.5776041036224],[-80.5108008645468,25.5757656059279],[-80.5107883222688,25.5739271043079],[-80.5107757808891,25.572088603627],[-80.510763446122,25.5702615635936],[-80.5107511077615,25.5684345264764],[-80.5107387711977,25.5666074857952],[-80.5107264346339,25.5647804439837]]]},"properties":{"OBJECTID":770,"CATEGORY":4,"ZONEID":"D"}},{"type":"Feature","id":771,"geometry":{"type":"Polygon","coordinates":[[[-80.5269701390122,25.5647010772883],[-80.528994213129,25.5646900886853],[-80.5310182863474,25.5646790709079],[-80.5330423640574,25.564668025577],[-80.535066440869,25.5646569486406],[-80.5371006291175,25.5646457841834],[-80.5391348218576,25.5646345905518],[-80.5411690136993,25.5646233685562],[-80.5432032046428,25.5646121190071],[-80.543221725209,25.5664348344582],[-80.5432402457752,25.5682575521525],[-80.5432587663415,25.570080266415],[-80.5432772842127,25.5719029812946],[-80.5432958173554,25.5737256919268],[-80.5433143442098,25.5755483966885],[-80.5433328782507,25.5773711069213],[-80.5433514051051,25.5791938104681],[-80.5413208550335,25.5792095572706],[-80.5392903013686,25.5792252692293],[-80.5372597503987,25.579240960119],[-80.5352292003271,25.5792566194061],[-80.5331986493572,25.5792722470905],[-80.5311680992857,25.5792878496546],[-80.5291375510107,25.5793034214263],[-80.5271070000408,25.5793189624058],[-80.5270898224558,25.577477909489],[-80.5270726412777,25.5756368541863],[-80.5270554600996,25.5737958005519],[-80.527038286108,25.5719547453473],[-80.5270212486603,25.5701413306273],[-80.5270042085177,25.5683279135654],[-80.5269871764599,25.5665144965952],[-80.5269701390122,25.5647010772883]]]},"properties":{"OBJECTID":771,"CATEGORY":4,"ZONEID":"D"}},{"type":"Feature","id":772,"geometry":{"type":"Polygon","coordinates":[[[-80.5750271330021,25.5645203778487],[-80.5750272192403,25.5645203778487],[-80.5750742792831,25.5718553028556],[-80.575099004513,25.5757108454335],[-80.5751213150714,25.5791902047628],[-80.5671527258003,25.5792333703148],[-80.5651605778089,25.5792440918145],[-80.5631684262241,25.5792547865744],[-80.5611762746393,25.5792654521635],[-80.5591841266478,25.5792760926334],[-80.5591805603361,25.5774432148099],[-80.5591769904312,25.5756103437646],[-80.5591734223228,25.5737774649152],[-80.5591698488246,25.5719445823154],[-80.5591662807163,25.5701117097437],[-80.559162712608,25.5682788318066],[-80.5591591409064,25.5664459557997],[-80.5591555718998,25.5646130801053],[-80.5611395218661,25.5646015842028],[-80.5631234781205,25.5645900647985],[-80.565107428985,25.5645785154094],[-80.5670913789513,25.5645669384666],[-80.5750271330021,25.5645203778487]]]},"properties":{"OBJECTID":772,"CATEGORY":4,"ZONEID":"D"}},{"type":"Feature","id":773,"geometry":{"type":"Polygon","coordinates":[[[-80.5433514051051,25.5791938104681],[-80.5433328782507,25.5773711069213],[-80.5433143442098,25.5755483966885],[-80.5432958173554,25.5737256919268],[-80.5432772842127,25.5719029812946],[-80.5432587663415,25.570080266415],[-80.5432402457752,25.5682575521525],[-80.543221725209,25.5664348344582],[-80.5432032046428,25.5646121190071],[-80.5451972453847,25.5646123321342],[-80.5471912843299,25.5646125185192],[-80.5491853223767,25.5646126741102],[-80.5511793649151,25.5646128070108],[-80.5531734164367,25.5646129147899],[-80.5551674652634,25.5646129974476],[-80.5571615149883,25.5646130541735],[-80.5591555718998,25.5646130801053],[-80.5591591409064,25.5664459557997],[-80.559162712608,25.5682788318066],[-80.5591662807163,25.5701117097437],[-80.5591698488246,25.5719445823154],[-80.5591734223228,25.5737774649152],[-80.5591769904312,25.5756103437646],[-80.5591805603361,25.5774432148099],[-80.5591841266478,25.5792760926334],[-80.5572050347706,25.5792658994327],[-80.5552259428934,25.5792556762513],[-80.5532468492196,25.5792454230889],[-80.5512677591391,25.5792351456176],[-80.5492886672619,25.5792248535605],[-80.5473095798763,25.5792145323328],[-80.5453304924907,25.5792041859858],[-80.5433514051051,25.5791938104681]]]},"properties":{"OBJECTID":773,"CATEGORY":4,"ZONEID":"D"}},{"type":"Feature","id":774,"geometry":{"type":"Polygon","coordinates":[[[-80.5750272192403,25.5645203778487],[-80.590725409086,25.5645096242364],[-80.5905493374937,25.579188290903],[-80.5751213483091,25.5791902055731],[-80.5751213150714,25.5791902047628],[-80.575099004513,25.5757108454335],[-80.5750742792831,25.5718553028556],[-80.5750272192403,25.5645203778487]]]},"properties":{"OBJECTID":774,"CATEGORY":4,"ZONEID":"D"}},{"type":"Feature","id":775,"geometry":{"type":"Polygon","coordinates":[[[-80.5905493374937,25.579188290903],[-80.590725409086,25.5645096242364],[-80.6067284503082,25.5644969265448],[-80.6065897800728,25.5791845782418],[-80.5905493374937,25.579188290903]]]},"properties":{"OBJECTID":775,"CATEGORY":4,"ZONEID":"D"}},{"type":"Feature","id":776,"geometry":{"type":"Polygon","coordinates":[[[-80.6065897800728,25.5791845782418],[-80.6067284503082,25.5644969265448],[-80.6227154170767,25.5644824970904],[-80.6225980512866,25.5791791202569],[-80.6065897800728,25.5791845782418]]]},"properties":{"OBJECTID":776,"CATEGORY":4,"ZONEID":"D"}},{"type":"Feature","id":777,"geometry":{"type":"Polygon","coordinates":[[[-80.4795204187311,25.6240598448496],[-80.4794945167082,25.623327316659],[-80.4794945634206,25.623327316659],[-80.487507681282,25.6232948894318],[-80.4955208476525,25.6232620272407],[-80.4957776454495,25.6305224994071],[-80.4960344648061,25.6377829667098],[-80.4880207504633,25.637816410444],[-80.4800070361205,25.6378494265556],[-80.4799901441999,25.6373707799148],[-80.4797782567772,25.6313662920811],[-80.4797747713139,25.6312675388202],[-80.4797508024655,25.6305883663812],[-80.479600538573,25.6263302981248],[-80.4795204187311,25.6240598448496]]]},"properties":{"OBJECTID":777,"CATEGORY":5,"ZONEID":"E"}},{"type":"Feature","id":778,"geometry":{"type":"Polygon","coordinates":[[[-80.504048710053,25.63774962825],[-80.4960344648059,25.6377829667098],[-80.4957776454493,25.6305224994071],[-80.4955208476523,25.6232620272407],[-80.5035338379529,25.623229062984],[-80.5115468318469,25.623195661333],[-80.5118048863869,25.6304557592991],[-80.5120629615883,25.6377158532585],[-80.504048710053,25.63774962825]]]},"properties":{"OBJECTID":778,"CATEGORY":5,"ZONEID":"E"}},{"type":"Feature","id":779,"geometry":{"type":"Polygon","coordinates":[[[-80.5115468318469,25.623195661333],[-80.5195595903822,25.6231609151174],[-80.5275723525107,25.6231257323162],[-80.527830646901,25.6303855437701],[-80.5280889646475,25.6376453504438],[-80.520075966262,25.6376808205225],[-80.5120629615883,25.6377158532585],[-80.5118048863869,25.6304557592991],[-80.5115468318469,25.623195661333]]]},"properties":{"OBJECTID":779,"CATEGORY":5,"ZONEID":"E"}},{"type":"Feature","id":780,"geometry":{"type":"Polygon","coordinates":[[[-80.5361026394644,25.6376089692452],[-80.5280889646475,25.6376453504438],[-80.527830646901,25.6303855437701],[-80.5275723525107,25.6231257323162],[-80.5355853940154,25.6230899193453],[-80.543598438215,25.6230536665479],[-80.5438573659175,25.630312913005],[-80.5441163196712,25.6375721523226],[-80.5361026394644,25.6376089692452]]]},"properties":{"OBJECTID":780,"CATEGORY":5,"ZONEID":"E"}},{"type":"Feature","id":792,"geometry":{"type":"Polygon","coordinates":[[[-80.1315886583179,25.9306459809799],[-80.1398817523073,25.9303823293781],[-80.1479097148288,25.9301268593961],[-80.1482083992708,25.9374745119863],[-80.1485071043742,25.9448221651209],[-80.140445219671,25.9450956748332],[-80.1324541096356,25.9453663397324],[-80.1320221960538,25.9380061192693],[-80.1315886583179,25.9306459809799]]]},"properties":{"OBJECTID":792,"CATEGORY":3,"ZONEID":"C"}},{"type":"Feature","id":793,"geometry":{"type":"Polygon","coordinates":[[[-80.1479097148288,25.9301268593961],[-80.1560363159617,25.929854531597],[-80.1641628883486,25.9295817596403],[-80.164538038286,25.9368820142745],[-80.1649132205627,25.9441822656673],[-80.1567101772906,25.9445024496815],[-80.1485071043742,25.9448221651209],[-80.1482083992708,25.9374745119863],[-80.1479097148288,25.9301268593961]]]},"properties":{"OBJECTID":793,"CATEGORY":3,"ZONEID":"C"}},{"type":"Feature","id":794,"geometry":{"type":"Polygon","coordinates":[[[-80.1728658081436,25.9438909873967],[-80.1649132205627,25.9441822656673],[-80.164538038286,25.9368820142745],[-80.1641628883486,25.9295817596403],[-80.1721982952088,25.9292575974332],[-80.1802336796112,25.9289329916116],[-80.1805254155846,25.9362661484873],[-80.1808166107721,25.9435993344],[-80.1728658081436,25.9438909873967]]]},"properties":{"OBJECTID":794,"CATEGORY":5,"ZONEID":"E"}},{"type":"Feature","id":795,"geometry":{"type":"Polygon","coordinates":[[[-80.1421109378545,25.9746024350802],[-80.133967821195,25.9748342104656],[-80.13368786483,25.9675284815378],[-80.1334057309487,25.9601850788601],[-80.1413595150856,25.959981252487],[-80.1493134761907,25.959777160843],[-80.1497833543731,25.9670736812272],[-80.1502530825368,25.9743703644727],[-80.1421109378545,25.9746024350802]]]},"properties":{"OBJECTID":795,"CATEGORY":4,"ZONEID":"D"}},{"type":"Feature","id":796,"geometry":{"type":"Polygon","coordinates":[[[-80.1583081328574,25.9740778372879],[-80.1502530825368,25.9743703644727],[-80.1497833543731,25.9670736812272],[-80.1493134761907,25.959777160843],[-80.1575991833335,25.9594875558969],[-80.1658827704522,25.959197978507],[-80.1661214303654,25.9664915861462],[-80.1663601064481,25.9737850113783],[-80.1583081328574,25.9740778372879]]]},"properties":{"OBJECTID":796,"CATEGORY":4,"ZONEID":"D"}},{"type":"Feature","id":797,"geometry":{"type":"Polygon","coordinates":[[[-80.1745796248225,25.973604463693],[-80.1663601064481,25.9737850113783],[-80.1661214303654,25.9664915861462],[-80.1658827704522,25.959197978507],[-80.17402348322,25.9589894731374],[-80.1821626598686,25.9587808462459],[-80.1824806275466,25.9660841802252],[-80.1827979933533,25.9734234392565],[-80.1745796248225,25.973604463693]]]},"properties":{"OBJECTID":797,"CATEGORY":3,"ZONEID":"C"}},{"type":"Feature","id":799,"geometry":{"type":"Polygon","coordinates":[[[-80.1975602311993,25.9582591582654],[-80.1975315659586,25.9574092139449],[-80.2057098992722,25.9570730952814],[-80.2138835685327,25.9567459443313],[-80.2140888982539,25.9652357865553],[-80.2142581462433,25.9725160879866],[-80.2061665434738,25.9727823062459],[-80.198052772978,25.9730598107181],[-80.1978165789404,25.9658413819557],[-80.1975602311993,25.9582591582654]]]},"properties":{"OBJECTID":799,"CATEGORY":4,"ZONEID":"D"}},{"type":"Feature","id":806,"geometry":{"type":"Polygon","coordinates":[[[-80.1253734205812,25.9604848038334],[-80.1173422295146,25.9607842590893],[-80.116855936417,25.9531405593491],[-80.1163726436925,25.9455203436579],[-80.1244100618807,25.9451556668311],[-80.1324541096356,25.9453663397324],[-80.13291534872,25.9525976031785],[-80.1334057309487,25.9601850788601],[-80.1253734205812,25.9604848038334]]]},"properties":{"OBJECTID":806,"CATEGORY":2,"ZONEID":"B"}},{"type":"Feature","id":807,"geometry":{"type":"Polygon","coordinates":[[[-80.1413595150856,25.959981252487],[-80.1334057309487,25.9601850788601],[-80.13291534872,25.9525976031785],[-80.1324541096356,25.9453663397324],[-80.140445219671,25.9450956748332],[-80.1485071043742,25.9448221651209],[-80.1488912455493,25.9520832623627],[-80.1493134761907,25.959777160843],[-80.1413595150856,25.959981252487]]]},"properties":{"OBJECTID":807,"CATEGORY":4,"ZONEID":"D"}},{"type":"Feature","id":819,"geometry":{"type":"Polygon","coordinates":[[[-80.379843671012,25.5072881257631],[-80.3819010052521,25.5072693056604],[-80.3839583385939,25.5072504466384],[-80.3860156737323,25.5072315584262],[-80.3880730070741,25.5072126377807],[-80.3895070398644,25.5072018360585],[-80.3900799512167,25.5071975147207],[-80.3900800167937,25.5071975147207],[-80.3920868953592,25.5071823632823],[-80.3940938386035,25.5071671842763],[-80.394985781239,25.5071604322854],[-80.396100785441,25.5071519809456],[-80.396118567592,25.5090015551286],[-80.3961363461498,25.5108511348728],[-80.3961541283009,25.5127007080144],[-80.3961719095536,25.5145502834686],[-80.3962001229417,25.5163988000322],[-80.396228342618,25.5182473156926],[-80.3962565560062,25.5200958320683],[-80.3962847729876,25.5219443442926],[-80.394244336058,25.5219560039857],[-80.3922039018233,25.521967639358],[-80.3901634613004,25.5219792423028],[-80.3881230261674,25.5219908176841],[-80.3861010073961,25.5219988642718],[-80.3840789931163,25.5220068760007],[-80.3820569770399,25.5220148625987],[-80.3800349995911,25.5220228224444],[-80.3800349663534,25.5220228224444],[-80.3800154576404,25.5201787879482],[-80.3799959525206,25.5183347583557],[-80.3799959525206,25.5183347178216],[-80.3799764384177,25.5164907231309],[-80.3799685242601,25.515742424354],[-80.3799569341963,25.5146466830871],[-80.3799461858539,25.5139483807833],[-80.3799431917691,25.5137538851459],[-80.3799286166036,25.5128070477312],[-80.3799003017058,25.5109674141825],[-80.3798822329922,25.5097934910437],[-80.3798719877064,25.5091277735257],[-80.3798484257948,25.5075973026658],[-80.379843671012,25.5072881257631]]]},"properties":{"OBJECTID":819,"CATEGORY":2,"ZONEID":"B"}},{"type":"Feature","id":820,"geometry":{"type":"Polygon","coordinates":[[[-80.347367837946,25.4929838073694],[-80.3554911728046,25.4928938496259],[-80.3636145373076,25.4928034409798],[-80.3636502094075,25.5002640207035],[-80.3638879108182,25.5077728860979],[-80.3559081725561,25.5077744451772],[-80.3558795863671,25.5077744500417],[-80.3505496590043,25.5077752551201],[-80.3478714334943,25.5077755850968],[-80.3476191542231,25.5003797127023],[-80.347367837946,25.4929838073694]]]},"properties":{"OBJECTID":820,"CATEGORY":1,"ZONEID":"A"}},{"type":"Feature","id":821,"geometry":{"type":"Polygon","coordinates":[[[-80.3312122349408,25.5075748317818],[-80.3311832660696,25.5004015662896],[-80.3311542927067,25.4932282989138],[-80.3392610689196,25.4931062753774],[-80.347367837946,25.4929838073694],[-80.3476191542231,25.5003797127023],[-80.3478714334943,25.5077755850968],[-80.3395418598195,25.5076754423839],[-80.3395418202936,25.5076754423839],[-80.3312122349408,25.5075748317818]]]},"properties":{"OBJECTID":821,"CATEGORY":1,"ZONEID":"A"}},{"type":"Feature","id":822,"geometry":{"type":"Polygon","coordinates":[[[-80.3636145373076,25.4928034409798],[-80.3716904653737,25.4927286136607],[-80.3797066024728,25.4926539127886],[-80.379724755628,25.4950795648551],[-80.3797613323315,25.4999677710684],[-80.379843671012,25.5072881257631],[-80.3718657374653,25.5075307510232],[-80.3638879108182,25.5077728860979],[-80.3636502094075,25.5002640207035],[-80.3636145373076,25.4928034409798]]]},"properties":{"OBJECTID":822,"CATEGORY":2,"ZONEID":"B"}},{"type":"Feature","id":825,"geometry":{"type":"Polygon","coordinates":[[[-80.3797066024728,25.4926539127886],[-80.3878290093717,25.4925776250244],[-80.3959913706395,25.4925004704058],[-80.3961257406397,25.4997696990161],[-80.3961007863394,25.5071519395969],[-80.396100785441,25.5071519809456],[-80.394985781239,25.5071604322854],[-80.3940938386035,25.5071671842763],[-80.3920868953592,25.5071823632823],[-80.3900800167937,25.5071975147207],[-80.3900799512167,25.5071975147207],[-80.3895070398644,25.5072018360585],[-80.3880730070741,25.5072126377807],[-80.3860156737323,25.5072315584262],[-80.3839583385939,25.5072504466384],[-80.3819010052521,25.5072693056604],[-80.379843671012,25.5072881257631],[-80.3797613323315,25.4999677710684],[-80.379724755628,25.4950795648551],[-80.3797066024728,25.4926539127886]]]},"properties":{"OBJECTID":825,"CATEGORY":2,"ZONEID":"B"}},{"type":"Feature","id":827,"geometry":{"type":"Polygon","coordinates":[[[-80.3715437516232,25.478075645937],[-80.3795880365334,25.4780326459001],[-80.379597529031,25.4797160569919],[-80.3796293015443,25.485349399371],[-80.3797066024728,25.4926539127886],[-80.3716904653737,25.4927286136607],[-80.3636145373076,25.4928034409798],[-80.3635355780891,25.4855318325891],[-80.3634685026834,25.4780931155085],[-80.3715437516232,25.478075645937]]]},"properties":{"OBJECTID":827,"CATEGORY":2,"ZONEID":"B"}},{"type":"Feature","id":828,"geometry":{"type":"Polygon","coordinates":[[[-80.379597529031,25.4797160569919],[-80.3795880365334,25.4780326459001],[-80.3876727123937,25.4779882720906],[-80.3958025259021,25.4779367886223],[-80.3958979790876,25.485300685864],[-80.3959913706395,25.4925004704058],[-80.3878290093717,25.4925776250244],[-80.3797066024728,25.4926539127886],[-80.3796293015443,25.485349399371],[-80.379597529031,25.4797160569919]]]},"properties":{"OBJECTID":828,"CATEGORY":2,"ZONEID":"B"}},{"type":"Feature","id":830,"geometry":{"type":"Polygon","coordinates":[[[-80.3633277797975,25.4630168105151],[-80.3714555370623,25.4629892946391],[-80.3795342040917,25.462972276254],[-80.3795341924136,25.4629746875232],[-80.3795834380574,25.4765847868206],[-80.3795880365334,25.4780326459001],[-80.3715437516232,25.478075645937],[-80.3634685026834,25.4780931155085],[-80.3633962628632,25.4703559732961],[-80.3633277797975,25.4630168105151]]]},"properties":{"OBJECTID":830,"CATEGORY":2,"ZONEID":"B"}},{"type":"Feature","id":831,"geometry":{"type":"Polygon","coordinates":[[[-80.3795342040917,25.462972276254],[-80.3876319764905,25.462949866777],[-80.3957289925079,25.4629276211291],[-80.3957335020506,25.4702518960222],[-80.3958025259021,25.4779367886223],[-80.3876727123937,25.4779882720906],[-80.3795880365334,25.4780326459001],[-80.3795834380574,25.4765847868206],[-80.3795341924136,25.4629746875232],[-80.3795342040917,25.462972276254]]]},"properties":{"OBJECTID":831,"CATEGORY":2,"ZONEID":"B"}},{"type":"Feature","id":833,"geometry":{"type":"Polygon","coordinates":[[[-80.3632923744972,25.4482419156595],[-80.3713861278335,25.4482111339387],[-80.3794799162041,25.4481799620442],[-80.3795073085321,25.4556228949308],[-80.3795342040917,25.462972276254],[-80.3714555370623,25.4629892946391],[-80.3633277797975,25.4630168105151],[-80.363310124309,25.4556293780965],[-80.3632923744972,25.4482419156595]]]},"properties":{"OBJECTID":833,"CATEGORY":2,"ZONEID":"B"}},{"type":"Feature","id":834,"geometry":{"type":"Polygon","coordinates":[[[-80.3234617808752,25.5668258109051],[-80.3152345738204,25.5669118591819],[-80.3151991325875,25.5595518630453],[-80.3151637739996,25.5521918353493],[-80.323334032357,25.5521080725157],[-80.3315042943077,25.5520237658085],[-80.3315966842381,25.5593814795866],[-80.3316889879301,25.5667392147665],[-80.3234617808752,25.5668258109051]]]},"properties":{"OBJECTID":834,"CATEGORY":1,"ZONEID":"A"}},{"type":"Feature","id":835,"geometry":{"type":"Polygon","coordinates":[[[-80.3315042943077,25.5520237658085],[-80.3396545561669,25.5519351182437],[-80.3478048764166,25.5518459948757],[-80.3478313776158,25.5592043241323],[-80.3478577835936,25.5665625961149],[-80.3397733260239,25.566651100769],[-80.3316889879301,25.5667392147665],[-80.3315966842381,25.5593814795866],[-80.3315042943077,25.5520237658085]]]},"properties":{"OBJECTID":835,"CATEGORY":1,"ZONEID":"A"}},{"type":"Feature","id":836,"geometry":{"type":"Polygon","coordinates":[[[-80.3478048764166,25.5518459948757],[-80.3558797013516,25.5518024936487],[-80.3639545613208,25.5517584939752],[-80.364060843697,25.559089563279],[-80.3641670703776,25.5664205689294],[-80.35601233401,25.5664918357797],[-80.3478577835936,25.5665625961149],[-80.3478313776158,25.5592043241323],[-80.3478048764166,25.5518459948757]]]},"properties":{"OBJECTID":836,"CATEGORY":1,"ZONEID":"A"}},{"type":"Feature","id":837,"geometry":{"type":"Polygon","coordinates":[[[-80.3966201616939,25.551455491475],[-80.3986467340255,25.5514365235024],[-80.4006733027637,25.5514175255399],[-80.4026998768919,25.5513985048814],[-80.4047264456301,25.5513794501807],[-80.4068067093678,25.5513506561888],[-80.4088869731056,25.5513218305821],[-80.410967235945,25.5512929717397],[-80.4130474987844,25.5512640861451],[-80.4130443456977,25.5530978452261],[-80.4130411935094,25.5549316021811],[-80.4130380359312,25.5567653602491],[-80.4130348819462,25.558599114565],[-80.4130509411285,25.5604415039663],[-80.4130669967176,25.562283890966],[-80.4130830558999,25.5641262788028],[-80.4130991159806,25.5659686715257],[-80.4110637922616,25.565988488076],[-80.4090284730342,25.5660082786914],[-80.4069931556034,25.5660280409409],[-80.4049578354776,25.566047775635],[-80.4029290245444,25.566065406632],[-80.4009002091197,25.5660830141261],[-80.3988713945932,25.5661005892031],[-80.3968425827617,25.5661181351047],[-80.3968139866912,25.5642744075674],[-80.3967853942141,25.5624306743399],[-80.3967568044319,25.5605869467704],[-80.396728210158,25.5587432118952],[-80.3967011951225,25.556921282215],[-80.3966741836802,25.5550993548161],[-80.3966471758312,25.5532774224074],[-80.3966201616939,25.551455491475]]]},"properties":{"OBJECTID":837,"CATEGORY":3,"ZONEID":"C"}},{"type":"Feature","id":838,"geometry":{"type":"Polygon","coordinates":[[[-80.52585158916,25.4475911954805],[-80.5278658716401,25.4475864315403],[-80.5298801577135,25.4475816343423],[-80.5318944401936,25.4475768128094],[-80.5339087235721,25.4475719628856],[-80.5359223592652,25.4475643647525],[-80.5379359985515,25.447556741473],[-80.5399496360412,25.4475490857466],[-80.5419632753276,25.4475414073072],[-80.5419799408728,25.4493727247537],[-80.5419966001297,25.4512040476015],[-80.5420132620816,25.4530353653032],[-80.54202993122,25.4548666811006],[-80.5420469650744,25.4566858187843],[-80.5420639998271,25.4585049549278],[-80.5420810345799,25.4603240911507],[-80.5420980693326,25.4621432298835],[-80.5400901065005,25.4621626369616],[-80.5380821445668,25.4621820180826],[-80.5360741844296,25.4622013732466],[-80.5340662251908,25.4622207016424],[-80.5320498810771,25.4622280295782],[-80.5300335360651,25.4622353323706],[-80.5280171928498,25.4622426043423],[-80.5260008469394,25.4622498487374],[-80.5259843206331,25.4604205951019],[-80.5259677988184,25.4585913412363],[-80.5259512752071,25.4567620887653],[-80.5259347515958,25.4549328336363],[-80.5259139609868,25.4530974251103],[-80.5258931694796,25.4512620153664],[-80.5258723761757,25.4494266060297],[-80.52585158916,25.4475911954805]]]},"properties":{"OBJECTID":838,"CATEGORY":4,"ZONEID":"D"}},{"type":"Feature","id":839,"geometry":{"type":"Polygon","coordinates":[[[-80.5419632753276,25.4475414073072],[-80.5439870997127,25.4475356229258],[-80.5460109205045,25.4475298117759],[-80.5480347386014,25.4475239779132],[-80.5500585602915,25.447518107548],[-80.5520823703035,25.4475122185258],[-80.554106173129,25.4475063003016],[-80.556129980446,25.4475003553088],[-80.5581537895597,25.4474943819251],[-80.5581572588533,25.4493090374859],[-80.5581607272486,25.4511236916525],[-80.5581641947456,25.4529383436113],[-80.5581676595477,25.4547529982262],[-80.5581711180615,25.4565676481948],[-80.5581745792703,25.4583823016253],[-80.5581780404791,25.4601969544597],[-80.5581814998914,25.4620116066952],[-80.5561710702855,25.4620281564222],[-80.5541606433746,25.4620446801929],[-80.5521502128704,25.4620611780073],[-80.5501397868578,25.4620776441881],[-80.5481293572519,25.4620940836016],[-80.5461189231545,25.4621104921925],[-80.5441084989385,25.462126873205],[-80.5420980693326,25.4621432298835],[-80.5420810345799,25.4603240911507],[-80.5420639998271,25.4585049549278],[-80.5420469650744,25.4566858187843],[-80.54202993122,25.4548666811006],[-80.5420132620816,25.4530353653032],[-80.5419966001297,25.4512040476015],[-80.5419799408728,25.4493727247537],[-80.5419632753276,25.4475414073072]]]},"properties":{"OBJECTID":839,"CATEGORY":4,"ZONEID":"D"}},{"type":"Feature","id":840,"geometry":{"type":"Polygon","coordinates":[[[-80.5581537895597,25.4474943819251],[-80.5601666500067,25.4474882690215],[-80.5621795131487,25.4474821285382],[-80.5641923753923,25.4474759604751],[-80.5662052358393,25.4474697623988],[-80.5742566937971,25.4474447243086],[-80.5743067506197,25.4547405882225],[-80.574356823612,25.4620364852205],[-80.5662691500736,25.4620242690006],[-80.5642472364052,25.4620211439775],[-80.5622253218384,25.4620179930003],[-80.5602034099666,25.4620148120138],[-80.5581814998914,25.4620116066952],[-80.5581780404791,25.4601969544597],[-80.5581745792703,25.4583823016253],[-80.5581711180615,25.4565676481948],[-80.5581676595477,25.4547529982262],[-80.5581641947456,25.4529383436113],[-80.5581607272486,25.4511236916525],[-80.5581572588533,25.4493090374859],[-80.5581537895597,25.4474943819251]]]},"properties":{"OBJECTID":840,"CATEGORY":3,"ZONEID":"C"}},{"type":"Feature","id":841,"geometry":{"type":"Polygon","coordinates":[[[-80.5742566937971,25.4474447243086],[-80.5903339520315,25.447320153507],[-80.5903290095009,25.4619332020794],[-80.5743569116469,25.4620364852205],[-80.574356823612,25.4620364852205],[-80.5743067506197,25.4547405882225],[-80.5742566937971,25.4474447243086]]]},"properties":{"OBJECTID":841,"CATEGORY":3,"ZONEID":"C"}},{"type":"Feature","id":842,"geometry":{"type":"Polygon","coordinates":[[[-80.5903290095009,25.4619332020794],[-80.5903339520315,25.447320153507],[-80.6063135687843,25.4471946043149],[-80.606301193593,25.4618281799292],[-80.5903290095009,25.4619332020794]]]},"properties":{"OBJECTID":842,"CATEGORY":3,"ZONEID":"C"}},{"type":"Feature","id":843,"geometry":{"type":"Polygon","coordinates":[[[-80.52537927295,25.3891003635432],[-80.5334757975889,25.3890918868699],[-80.5415723294144,25.3890829638417],[-80.5416036078542,25.3963685789951],[-80.5416348871924,25.4036541868542],[-80.5335535746245,25.403666357872],[-80.5254722656499,25.4036780866455],[-80.525425772444,25.3963892269092],[-80.52537927295,25.3891003635432]]]},"properties":{"OBJECTID":843,"CATEGORY":2,"ZONEID":"B"}},{"type":"Feature","id":844,"geometry":{"type":"Polygon","coordinates":[[[-80.5497545775859,25.4036330873911],[-80.5416348871924,25.4036541868542],[-80.5416036078542,25.3963685789951],[-80.5415723294144,25.3890829638417],[-80.5495931099051,25.3890801372015],[-80.5576138939892,25.3890768723224],[-80.5577440787385,25.3963442095179],[-80.5578742724709,25.4036115432465],[-80.5497545775859,25.4036330873911]]]},"properties":{"OBJECTID":844,"CATEGORY":3,"ZONEID":"C"}},{"type":"Feature","id":845,"geometry":{"type":"Polygon","coordinates":[[[-80.5576138939892,25.3890768723224],[-80.5656672590703,25.3890257874632],[-80.5737206304396,25.3889742594739],[-80.5737342488994,25.390885995394],[-80.57377253869,25.3962573022254],[-80.5737916503477,25.3989381930519],[-80.5738244532286,25.4035403339384],[-80.5658493574599,25.4035761540392],[-80.5578742724709,25.4036115432465],[-80.5577440787385,25.3963442095179],[-80.5576138939892,25.3890768723224]]]},"properties":{"OBJECTID":845,"CATEGORY":2,"ZONEID":"B"}},{"type":"Feature","id":848,"geometry":{"type":"Polygon","coordinates":[[[-80.173716032119,25.7739914498429],[-80.1737503504578,25.766407911964],[-80.1818770144728,25.7664591038043],[-80.1900036479451,25.7665098433923],[-80.1900036955559,25.7665098442013],[-80.1901121177191,25.7695697420967],[-80.1902600415003,25.7737444949],[-80.1904753119784,25.779819523523],[-80.1905163982245,25.7809791271849],[-80.1858313902687,25.7811451574056],[-80.1820990627398,25.7812773071177],[-80.1736816985088,25.781574984381],[-80.173716032119,25.7739914498429]]]},"properties":{"OBJECTID":848,"CATEGORY":2,"ZONEID":"B"}},{"type":"Feature","id":854,"geometry":{"type":"Polygon","coordinates":[[[-80.6527615732007,25.688262070409],[-80.6551467152644,25.688262358602],[-80.6553649555728,25.6954933342861],[-80.6555832120508,25.7027242942232],[-80.6475888501142,25.7027469704792],[-80.6395944872793,25.7027692047807],[-80.639393182909,25.6955144350489],[-80.6391918938099,25.6882596563874],[-80.6443611125685,25.6882607265874],[-80.6471693027406,25.6882612284967],[-80.6527615732007,25.688262070409]]]},"properties":{"OBJECTID":854,"CATEGORY":5,"ZONEID":"E"}},{"type":"Feature","id":855,"geometry":{"type":"Polygon","coordinates":[[[-80.6234247995887,25.7025996941297],[-80.6229764728883,25.6882520103662],[-80.6391918938099,25.6882596563874],[-80.639393182909,25.6955144350489],[-80.6395944872793,25.7027692047807],[-80.6234247995887,25.7025996941297]]]},"properties":{"OBJECTID":855,"CATEGORY":5,"ZONEID":"E"}},{"type":"Feature","id":856,"geometry":{"type":"Polygon","coordinates":[[[-80.6673536629455,25.6882632628482],[-80.6711859621858,25.6882633324679],[-80.6711859621858,25.6882633640396],[-80.6714070771031,25.6954704016617],[-80.6714443005935,25.6966835751421],[-80.6716282171732,25.702677458817],[-80.6716281731558,25.702677458817],[-80.6636057155103,25.702701098307],[-80.6555832120508,25.7027242942232],[-80.6553649555728,25.6954933342861],[-80.6551467152644,25.688262358602],[-80.6631663369284,25.6882630701798],[-80.6673536629455,25.6882632628482]]]},"properties":{"OBJECTID":856,"CATEGORY":5,"ZONEID":"E"}},{"type":"Feature","id":857,"geometry":{"type":"Polygon","coordinates":[[[-80.3497090928166,25.6875104516472],[-80.3509801137222,25.6874670159766],[-80.3517928348311,25.6874392302536],[-80.3532817214477,25.6873883176737],[-80.3577831613701,25.6872342950665],[-80.3601086813501,25.6871555974194],[-80.3658602545511,25.6869607890888],[-80.3659856773311,25.6940317337028],[-80.3661920059788,25.7010955554792],[-80.3581666108424,25.7013674020162],[-80.3501411959429,25.7016388043592],[-80.3499219683861,25.694576469464],[-80.3497090928166,25.6875104516472]]]},"properties":{"OBJECTID":857,"CATEGORY":4,"ZONEID":"D"}},{"type":"Feature","id":858,"geometry":{"type":"Polygon","coordinates":[[[-80.6072540348181,25.7024283781978],[-80.6067610744244,25.6882425744711],[-80.6229764728883,25.6882520103662],[-80.6234247995887,25.7025996941297],[-80.6072540348181,25.7024283781978]]]},"properties":{"OBJECTID":858,"CATEGORY":5,"ZONEID":"E"}},{"type":"Feature","id":859,"geometry":{"type":"Polygon","coordinates":[[[-80.5905457038084,25.6882313346698],[-80.6067610744244,25.6882425744711],[-80.6072540348181,25.7024283781978],[-80.5910478377977,25.7022548862557],[-80.5908047357156,25.6954658572293],[-80.5905457038084,25.6882313346698]]]},"properties":{"OBJECTID":859,"CATEGORY":5,"ZONEID":"E"}},{"type":"Feature","id":860,"geometry":{"type":"Polygon","coordinates":[[[-80.3658602545511,25.6869607890888],[-80.3684271823906,25.686880179936],[-80.3738704816339,25.6867091579184],[-80.3748655122364,25.6866777655099],[-80.3765420093051,25.6866248611308],[-80.3818828377239,25.6864562058513],[-80.3820447860033,25.6934965839241],[-80.3820498003993,25.6937168846753],[-80.3820508487332,25.6937624559394],[-80.3822065986372,25.7005360852193],[-80.3742108631765,25.7008117876145],[-80.3661920059788,25.7010955554792],[-80.3659856773311,25.6940317337028],[-80.3658602545511,25.6869607890888]]]},"properties":{"OBJECTID":860,"CATEGORY":4,"ZONEID":"D"}},{"type":"Feature","id":861,"geometry":{"type":"Polygon","coordinates":[[[-80.3822065986372,25.7005360852193],[-80.3820508487332,25.6937624559394],[-80.3820498003993,25.6937168846753],[-80.3820447860033,25.6934965839241],[-80.3818828377239,25.6864562058513],[-80.3846591529747,25.6863686456132],[-80.3846591951956,25.6863686399464],[-80.3862683033466,25.6863164753534],[-80.3899043180024,25.6861985481712],[-80.3926795256304,25.6861084773425],[-80.3938695867694,25.6860698393397],[-80.3979088578512,25.6859386232026],[-80.3979088605461,25.6859386628704],[-80.3984745548333,25.7004542184687],[-80.3903510322268,25.700718073997],[-80.3822299584278,25.7009764141944],[-80.3822299395632,25.7009760863693],[-80.3822065986372,25.7005360852193]]]},"properties":{"OBJECTID":861,"CATEGORY":4,"ZONEID":"D"}},{"type":"Feature","id":862,"geometry":{"type":"Polygon","coordinates":[[[-80.4123077891486,25.6854791656258],[-80.4139498160632,25.6854267035384],[-80.414522828925,25.699947740004],[-80.3984745548333,25.7004542184687],[-80.3979088605461,25.6859386628704],[-80.3979088578512,25.6859386232026],[-80.4006820550496,25.6858502214643],[-80.4046374737895,25.6857240671909],[-80.4087027564886,25.6855943005756],[-80.4123077891486,25.6854791656258]]]},"properties":{"OBJECTID":862,"CATEGORY":4,"ZONEID":"D"}},{"type":"Feature","id":863,"geometry":{"type":"Polygon","coordinates":[[[-80.4139498160632,25.6854267035384],[-80.4139498466059,25.685426704348],[-80.4148062366174,25.6853991699193],[-80.4167238343218,25.68533752668],[-80.4248752064987,25.6850752731783],[-80.4248752693807,25.6850752707496],[-80.4299800133564,25.6849108407664],[-80.4305467083669,25.6994363168518],[-80.414522828925,25.699947740004],[-80.4139498160632,25.6854267035384]]]},"properties":{"OBJECTID":863,"CATEGORY":4,"ZONEID":"D"}},{"type":"Feature","id":864,"geometry":{"type":"Polygon","coordinates":[[[-80.4299800133564,25.6849108407664],[-80.4330243310907,25.6848116744293],[-80.4411548587598,25.6845466713264],[-80.4460095557778,25.6843882345766],[-80.4465796554032,25.6989102127801],[-80.4305467083669,25.6994363168518],[-80.4299800133564,25.6849108407664]]]},"properties":{"OBJECTID":864,"CATEGORY":5,"ZONEID":"E"}},{"type":"Feature","id":865,"geometry":{"type":"Polygon","coordinates":[[[-80.4460095557778,25.6843882345766],[-80.4492823806659,25.684282308804],[-80.4538916938809,25.6841330650563],[-80.4573486707073,25.6840210284991],[-80.4588130602661,25.6839735558987],[-80.4620345958431,25.6838690594421],[-80.4625981287837,25.6983949288933],[-80.4465796554032,25.6989102127801],[-80.4460095557778,25.6843882345766]]]},"properties":{"OBJECTID":865,"CATEGORY":5,"ZONEID":"E"}},{"type":"Feature","id":866,"geometry":{"type":"Polygon","coordinates":[[[-80.4735312150862,25.6834977901847],[-80.4780729067199,25.6833509247641],[-80.4782030294854,25.6867438378662],[-80.4782751668976,25.6886247341012],[-80.4786297903309,25.6978704302472],[-80.4625981287837,25.6983949288933],[-80.4620345958431,25.6838690594421],[-80.4639604706245,25.6838069183403],[-80.4654138657024,25.6837600050618],[-80.4735312150862,25.6834977901847]]]},"properties":{"OBJECTID":866,"CATEGORY":5,"ZONEID":"E"}},{"type":"Feature","id":870,"geometry":{"type":"Polygon","coordinates":[[[-80.1416556716685,25.678575253845],[-80.1496456794709,25.6785842136533],[-80.157635703443,25.6785927362786],[-80.1576001247679,25.6857712606092],[-80.1575645568726,25.6929497765717],[-80.1496284740383,25.6929713052007],[-80.1416924037805,25.6929924185529],[-80.1416740422161,25.6857838369364],[-80.1416556716685,25.678575253845]]]},"properties":{"OBJECTID":870,"CATEGORY":1,"ZONEID":"A"}},{"type":"Feature","id":871,"geometry":{"type":"Polygon","coordinates":[[[-80.157635703443,25.6785927362786],[-80.1657503938137,25.678600213714],[-80.173865094964,25.6786072385844],[-80.1738062894489,25.6858052227612],[-80.1737474641709,25.6930031865068],[-80.1656560024369,25.6929767126542],[-80.165655911707,25.6929767118447],[-80.1575645568726,25.6929497765717],[-80.1576001247679,25.6857712606092],[-80.157635703443,25.6785927362786]]]},"properties":{"OBJECTID":871,"CATEGORY":1,"ZONEID":"A"}},{"type":"Feature","id":872,"geometry":{"type":"Polygon","coordinates":[[[-80.1738062894489,25.6858052227612],[-80.173865094964,25.6786072385844],[-80.1819590144886,25.6786966811703],[-80.1900529483863,25.6787856719348],[-80.1899458745943,25.6858818601932],[-80.1898647746905,25.691255116007],[-80.1898554007705,25.691875992912],[-80.1898387675647,25.6929780402326],[-80.1817931989619,25.6929908392205],[-80.1817931118253,25.692990838411],[-80.1806108768092,25.6929926808305],[-80.1737474641709,25.6930031865068],[-80.1738062894489,25.6858052227612]]]},"properties":{"OBJECTID":872,"CATEGORY":1,"ZONEID":"A"}},{"type":"Feature","id":876,"geometry":{"type":"Polygon","coordinates":[[[-80.2357325069592,25.6760371900034],[-80.2440736635112,25.6758733879532],[-80.2524148038936,25.6757091088139],[-80.2524433909809,25.683068368634],[-80.2524719654918,25.6904275851435],[-80.2524719654918,25.6904276207622],[-80.2484618384528,25.6904814317292],[-80.2443215859532,25.6905368762745],[-80.2361712037198,25.6906456872629],[-80.2359518495004,25.6833414350495],[-80.2357325069592,25.6760371900034]]]},"properties":{"OBJECTID":876,"CATEGORY":1,"ZONEID":"A"}},{"type":"Feature","id":877,"geometry":{"type":"Polygon","coordinates":[[[-80.2524148038936,25.6757091088139],[-80.2603262836688,25.6755092427073],[-80.2682377472744,25.6753089439289],[-80.2683748140171,25.682760887653],[-80.2685118780648,25.6902128073143],[-80.2604919285157,25.6903204415609],[-80.2524719654918,25.6904276207622],[-80.2524719654918,25.6904275851435],[-80.2524433909809,25.683068368634],[-80.2524148038936,25.6757091088139]]]},"properties":{"OBJECTID":877,"CATEGORY":1,"ZONEID":"A"}},{"type":"Feature","id":880,"geometry":{"type":"Polygon","coordinates":[[[-80.1238283982426,25.9308982522681],[-80.115803013886,25.931158700307],[-80.1154913721443,25.9237029301673],[-80.1151796450626,25.9162444842404],[-80.1231061958734,25.9161357622366],[-80.1310327457858,25.9160266086731],[-80.1313106926196,25.92333629687],[-80.1315886583179,25.9306459809799],[-80.1238283982426,25.9308982522681]]]},"properties":{"OBJECTID":880,"CATEGORY":2,"ZONEID":"B"}},{"type":"Feature","id":881,"geometry":{"type":"Polygon","coordinates":[[[-80.1310327457858,25.9160266086731],[-80.1392016917047,25.9157408406989],[-80.1473706115723,25.9154546074434],[-80.1476401528699,25.9227907342715],[-80.1479097148288,25.9301268593961],[-80.1398817523073,25.9303823293781],[-80.1315886583179,25.9306459809799],[-80.1313106926196,25.92333629687],[-80.1310327457858,25.9160266086731]]]},"properties":{"OBJECTID":881,"CATEGORY":1,"ZONEID":"A"}},{"type":"Feature","id":882,"geometry":{"type":"Polygon","coordinates":[[[-80.1473706115723,25.9154546074434],[-80.1554194545343,25.9151324715889],[-80.1634682705468,25.9148098880387],[-80.1638156203211,25.9221958245628],[-80.1641628883486,25.9295817596403],[-80.1560363159617,25.929854531597],[-80.1479097148288,25.9301268593961],[-80.1476401528699,25.9227907342715],[-80.1473706115723,25.9154546074434]]]},"properties":{"OBJECTID":882,"CATEGORY":1,"ZONEID":"A"}},{"type":"Feature","id":883,"geometry":{"type":"Polygon","coordinates":[[[-80.1634682705468,25.9148098880387],[-80.1714998299226,25.9144830972243],[-80.1795313614507,25.9141558643419],[-80.1798825030138,25.9215444320885],[-80.1802336796112,25.9289329916116],[-80.1721982952088,25.9292575974332],[-80.1641628883486,25.9295817596403],[-80.1638156203211,25.9221958245628],[-80.1634682705468,25.9148098880387]]]},"properties":{"OBJECTID":883,"CATEGORY":5,"ZONEID":"E"}},{"type":"Feature","id":884,"geometry":{"type":"Polygon","coordinates":[[[-80.1875980530391,25.9139165085121],[-80.1956647257628,25.9136767037604],[-80.1959953408216,25.9209685471853],[-80.1961609111083,25.9246199317704],[-80.1963259909148,25.9282603839426],[-80.1963258938967,25.9282603863663],[-80.1882798509835,25.9285969120426],[-80.1802336796112,25.9289329916116],[-80.1798825030138,25.9215444320885],[-80.1795313614507,25.9141558643419],[-80.1875980530391,25.9139165085121]]]},"properties":{"OBJECTID":884,"CATEGORY":4,"ZONEID":"D"}},{"type":"Feature","id":885,"geometry":{"type":"Polygon","coordinates":[[[-80.1736816985088,25.781574984381],[-80.1820990627398,25.7812773071177],[-80.1858313902687,25.7811451574056],[-80.1905163982245,25.7809791413406],[-80.1906541045676,25.7883632774408],[-80.1907918207923,25.7957473921321],[-80.1825378879593,25.7959629401394],[-80.1742839506349,25.7961780186529],[-80.1739829108101,25.788876501046],[-80.1736817012038,25.7815750442393],[-80.1736816985088,25.781574984381]]]},"properties":{"OBJECTID":885,"CATEGORY":2,"ZONEID":"B"}},{"type":"Feature","id":896,"geometry":{"type":"Polygon","coordinates":[[[-80.3374393762534,25.8116663966675],[-80.329383702502,25.8116180232188],[-80.3213339872758,25.8115711911156],[-80.3211349349819,25.8043323958234],[-80.3209655414654,25.797160892018],[-80.3289981815146,25.7971578622926],[-80.337031773778,25.7971545228006],[-80.3372352781225,25.8044105047685],[-80.3374393762534,25.8116663966675]]]},"properties":{"OBJECTID":896,"CATEGORY":5,"ZONEID":"E"}},{"type":"Feature","id":902,"geometry":{"type":"Polygon","coordinates":[[[-80.319122470692,25.7329539012944],[-80.3274714731297,25.7333053618474],[-80.3358216802082,25.7330924975336],[-80.3357432527923,25.7403691241937],[-80.3356600741869,25.7476369955856],[-80.3276353294307,25.7478785019756],[-80.3196203376836,25.7481192715719],[-80.3193713911622,25.7405365888339],[-80.319122470692,25.7329539012944]]]},"properties":{"OBJECTID":902,"CATEGORY":4,"ZONEID":"D"}},{"type":"Feature","id":903,"geometry":{"type":"Polygon","coordinates":[[[-80.3035358839439,25.748017414169],[-80.3032088441799,25.7407195885746],[-80.3028818286703,25.7334217550032],[-80.3110021595626,25.7331880517252],[-80.319122470692,25.7329539012944],[-80.3193713911622,25.7405365888339],[-80.3196203376836,25.7481192715719],[-80.3115781027289,25.7480685670088],[-80.3035358839439,25.748017414169]]]},"properties":{"OBJECTID":903,"CATEGORY":3,"ZONEID":"C"}},{"type":"Feature","id":904,"geometry":{"type":"Polygon","coordinates":[[[-80.3436551880134,25.7474322555087],[-80.3356600741869,25.7476369955856],[-80.3357432527923,25.7403691241937],[-80.3358216802082,25.7330924975336],[-80.3437749154745,25.7329012764373],[-80.3517281363677,25.7327096172407],[-80.3516892159597,25.7399683496844],[-80.3516502811786,25.7472270757214],[-80.3436551880134,25.7474322555087]]]},"properties":{"OBJECTID":904,"CATEGORY":4,"ZONEID":"D"}},{"type":"Feature","id":905,"geometry":{"type":"Polygon","coordinates":[[[-80.3597064813428,25.7469700990296],[-80.3516502811786,25.7472270757214],[-80.3516892159597,25.7399683496844],[-80.3517281363677,25.7327096172407],[-80.3597463755246,25.7325144804736],[-80.3677645976134,25.7323189039736],[-80.3677288832927,25.7395169028333],[-80.3676931545989,25.7467148962114],[-80.3597064813428,25.7469700990296]]]},"properties":{"OBJECTID":905,"CATEGORY":4,"ZONEID":"D"}},{"type":"Feature","id":906,"geometry":{"type":"Polygon","coordinates":[[[-80.375937104454,25.7465288309925],[-80.3676931545989,25.7467148962114],[-80.3677288832927,25.7395169028333],[-80.3677645976134,25.7323189039736],[-80.3757012409964,25.7321909992189],[-80.3836261990942,25.7320551517031],[-80.3838282346932,25.7372774160725],[-80.38390412347,25.7392400650327],[-80.3841089734908,25.7445397639756],[-80.3841818843525,25.7464250553843],[-80.375937104454,25.7465288309925]]]},"properties":{"OBJECTID":906,"CATEGORY":4,"ZONEID":"D"}},{"type":"Feature","id":908,"geometry":{"type":"Polygon","coordinates":[[[-80.4805184047909,25.7466774948247],[-80.4803799797955,25.743208890628],[-80.4803085978664,25.7414202164615],[-80.4799444873256,25.7321615237393],[-80.4879030783476,25.7321599789145],[-80.495855678505,25.7321956571597],[-80.496308819277,25.7396086098653],[-80.4967620067614,25.7470215492715],[-80.4886453059612,25.7468249997928],[-80.4805184047909,25.7466774948247]]]},"properties":{"OBJECTID":908,"CATEGORY":5,"ZONEID":"E"}},{"type":"Feature","id":921,"geometry":{"type":"Polygon","coordinates":[[[-80.4765170740551,25.2725641986907],[-80.4765061577277,25.270995830607],[-80.4764141289202,25.2577726040592],[-80.4925397686191,25.2579522826179],[-80.4926427128557,25.272684777563],[-80.4765170740551,25.2725641986907]]]},"properties":{"OBJECTID":921,"CATEGORY":1,"ZONEID":"A"}},{"type":"Feature","id":922,"geometry":{"type":"Polygon","coordinates":[[[-80.4613341327035,25.2724519461393],[-80.4611383915998,25.2578239238723],[-80.4764141289202,25.2577726040592],[-80.4765061577277,25.270995830607],[-80.4765170740551,25.2725641986907],[-80.4613341327035,25.2724519461393]]]},"properties":{"OBJECTID":922,"CATEGORY":1,"ZONEID":"A"}},{"type":"Feature","id":923,"geometry":{"type":"Polygon","coordinates":[[[-80.396422155039,25.2719115784428],[-80.3960776843652,25.2572891602482],[-80.4128225049417,25.2575033509829],[-80.4127384846148,25.2648081695318],[-80.4126544463217,25.2721129791156],[-80.396422155039,25.2719115784428]]]},"properties":{"OBJECTID":923,"CATEGORY":1,"ZONEID":"A"}},{"type":"Feature","id":924,"geometry":{"type":"Polygon","coordinates":[[[-80.3320699957815,25.5991749638082],[-80.3320700424939,25.5991749638082],[-80.3320700829181,25.5991749638082],[-80.3340775076593,25.5991252311978],[-80.3360850024691,25.5990754807438],[-80.3380925035671,25.5990256962434],[-80.338919063223,25.5990051908756],[-80.3392068780501,25.5989980479003],[-80.3401000064618,25.5989758849877],[-80.3421048997506,25.5989263977661],[-80.3421049383781,25.5989263977661],[-80.342191209883,25.5989242671052],[-80.3441097912427,25.5988768829794],[-80.3452607693786,25.5988484430973],[-80.3461146827349,25.598827337387],[-80.3481195697354,25.5987777642293],[-80.3482403212758,25.6006632026836],[-80.3482425212499,25.600697534175],[-80.3483610764096,25.6025486308535],[-80.3483654763578,25.6026173008448],[-80.3484818369332,25.6044340616981],[-80.348488435059,25.6045370666663],[-80.3486025983552,25.6063194895438],[-80.3486113811837,25.6064568316362],[-80.3487243227711,25.6082071979871],[-80.3487309649144,25.6083101988944],[-80.3488460516787,25.6100949017337],[-80.3488504776781,25.610163572251],[-80.3489677796879,25.6119826064509],[-80.3489699949334,25.6120169411723],[-80.349089510392,25.6138703129459],[-80.3470419570087,25.6139463688175],[-80.3449943982355,25.6140223995296],[-80.3429468376657,25.614098396982],[-80.3408992735026,25.6141743668449],[-80.3388572070291,25.6142224512572],[-80.3368151378607,25.6142705040588],[-80.3347730668956,25.6143185284899],[-80.3327309977271,25.6143665302209],[-80.332641962106,25.6124934026591],[-80.3325529309765,25.6106202749028],[-80.332463902542,25.6087471461448],[-80.3323748759041,25.606874017198],[-80.3322986511573,25.6049492557718],[-80.332222430902,25.6030244925227],[-80.3321462124435,25.6010997290738],[-80.3320699957815,25.5991749638082]]]},"properties":{"OBJECTID":924,"CATEGORY":3,"ZONEID":"C"}},{"type":"Feature","id":925,"geometry":{"type":"Polygon","coordinates":[[[-80.3644687327349,25.5982818897477],[-80.366501215981,25.5981996287533],[-80.3676189699261,25.5981543806861],[-80.3678898955276,25.5981434129772],[-80.3685336992271,25.5981173474489],[-80.3705661672018,25.5980350393531],[-80.3725985731928,25.597952704466],[-80.3725986261934,25.5979527028457],[-80.3725986603293,25.5979527020355],[-80.3736859425217,25.5979074708879],[-80.3809162432917,25.5976064776652],[-80.3810209724808,25.5994569765149],[-80.3811168281115,25.6011505982745],[-80.3811257088564,25.6013074775153],[-80.3811257115513,25.6013075082999],[-80.3812304407404,25.6031579839038],[-80.381318916711,25.6047211874916],[-80.3813351780143,25.6050084900067],[-80.3813904953712,25.6059844273178],[-80.3814405620752,25.6068678079088],[-80.3815459533227,25.6087271252463],[-80.3816513427735,25.6105864428264],[-80.3817567349193,25.6124457622662],[-80.3817566477827,25.6124457646963],[-80.3736954538839,25.6128214827005],[-80.3716438455054,25.6129177465593],[-80.3695922290421,25.6130139836091],[-80.3675406179686,25.6131101897999],[-80.3654889952171,25.6132063659418],[-80.3653647177892,25.6113401704529],[-80.365240434073,25.6094739757982],[-80.3651161602383,25.6076077811706],[-80.3649918864035,25.6057415825224],[-80.3648610934948,25.60387665739],[-80.3647303005861,25.6020117307127],[-80.3645995148638,25.6001468049237],[-80.3644687327349,25.5982818897477]]]},"properties":{"OBJECTID":925,"CATEGORY":4,"ZONEID":"D"}},{"type":"Feature","id":926,"geometry":{"type":"Polygon","coordinates":[[[-80.5011577275513,25.3745355318566],[-80.4931154872067,25.3745871885663],[-80.4930930535791,25.3673906297408],[-80.49307061546,25.360194066854],[-80.5010814345326,25.3602273907038],[-80.5090922697749,25.360260276201],[-80.5091461192846,25.3673718591983],[-80.5091999696926,25.3744834360214],[-80.5011577275513,25.3745355318566]]]},"properties":{"OBJECTID":926,"CATEGORY":2,"ZONEID":"B"}},{"type":"Feature","id":927,"geometry":{"type":"Polygon","coordinates":[[[-80.4780854534894,25.5505156120168],[-80.480114829463,25.5504897444067],[-80.4821442036398,25.5504638516666],[-80.48417358141,25.5504379281233],[-80.4862029546886,25.5504119802603],[-80.4882321923215,25.5503860429278],[-80.4902614299545,25.5503600820862],[-80.492290674774,25.5503340880098],[-80.4943199115087,25.5503080688034],[-80.4943355475845,25.552127295675],[-80.4943511854569,25.5539465257277],[-80.4943668233294,25.5557657557169],[-80.494382458507,25.5575849759149],[-80.4943984682819,25.5594105139597],[-80.4944144798536,25.5612360460683],[-80.4944304887303,25.5630615803421],[-80.4944464985052,25.5648871086747],[-80.4924201327862,25.5649230209226],[-80.4903937724571,25.5649588991243],[-80.4883674058398,25.5649947489524],[-80.4863410383242,25.5650305712174],[-80.4843134428115,25.5650526593802],[-80.4822858562821,25.5650747224177],[-80.4802582625661,25.5650967538467],[-80.4782306841215,25.5651187585297],[-80.4782119695191,25.5633007013649],[-80.478204261974,25.5625511549207],[-80.4781932701882,25.5614826449688],[-80.4781745699589,25.5596645844818],[-80.4781558670347,25.5578465247689],[-80.478138265445,25.5560137979028],[-80.478129623652,25.5551142149307],[-80.4781206611604,25.554181068938],[-80.4781030577741,25.5523483403084],[-80.4780963302909,25.551647877963],[-80.4780854534894,25.5505156120168]]]},"properties":{"OBJECTID":927,"CATEGORY":4,"ZONEID":"D"}},{"type":"Feature","id":928,"geometry":{"type":"Polygon","coordinates":[[[-80.4401031184117,25.6551651027778],[-80.4319828018925,25.6554638804495],[-80.4316719623463,25.6478704120032],[-80.4314381281829,25.6405093830329],[-80.4395421600427,25.6403009746856],[-80.4476424818603,25.6400943225567],[-80.4481594254754,25.6474567457013],[-80.4486779474304,25.6548517649101],[-80.4401031184117,25.6551651027778]]]},"properties":{"OBJECTID":928,"CATEGORY":4,"ZONEID":"D"}},{"type":"Feature","id":929,"geometry":{"type":"Polygon","coordinates":[[[-80.4562729579175,25.6546159736806],[-80.4486779474304,25.6548517649101],[-80.4481594254754,25.6474567457013],[-80.4476424818603,25.6400943225567],[-80.4557107167543,25.6398808656302],[-80.4637968254275,25.6396665020874],[-80.4640596581066,25.647016084533],[-80.4643225240233,25.6543656597271],[-80.4562729579175,25.6546159736806]]]},"properties":{"OBJECTID":929,"CATEGORY":4,"ZONEID":"D"}},{"type":"Feature","id":930,"geometry":{"type":"Polygon","coordinates":[[[-80.4637968254275,25.6396665020874],[-80.4719371348517,25.6391683749664],[-80.4800360975183,25.6386722955422],[-80.4802690917569,25.6451106970365],[-80.4802897152792,25.6456805292065],[-80.4803047979928,25.6460972101372],[-80.480531870537,25.6523719533075],[-80.4805318696387,25.6523719848887],[-80.4805735981803,25.6535242953576],[-80.4805735577561,25.6535242985967],[-80.4724582403614,25.6539446697639],[-80.4643225240233,25.6543656597271],[-80.4640596581066,25.647016084533],[-80.4637968254275,25.6396665020874]]]},"properties":{"OBJECTID":930,"CATEGORY":4,"ZONEID":"D"}},{"type":"Feature","id":931,"geometry":{"type":"Polygon","coordinates":[[[-80.4800360975183,25.6386722955422],[-80.4800070361205,25.6378494265556],[-80.4880207504633,25.637816410444],[-80.4960344648061,25.6377829667098],[-80.4962982389196,25.6450437780139],[-80.4965620399825,25.6523045848828],[-80.4885469521156,25.6523384893587],[-80.480531870537,25.6523719533075],[-80.4803047979928,25.6460972101372],[-80.4802897152792,25.6456805292065],[-80.4802690917569,25.6451106970365],[-80.4800360975183,25.6386722955422]]]},"properties":{"OBJECTID":931,"CATEGORY":5,"ZONEID":"E"}},{"type":"Feature","id":932,"geometry":{"type":"Polygon","coordinates":[[[-80.4960344648059,25.6377829667098],[-80.504048710053,25.63774962825],[-80.5120629615883,25.6377158532585],[-80.5123273330815,25.6449763196103],[-80.5125917270326,25.6522366989735],[-80.5045768835075,25.652270861787],[-80.4965620399824,25.6523045848828],[-80.4962982389194,25.6450437780139],[-80.4960344648059,25.6377829667098]]]},"properties":{"OBJECTID":932,"CATEGORY":5,"ZONEID":"E"}},{"type":"Feature","id":933,"geometry":{"type":"Polygon","coordinates":[[[-80.5120629615883,25.6377158532585],[-80.520075966262,25.6376808205225],[-80.5280889646475,25.6376453504438],[-80.5283549333452,25.6449046759906],[-80.5286209262975,25.6521639940473],[-80.5206063756232,25.6522005675847],[-80.5125917270326,25.6522366989735],[-80.5123273330815,25.6449763196103],[-80.5120629615883,25.6377158532585]]]},"properties":{"OBJECTID":933,"CATEGORY":5,"ZONEID":"E"}},{"type":"Feature","id":934,"geometry":{"type":"Polygon","coordinates":[[[-80.5366351643581,25.6521283655077],[-80.5286209262975,25.6521639940473],[-80.5283549333452,25.6449046759906],[-80.5280889646475,25.6376453504438],[-80.5361026394644,25.6376089692452],[-80.5441163196712,25.6375721523226],[-80.5443828480194,25.6448322265511],[-80.5446494015204,25.6520922972488],[-80.5366351643581,25.6521283655077]]]},"properties":{"OBJECTID":934,"CATEGORY":5,"ZONEID":"E"}},{"type":"Feature","id":935,"geometry":{"type":"Polygon","coordinates":[[[-80.5441163196712,25.6375721523226],[-80.5521293539893,25.63753461136],[-80.5601423901041,25.6374966322429],[-80.5604105102669,25.644755639664],[-80.5606786501927,25.6520146388273],[-80.5526640240599,25.6520536878988],[-80.5446494015204,25.6520922972488],[-80.5443828480194,25.6448322265511],[-80.5441163196712,25.6375721523226]]]},"properties":{"OBJECTID":935,"CATEGORY":5,"ZONEID":"E"}},{"type":"Feature","id":936,"geometry":{"type":"Polygon","coordinates":[[[-80.5761921787553,25.6374187731926],[-80.5761922281627,25.6374187731926],[-80.5764570497118,25.6446785028552],[-80.576721897312,25.6519382282228],[-80.5767218505997,25.6519382306522],[-80.56870026971,25.6519766521711],[-80.5606786501927,25.6520146388273],[-80.5604105102669,25.644755639664],[-80.5601423901041,25.6374966322429],[-80.5681673091334,25.6374579234153],[-80.5761921787553,25.6374187731926]]]},"properties":{"OBJECTID":936,"CATEGORY":5,"ZONEID":"E"}},{"type":"Feature","id":937,"geometry":{"type":"Polygon","coordinates":[[[-80.5761922281627,25.6374187731926],[-80.5841083504313,25.637429404438],[-80.5920244789881,25.6374396064482],[-80.5923103768105,25.6447007528506],[-80.5925963006839,25.6519618923558],[-80.576721897312,25.6519382282228],[-80.5764570497118,25.6446785028552],[-80.5761922281627,25.6374187731926]]]},"properties":{"OBJECTID":937,"CATEGORY":5,"ZONEID":"E"}},{"type":"Feature","id":938,"geometry":{"type":"Polygon","coordinates":[[[-80.7454401340394,25.4684867972411],[-80.7488601353104,25.4685499974819],[-80.7612500383738,25.46848999671],[-80.7614500383903,25.4828567009652],[-80.7488901354476,25.4831100010532],[-80.7454101348005,25.4831700010183],[-80.7454000341434,25.4825700016419],[-80.7454401340394,25.4684867972411]]]},"properties":{"OBJECTID":938,"CATEGORY":3,"ZONEID":"C"}},{"type":"Feature","id":939,"geometry":{"type":"Polygon","coordinates":[[[-80.7130001239902,25.4833134015433],[-80.7129701247513,25.4688900983426],[-80.7165399254858,25.4689700977474],[-80.72933342903,25.4687366978082],[-80.7291601287403,25.4827799017775],[-80.7291800300171,25.4833900017153],[-80.7166301262218,25.4834701009483],[-80.7130001239902,25.4833134015433]]]},"properties":{"OBJECTID":939,"CATEGORY":3,"ZONEID":"C"}},{"type":"Feature","id":940,"geometry":{"type":"Polygon","coordinates":[[[-80.72933342903,25.4687366978082],[-80.7294300284657,25.4541699943371],[-80.7330501294663,25.4541898934257],[-80.7455400338854,25.4540200928475],[-80.7454401340394,25.4684867972411],[-80.7327601299364,25.468759997515],[-80.72933342903,25.4687366978082]]]},"properties":{"OBJECTID":940,"CATEGORY":3,"ZONEID":"C"}},{"type":"Feature","id":941,"geometry":{"type":"Polygon","coordinates":[[[-80.8288474927492,25.2133694401753],[-80.8447226614857,25.2133046931542],[-80.8447225563828,25.2148749307716],[-80.8447901573029,25.2282300334481],[-80.8289600525527,25.2282801346027],[-80.8288501517625,25.2146101306559],[-80.8288474927492,25.2133694401753]]]},"properties":{"OBJECTID":941,"CATEGORY":1,"ZONEID":"A"}},{"type":"Feature","id":942,"geometry":{"type":"Polygon","coordinates":[[[-80.8125912595676,25.2134339750394],[-80.8288474927492,25.2133694401753],[-80.8288501517625,25.2146101306559],[-80.8289600525527,25.2282801346027],[-80.8126299473119,25.2283299350632],[-80.812600147499,25.2153068308861],[-80.8125912595676,25.2134339750394]]]},"properties":{"OBJECTID":942,"CATEGORY":1,"ZONEID":"A"}},{"type":"Feature","id":943,"geometry":{"type":"Polygon","coordinates":[[[-80.8447901573029,25.2282300334481],[-80.8580201603285,25.2281800338518],[-80.8579700612851,25.2426925375472],[-80.844890057149,25.242790037615],[-80.8447901573029,25.2282300334481]]]},"properties":{"OBJECTID":943,"CATEGORY":1,"ZONEID":"A"}},{"type":"Feature","id":944,"geometry":{"type":"Polygon","coordinates":[[[-80.6823061010867,25.6226765243785],[-80.6823401184898,25.6180100369121],[-80.6974000238852,25.6181400366283],[-80.697340024509,25.6314100397577],[-80.6822401315072,25.631739937138],[-80.6822400192177,25.6317399395677],[-80.6823061010867,25.6226765243785]]]},"properties":{"OBJECTID":944,"CATEGORY":4,"ZONEID":"D"}},{"type":"Feature","id":948,"geometry":{"type":"Polygon","coordinates":[[[-80.8110000611283,25.7934699779315],[-80.7972201570965,25.7935100789559],[-80.7947201573389,25.7935100789559],[-80.7947101563948,25.7919600787578],[-80.7947201555422,25.7788199754388],[-80.7973601568386,25.7787600744897],[-80.8107800610202,25.7787800749112],[-80.8110000611283,25.792089978403],[-80.8110000611283,25.7934699779315]]]},"properties":{"OBJECTID":948,"CATEGORY":5,"ZONEID":"E"}},{"type":"Feature","id":949,"geometry":{"type":"Polygon","coordinates":[[[-80.8107800610202,25.7787800749112],[-80.7973601568386,25.7787600744897],[-80.7947201555422,25.7788199754388],[-80.7947201564405,25.7772199744712],[-80.7947600560122,25.7630099712317],[-80.7974100564559,25.7629799710609],[-80.8109099601053,25.7629499700735],[-80.8107700609745,25.77746997425],[-80.8107800610202,25.7787800749112]]]},"properties":{"OBJECTID":949,"CATEGORY":5,"ZONEID":"E"}},{"type":"Feature","id":953,"geometry":{"type":"Polygon","coordinates":[[[-80.712840022647,25.3952899794381],[-80.71674012403,25.3953400789062],[-80.7290301272473,25.3954999789742],[-80.7289800273056,25.4095066826395],[-80.7168201234976,25.4094900826907],[-80.7128700218859,25.4095899825727],[-80.712840022647,25.3952899794381]]]},"properties":{"OBJECTID":953,"CATEGORY":3,"ZONEID":"C"}},{"type":"Feature","id":954,"geometry":{"type":"Polygon","coordinates":[[[-80.696696617865,25.3954766797037],[-80.7007100192632,25.3953100789551],[-80.712840022647,25.3952899794381],[-80.7128700218859,25.4095899825727],[-80.7006001193714,25.4097599829038],[-80.696910018949,25.409846583493],[-80.696696617865,25.3954766797037]]]},"properties":{"OBJECTID":954,"CATEGORY":3,"ZONEID":"C"}},{"type":"Feature","id":955,"geometry":{"type":"Polygon","coordinates":[[[-80.745570032226,25.424213385635],[-80.7452800317978,25.409406781877],[-80.7491300332391,25.4092999823617],[-80.7614301362152,25.4092300819828],[-80.7612800376127,25.4238849859753],[-80.7491201338047,25.4242200863018],[-80.745570032226,25.424213385635]]]},"properties":{"OBJECTID":955,"CATEGORY":3,"ZONEID":"C"}},{"type":"Feature","id":956,"geometry":{"type":"Polygon","coordinates":[[[-80.7612800376127,25.4238849859753],[-80.7614301362152,25.4092300819828],[-80.7654200376856,25.4092600817185],[-80.7774801413604,25.4094098814885],[-80.7773300418596,25.4238599851715],[-80.7653400391163,25.424059984966],[-80.7612800376127,25.4238849859753]]]},"properties":{"OBJECTID":956,"CATEGORY":3,"ZONEID":"C"}},{"type":"Feature","id":957,"geometry":{"type":"Polygon","coordinates":[[[-80.7453700313112,25.39508657876],[-80.7491100331476,25.3950300787814],[-80.7612800367144,25.3950500785255],[-80.7614301362152,25.4092300819828],[-80.7491300332391,25.4092999823617],[-80.7452800317978,25.409406781877],[-80.7453700313112,25.39508657876]]]},"properties":{"OBJECTID":957,"CATEGORY":3,"ZONEID":"C"}},{"type":"Feature","id":958,"geometry":{"type":"Polygon","coordinates":[[[-80.7490600293256,25.243450039392],[-80.7489600288682,25.2285099367047],[-80.7651701335601,25.2284699358212],[-80.7652200340758,25.2433499397567],[-80.7490600293256,25.243450039392]]]},"properties":{"OBJECTID":958,"CATEGORY":1,"ZONEID":"A"}},{"type":"Feature","id":964,"geometry":{"type":"MultiPolygon","coordinates":[[[[-80.5737627766977,25.2139826244375],[-80.5736450767342,25.2099868356253],[-80.5736475722541,25.2099869234026],[-80.5745849777278,25.2100200349671],[-80.5753549776567,25.2106550348447],[-80.5765275782415,25.2117399350965],[-80.5773050791031,25.2120750353043],[-80.5773070500068,25.2120748174901],[-80.5781967782951,25.2119766352866],[-80.5791725786624,25.211812535655],[-80.5800300798899,25.2114900354964],[-80.5805299797691,25.2111200351942],[-80.5817701794773,25.2107551345747],[-80.5825000795103,25.2103400349356],[-80.5828000799843,25.209820034966],[-80.5828150791546,25.2090049338487],[-80.5823667803019,25.2080801339813],[-80.5832550802689,25.2080299342903],[-80.5839400807074,25.2074549340573],[-80.5840499797009,25.2066850334272],[-80.5834350792957,25.2056651342764],[-80.5830850794913,25.2046400336716],[-80.5835400806743,25.2031699333434],[-80.5833501795182,25.2023100330586],[-80.5833350797366,25.2009501319263],[-80.5837700799298,25.2004099315395],[-80.58377222331,25.2004103728993],[-80.5846151799148,25.200583832037],[-80.5846168256284,25.2005836645968],[-80.5860301809975,25.2004399318071],[-80.5860309849897,25.200440109814],[-80.5870324807673,25.2006624329515],[-80.586815180995,25.2062097336728],[-80.5868731807214,25.2072675343013],[-80.5867600810304,25.2106199354688],[-80.586785617439,25.213877477075],[-80.584312880652,25.2139450350136],[-80.5758362222225,25.2139753050215],[-80.5737652695227,25.2139826268757],[-80.5737627766977,25.2139826244375]]],[[[-80.5754401774715,25.200850033074],[-80.5751001777129,25.1995800317486],[-80.5751026983856,25.1995801447309],[-80.5764400787396,25.1996400318725],[-80.5769101779075,25.2001300327263],[-80.5771250782797,25.2007025323872],[-80.5772299781487,25.201860032742],[-80.5769550784004,25.2031049321798],[-80.576386605624,25.2035736734132],[-80.576385078488,25.2035749332471],[-80.5756350777523,25.2025899333627],[-80.5754401774715,25.200850033074]]]]},"properties":{"OBJECTID":964,"CATEGORY":1,"ZONEID":"A"}},{"type":"Feature","id":965,"geometry":{"type":"Polygon","coordinates":[[[-80.6006144446193,25.6519343194256],[-80.5925963006839,25.6519618923558],[-80.5923103768105,25.6447007528506],[-80.5920244789881,25.6374396064482],[-80.6000415808778,25.6374102443853],[-80.6080586854625,25.6373804425522],[-80.6083456253305,25.6446433790324],[-80.6086325912497,25.6519063075892],[-80.6006144446193,25.6519343194256]]]},"properties":{"OBJECTID":965,"CATEGORY":5,"ZONEID":"E"}},{"type":"Feature","id":966,"geometry":{"type":"Polygon","coordinates":[[[-80.4934961707662,25.4624156148488],[-80.4955132541934,25.4624066721045],[-80.4975303376205,25.4623977050278],[-80.499547421946,25.4623887071302],[-80.5015645053732,25.4623796792227],[-80.5035942038419,25.4623630979127],[-80.5056239068022,25.4623464882133],[-80.5076536070675,25.4623298501246],[-80.5096833073329,25.4623131852686],[-80.5096965619749,25.4641390450944],[-80.5097098193118,25.4659649088427],[-80.5097230748521,25.4677907659676],[-80.5097363285958,25.4696166270096],[-80.5097497485279,25.4714582391288],[-80.509763165765,25.4732998538682],[-80.5097765839004,25.4751414647373],[-80.5097900029341,25.4769830782211],[-80.5077819529654,25.4769927708319],[-80.5057739083866,25.4770024366803],[-80.5037658611129,25.4770120773881],[-80.5017578138392,25.4770216880895],[-80.499744898595,25.4770324803605],[-80.4977319797575,25.4770432474908],[-80.4957190645132,25.4770539846146],[-80.4937061456757,25.4770646925428],[-80.4936804269091,25.4752303133797],[-80.4936547000577,25.4733959305645],[-80.4936289776979,25.4715615465326],[-80.4936032580329,25.4697271661529],[-80.4935764837459,25.467899278421],[-80.4935497130521,25.4660713896783],[-80.4935229432567,25.4642435039828],[-80.4934961707662,25.4624156148488]]]},"properties":{"OBJECTID":966,"CATEGORY":4,"ZONEID":"D"}},{"type":"Feature","id":967,"geometry":{"type":"Polygon","coordinates":[[[-80.5096833073329,25.4623131852686],[-80.5117244171006,25.4623061939281],[-80.513765528665,25.4622991766332],[-80.515806644721,25.4622921252735],[-80.5178477562854,25.4622850520146],[-80.5198860309701,25.4622762917493],[-80.5219242993666,25.4622675063405],[-80.5239625749496,25.4622586901107],[-80.5260008469394,25.4622498487374],[-80.5260302784431,25.4640776527965],[-80.5260597063535,25.4659054631523],[-80.5260891387554,25.4677332660144],[-80.5261185702591,25.4695610727348],[-80.5261493411508,25.4713958449271],[-80.5261801084493,25.473230613461],[-80.5262108775444,25.4750653856326],[-80.5262416493344,25.4769001533294],[-80.5241796833807,25.4769079069369],[-80.5221177147321,25.4769156321602],[-80.520055750575,25.4769233281885],[-80.5179937882146,25.4769309950216],[-80.5159428391995,25.4769440596155],[-80.5138918937777,25.4769570925805],[-80.5118409447626,25.4769700995933],[-80.5097900029341,25.4769830782211],[-80.5097765839004,25.4751414647373],[-80.509763165765,25.4732998538682],[-80.5097497485279,25.4714582391288],[-80.5097363285958,25.4696166270096],[-80.5097230748521,25.4677907659676],[-80.5097098193118,25.4659649088427],[-80.5096965619749,25.4641390450944],[-80.5096833073329,25.4623131852686]]]},"properties":{"OBJECTID":967,"CATEGORY":4,"ZONEID":"D"}},{"type":"Feature","id":968,"geometry":{"type":"Polygon","coordinates":[[[-80.5260008469394,25.4622498487374],[-80.5280171928498,25.4622426043423],[-80.5300335360651,25.4622353323706],[-80.5320498810771,25.4622280295782],[-80.5340662251908,25.4622207016424],[-80.5360741844296,25.4622013732466],[-80.5380821445668,25.4621820180826],[-80.5400901065005,25.4621626369616],[-80.5420980693326,25.4621432298835],[-80.5421186308712,25.4639718263351],[-80.5421391995962,25.4658004217602],[-80.5421597602365,25.4676290169672],[-80.5421803226733,25.4694576119534],[-80.5422008357029,25.4712889316756],[-80.5422213496307,25.4731202527107],[-80.5422418617619,25.4749515701899],[-80.5422623747914,25.4767828881656],[-80.5402597892746,25.4767976468767],[-80.5382572010628,25.4768123715256],[-80.5362546128511,25.4768270783315],[-80.5342520282326,25.4768417518861],[-80.5322494337326,25.4768563921895],[-80.5302468383343,25.4768710081622],[-80.5282442474276,25.4768855941275],[-80.5262416493344,25.4769001533294],[-80.5262108775444,25.4750653856326],[-80.5261801084493,25.473230613461],[-80.5261493411508,25.4713958449271],[-80.5261185702591,25.4695610727348],[-80.5260891387554,25.4677332660144],[-80.5260597063535,25.4659054631523],[-80.5260302784431,25.4640776527965],[-80.5260008469394,25.4622498487374]]]},"properties":{"OBJECTID":968,"CATEGORY":4,"ZONEID":"D"}},{"type":"Feature","id":974,"geometry":{"type":"Polygon","coordinates":[[[-80.3639342459206,25.5223508050819],[-80.371984657341,25.5221870080274],[-80.3800349663534,25.5220228224444],[-80.3800341183438,25.5224962292464],[-80.3800339054431,25.5226146398327],[-80.3800315662301,25.5239226731146],[-80.3800285703486,25.5255926137149],[-80.3800281625135,25.5258225042434],[-80.3800247614918,25.5277223652764],[-80.3800218895778,25.5293261811539],[-80.3800216856602,25.5294402539252],[-80.3800213586735,25.5296222116259],[-80.3800255322463,25.529961029908],[-80.3800255717722,25.5299642933989],[-80.3800442962559,25.5314844114913],[-80.3800615699605,25.5328869432681],[-80.3800672347367,25.5333466075756],[-80.3800732705171,25.5338367802671],[-80.3800901714209,25.5352088063608],[-80.3801055047645,25.536453531357],[-80.3801131099018,25.5370710078439],[-80.3801130721725,25.5370710054122],[-80.3720325321558,25.5371272968757],[-80.3639521322762,25.5371830946849],[-80.3639431473268,25.5297669395842],[-80.3639342459206,25.5223508050819]]]},"properties":{"OBJECTID":974,"CATEGORY":2,"ZONEID":"B"}},{"type":"Feature","id":975,"geometry":{"type":"Polygon","coordinates":[[[-80.3800349663534,25.5220228224444],[-80.3800349995911,25.5220228224444],[-80.3820569770399,25.5220148625987],[-80.3840789931163,25.5220068760007],[-80.3861010073961,25.5219988642718],[-80.3881230261674,25.5219908176841],[-80.3901634613004,25.5219792423028],[-80.3922039018233,25.521967639358],[-80.394244336058,25.5219560039857],[-80.3962847729876,25.5219443442926],[-80.3963056255803,25.5237778983846],[-80.3963264808679,25.5256114495895],[-80.3963473361555,25.527444997094],[-80.3963681887482,25.5292785473804],[-80.3963885427759,25.5311193139399],[-80.3964088923121,25.5329600708958],[-80.3964292454415,25.5348008304045],[-80.396449595876,25.5366415957053],[-80.3943924682484,25.5366955634998],[-80.3923353388242,25.5367495029005],[-80.3902782085017,25.5368034147179],[-80.3882210817724,25.5368572989522],[-80.3861940854361,25.5369107673465],[-80.3841670962862,25.5369642081582],[-80.3821401053398,25.5370176238188],[-80.3801131099018,25.5370710078439],[-80.3801055047645,25.536453531357],[-80.3800901714209,25.5352088063608],[-80.3800732705171,25.5338367802671],[-80.3800672347367,25.5333466075756],[-80.3800615699605,25.5328869432681],[-80.3800442962559,25.5314844114913],[-80.3800255717722,25.5299642933989],[-80.3800255322463,25.529961029908],[-80.3800213586735,25.5296222116259],[-80.3800216856602,25.5294402539252],[-80.3800218895778,25.5293261811539],[-80.3800247614918,25.5277223652764],[-80.3800281625135,25.5258225042434],[-80.3800285703486,25.5255926137149],[-80.3800315662301,25.5239226731146],[-80.3800339054431,25.5226146398327],[-80.3800341183438,25.5224962292464],[-80.3800349663534,25.5220228224444]]]},"properties":{"OBJECTID":975,"CATEGORY":2,"ZONEID":"B"}},{"type":"Feature","id":976,"geometry":{"type":"Polygon","coordinates":[[[-80.3720825521475,25.5516872321379],[-80.3802104122694,25.551615594206],[-80.3802201729141,25.5519816926678],[-80.3802592864599,25.5534493989664],[-80.3802931430646,25.5547200614385],[-80.3803081494215,25.5552832178076],[-80.3803254671435,25.5559330671216],[-80.3803296514961,25.5560900583135],[-80.3803570186712,25.557117036949],[-80.3803802688674,25.5579895848635],[-80.3803850793457,25.5581700891202],[-80.3804058861244,25.5589508547671],[-80.3804465016533,25.5607828543526],[-80.3804871270637,25.5626148542857],[-80.3805277443893,25.5644468521327],[-80.3805683603674,25.5662788361406],[-80.3723676675373,25.566349977875],[-80.3641670703776,25.5664205689294],[-80.364060843697,25.559089563279],[-80.3639545613208,25.5517584939752],[-80.3720825521475,25.5516872321379]]]},"properties":{"OBJECTID":976,"CATEGORY":2,"ZONEID":"B"}},{"type":"Feature","id":977,"geometry":{"type":"Polygon","coordinates":[[[-80.394572563395,25.5514739861369],[-80.3966201616939,25.551455491475],[-80.3966471758312,25.5532774224074],[-80.3966741836802,25.5550993548161],[-80.3967011951225,25.556921282215],[-80.396728210158,25.5587432118952],[-80.3967568044319,25.5605869467704],[-80.3967853942141,25.5624306743399],[-80.3968139866912,25.5642744075674],[-80.3968425827617,25.5661181351047],[-80.3948023775974,25.5661379589234],[-80.3927621697382,25.5661577487037],[-80.3907219681672,25.5661775157908],[-80.388681757613,25.5661972528913],[-80.3866534093122,25.5662176917591],[-80.384625060113,25.5662381055024],[-80.3825967136088,25.5662584900692],[-80.3805683603674,25.5662788361406],[-80.3805277443893,25.5644468521327],[-80.3804871270637,25.5626148542857],[-80.3804465016533,25.5607828543526],[-80.3804058861244,25.5589508547671],[-80.3803850793457,25.5581700891202],[-80.3803802688674,25.5579895848635],[-80.3803570186712,25.557117036949],[-80.3803296514961,25.5560900583135],[-80.3803254671435,25.5559330671216],[-80.3803081494215,25.5552832178076],[-80.3802931430646,25.5547200614385],[-80.3802592864599,25.5534493989664],[-80.3802201729141,25.5519816926678],[-80.3802104122694,25.551615594206],[-80.3822652514388,25.5515940538664],[-80.3843200883624,25.551572502987],[-80.386374925286,25.5515509156331],[-80.3884297622096,25.5515293031511],[-80.3904773578137,25.5515108919749],[-80.3925249615027,25.5514924548613],[-80.394572563395,25.5514739861369]]]},"properties":{"OBJECTID":977,"CATEGORY":3,"ZONEID":"C"}},{"type":"Feature","id":978,"geometry":{"type":"Polygon","coordinates":[[[-80.813780160083,25.7051500552366],[-80.8250055833318,25.7050819800736],[-80.8249455013107,25.7161768612498],[-80.8249341897246,25.7182655705499],[-80.824924816703,25.7202046488907],[-80.8249247322613,25.7202219665869],[-80.81096015976,25.7201900593893],[-80.8109700582961,25.7191199594581],[-80.8106799590531,25.7052299551152],[-80.813780160083,25.7051500552366]]]},"properties":{"OBJECTID":978,"CATEGORY":5,"ZONEID":"E"}},{"type":"Feature","id":979,"geometry":{"type":"Polygon","coordinates":[[[-80.7784800507132,25.7343400635741],[-80.7784800489165,25.7204099603032],[-80.7810000505622,25.7204500601092],[-80.7948700538204,25.7202600593589],[-80.7947699545483,25.7329199631156],[-80.7947900552511,25.7342699626485],[-80.7810000514605,25.7343100634451],[-80.7784800507132,25.7343400635741]]]},"properties":{"OBJECTID":979,"CATEGORY":5,"ZONEID":"E"}},{"type":"Feature","id":980,"geometry":{"type":"Polygon","coordinates":[[[-80.7621501448984,25.7202300613424],[-80.7646501464526,25.7202000600811],[-80.7784800489165,25.7204099603032],[-80.7784800507132,25.7343400635741],[-80.7648100465732,25.7344699639727],[-80.7621400451396,25.7344799642729],[-80.7621501457967,25.733190064269],[-80.7621501448984,25.7202300613424]]]},"properties":{"OBJECTID":980,"CATEGORY":5,"ZONEID":"E"}},{"type":"Feature","id":981,"geometry":{"type":"Polygon","coordinates":[[[-80.7295634291837,25.4988033047699],[-80.7291800300171,25.4833900017153],[-80.7329899306641,25.4833700012262],[-80.7454101348005,25.4831700010183],[-80.7456367339326,25.4988734053156],[-80.7327400319286,25.4988700047626],[-80.7295634291837,25.4988033047699]]]},"properties":{"OBJECTID":981,"CATEGORY":3,"ZONEID":"C"}},{"type":"Feature","id":982,"geometry":{"type":"Polygon","coordinates":[[[-80.7451051361002,25.5427550153907],[-80.7452651350355,25.5284150120328],[-80.7488800356888,25.5285999121927],[-80.7614399395299,25.528840012284],[-80.7613501403408,25.5423900161811],[-80.7613600415719,25.5429600161249],[-80.74852013645,25.5430001155847],[-80.7451051361002,25.5427550153907]]]},"properties":{"OBJECTID":982,"CATEGORY":3,"ZONEID":"C"}},{"type":"Feature","id":983,"geometry":{"type":"Polygon","coordinates":[[[-80.7293601305535,25.5133734086856],[-80.732630030527,25.5132601086577],[-80.7457901356403,25.5133201081591],[-80.7452651350355,25.5284150120328],[-80.732510032673,25.5287600130193],[-80.7291601305369,25.5287600122087],[-80.7291401304454,25.5281200121177],[-80.7293601305535,25.5133734086856]]]},"properties":{"OBJECTID":983,"CATEGORY":3,"ZONEID":"C"}},{"type":"Feature","id":984,"geometry":{"type":"Polygon","coordinates":[[[-80.7132851252938,25.5285550131402],[-80.7130500263025,25.5135734088804],[-80.7166001269828,25.5135799091892],[-80.7293601305535,25.5133734086856],[-80.7291401304454,25.5281200121177],[-80.7291601305369,25.5287600122087],[-80.7166001269828,25.5287800132458],[-80.7132851252938,25.5285550131402]]]},"properties":{"OBJECTID":984,"CATEGORY":3,"ZONEID":"C"}},{"type":"Feature","id":985,"geometry":{"type":"Polygon","coordinates":[[[-80.7295634291837,25.4988033047699],[-80.7327400319286,25.4988700047626],[-80.7456367339326,25.4988734053156],[-80.7457901356403,25.5133201081591],[-80.732630030527,25.5132601086577],[-80.7293601305535,25.5133734086856],[-80.7295634291837,25.4988033047699]]]},"properties":{"OBJECTID":985,"CATEGORY":3,"ZONEID":"C"}},{"type":"Feature","id":986,"geometry":{"type":"Polygon","coordinates":[[[-80.761290139168,25.4987800052098],[-80.7614500383903,25.4828567009652],[-80.7651900393285,25.4829500996621],[-80.7773233431226,25.4828200002593],[-80.7778001437226,25.4989034037993],[-80.7652700405927,25.4989101051732],[-80.761290139168,25.4987800052098]]]},"properties":{"OBJECTID":986,"CATEGORY":3,"ZONEID":"C"}},{"type":"Feature","id":987,"geometry":{"type":"Polygon","coordinates":[[[-80.7614500383903,25.4828567009652],[-80.7612500383738,25.46848999671],[-80.7650901394824,25.4685100969962],[-80.77752504365,25.4681799973813],[-80.7773233431226,25.4828200002593],[-80.7651900393285,25.4829500996621],[-80.7614500383903,25.4828567009652]]]},"properties":{"OBJECTID":987,"CATEGORY":3,"ZONEID":"C"}},{"type":"Feature","id":988,"geometry":{"type":"Polygon","coordinates":[[[-80.7612500383738,25.46848999671],[-80.7613835379065,25.4539132931234],[-80.7652500396029,25.4539999933851],[-80.7775000426373,25.4537833926707],[-80.77752504365,25.4681799973813],[-80.7650901394824,25.4685100969962],[-80.7612500383738,25.46848999671]]]},"properties":{"OBJECTID":988,"CATEGORY":3,"ZONEID":"C"}},{"type":"Feature","id":989,"geometry":{"type":"Polygon","coordinates":[[[-80.7454401340394,25.4684867972411],[-80.7455400338854,25.4540200928475],[-80.7490800348071,25.4541000932166],[-80.7613835379065,25.4539132931234],[-80.7612500383738,25.46848999671],[-80.7488601353104,25.4685499974819],[-80.7454401340394,25.4684867972411]]]},"properties":{"OBJECTID":989,"CATEGORY":3,"ZONEID":"C"}},{"type":"Feature","id":990,"geometry":{"type":"Polygon","coordinates":[[[-80.6969100207456,25.4994167060633],[-80.6969400199845,25.4832833018573],[-80.7004500207689,25.4832701017178],[-80.7130001239902,25.4833134015433],[-80.7132001258034,25.4991367062551],[-80.7000900218171,25.4995300061799],[-80.6969100207456,25.4994167060633]]]},"properties":{"OBJECTID":990,"CATEGORY":3,"ZONEID":"C"}},{"type":"Feature","id":991,"geometry":{"type":"Polygon","coordinates":[[[-80.6832800167886,25.4837299024789],[-80.6969400199845,25.4832833018573],[-80.6969100207456,25.4994167060633],[-80.683164994703,25.4994898800303],[-80.6831600162397,25.4994899059762],[-80.6832255627128,25.4908824207761],[-80.683225566306,25.4908818491144],[-80.6832800167886,25.4837299024789]]]},"properties":{"OBJECTID":991,"CATEGORY":3,"ZONEID":"C"}},{"type":"Feature","id":992,"geometry":{"type":"Polygon","coordinates":[[[-80.557320172739,25.2141299359217],[-80.5690120758436,25.2141636355849],[-80.5737627766977,25.2139826244375],[-80.5737461515768,25.2156867018883],[-80.5736416685261,25.2263935148294],[-80.5736172873509,25.2288914713678],[-80.5735979699791,25.2288915006224],[-80.5735954762559,25.2288915038729],[-80.5571287606166,25.2289148587706],[-80.5570862729986,25.2236025384977],[-80.5571329162231,25.2217136811967],[-80.557320172739,25.2141299359217]]]},"properties":{"OBJECTID":992,"CATEGORY":1,"ZONEID":"A"}},{"type":"Feature","id":996,"geometry":{"type":"Polygon","coordinates":[[[-80.6187400907721,25.21446003455],[-80.6190900896781,25.2138520354567],[-80.6191480912011,25.2126680344928],[-80.6190449906576,25.2014966316322],[-80.6192100902271,25.1994899311235],[-80.6217266908511,25.1994492314246],[-80.6217290624035,25.1994491680244],[-80.6223904910488,25.1994316313529],[-80.6223929847721,25.1994316346042],[-80.6353200956468,25.1994500312431],[-80.635299994944,25.2139799351252],[-80.6298099940857,25.2142344353243],[-80.6287580938374,25.2139539343723],[-80.6260399930103,25.2140525351599],[-80.6243366920102,25.214046634768],[-80.6229675921436,25.2140203349461],[-80.6220399917812,25.214190035341],[-80.6215400910037,25.2145299344327],[-80.6204800906465,25.2146500353199],[-80.6198900906426,25.2153349362884],[-80.6192350903414,25.2154174360339],[-80.6187700909093,25.215060035072],[-80.6187400907721,25.21446003455]]]},"properties":{"OBJECTID":996,"CATEGORY":1,"ZONEID":"A"}},{"type":"Feature","id":997,"geometry":{"type":"Polygon","coordinates":[[[-80.6353200956468,25.1994500312431],[-80.635303394169,25.1923333881205],[-80.635303394169,25.1923333287809],[-80.6353036474939,25.1923333824304],[-80.636000095164,25.1924800291735],[-80.6360010464799,25.1924797113412],[-80.6370675955555,25.1921224291802],[-80.6374899950802,25.1915000289613],[-80.6380200954209,25.1909500288384],[-80.6389799956077,25.1906900287731],[-80.638982381533,25.1906900637271],[-80.6423900974442,25.1907399283441],[-80.642390358854,25.1907399023319],[-80.6437700965702,25.1905999280739],[-80.6437725893951,25.1905999280739],[-80.6444999975015,25.1905999288868],[-80.6445001978258,25.1905999288868],[-80.6456299972805,25.1902100282576],[-80.6467325984434,25.1895633275015],[-80.6467329999903,25.1895645598422],[-80.6472200988767,25.1910599285898],[-80.6477900987891,25.1919751284563],[-80.6493099997408,25.1924999282335],[-80.6508649996673,25.1925801300287],[-80.6508653509086,25.1925800235428],[-80.6514624997055,25.1924025284816],[-80.6514625059937,25.1924032738841],[-80.6515202002928,25.1994200307316],[-80.6423174965013,25.1994526306531],[-80.6402540959381,25.1993620300469],[-80.6353200956468,25.1994500312431]]]},"properties":{"OBJECTID":997,"CATEGORY":1,"ZONEID":"A"}},{"type":"Feature","id":998,"geometry":{"type":"Polygon","coordinates":[[[-80.6355950942097,25.1783300260285],[-80.6353400948399,25.1759700255593],[-80.6353426918694,25.1759710084525],[-80.6360400944487,25.1762350251473],[-80.6360418892826,25.1762347674331],[-80.6372599949264,25.1760600248858],[-80.6372612732291,25.1760602045543],[-80.6380400955124,25.1761700250563],[-80.6391801959485,25.1764900245444],[-80.6391824641946,25.176489968449],[-80.6399800963017,25.1764701253086],[-80.6413500962802,25.1757599252498],[-80.6428800969907,25.17526002502],[-80.6440399962956,25.1750699245777],[-80.6446499972893,25.1748200245224],[-80.6454249972412,25.1740049249227],[-80.6459800976962,25.1732801245002],[-80.6463401972593,25.172600024361],[-80.6472200979784,25.1713601229492],[-80.6478800983025,25.1702800232185],[-80.6478825974156,25.1702800167144],[-80.6514399996025,25.1702700230935],[-80.6514332990688,25.1752367240533],[-80.6503399990624,25.1753700242865],[-80.6486300981399,25.175850024728],[-80.6464100978665,25.1767001244085],[-80.6439049965764,25.177090025182],[-80.6432600969322,25.1777300249913],[-80.6426601373068,25.17800995983],[-80.6426599962713,25.1780100256804],[-80.6403622477083,25.1779401934461],[-80.6403599965302,25.1779401251569],[-80.6391299953954,25.1782599256992],[-80.6381550951401,25.1783749260536],[-80.6372514878806,25.1783949932621],[-80.6372499957789,25.1783950257807],[-80.6355950942097,25.1783300260285]]]},"properties":{"OBJECTID":998,"CATEGORY":1,"ZONEID":"A"}},{"type":"Feature","id":999,"geometry":{"type":"MultiPolygon","coordinates":[[[[-80.6510001988125,25.1640799216741],[-80.6513999985213,25.1628300215131],[-80.6514000389454,25.1628376879304],[-80.6514399996025,25.1702700230935],[-80.6478825974156,25.1702800167144],[-80.6478800983025,25.1702800232185],[-80.6482999978158,25.1695900224249],[-80.6489299980026,25.1687200230698],[-80.649279997807,25.1679200221934],[-80.6502200982265,25.166150122146],[-80.6510001988125,25.1640799216741]]],[[[-80.6506700984883,25.1578200200607],[-80.6511816989241,25.1567101203166],[-80.6511820223176,25.1567148298422],[-80.6514096868516,25.1600321803911],[-80.651409998567,25.1600367198534],[-80.6508200991744,25.1590800205766],[-80.6506700984883,25.1578200200607]]]]},"properties":{"OBJECTID":999,"CATEGORY":1,"ZONEID":"A"}},{"type":"Feature","id":1000,"geometry":{"type":"Polygon","coordinates":[[[-80.583095780223,25.2290725391557],[-80.5831321997213,25.228877138252],[-80.5824100503526,25.2288782466753],[-80.581300612112,25.2288799450659],[-80.5812499803677,25.2288650398592],[-80.5810923952056,25.2288802628031],[-80.5736172873509,25.2288914713678],[-80.5736416685261,25.2263935148294],[-80.5737461515768,25.2156867018883],[-80.5737627766977,25.2139826244375],[-80.5737652695227,25.2139826268757],[-80.5758362222225,25.2139753050215],[-80.584312880652,25.2139450350136],[-80.586785617439,25.213877477075],[-80.5868937072256,25.2276656482407],[-80.5866966815309,25.2275950391611],[-80.5868983218712,25.2282542864304],[-80.586903159299,25.2288712881494],[-80.5843533758066,25.2288752537697],[-80.5843515809727,25.2291337396138],[-80.583095780223,25.2290725391557]]]},"properties":{"OBJECTID":1000,"CATEGORY":1,"ZONEID":"A"}},{"type":"Feature","id":1001,"geometry":{"type":"Polygon","coordinates":[[[-80.7778001437226,25.4989034037993],[-80.7773233431226,25.4828200002593],[-80.7815500449935,25.4829100004128],[-80.7940001486556,25.4826051000393],[-80.7939000484852,25.4980700037607],[-80.7939301492338,25.4990200044081],[-80.7815900451764,25.499040004725],[-80.7778001437226,25.4989034037993]]]},"properties":{"OBJECTID":1001,"CATEGORY":3,"ZONEID":"C"}},{"type":"Feature","id":1002,"geometry":{"type":"Polygon","coordinates":[[[-80.6976833121017,25.1555401179262],[-80.7005401128087,25.1556000177664],[-80.7005600140855,25.1701700226113],[-80.6864551085671,25.1702324226162],[-80.6870901096751,25.1694200224782],[-80.6877002094835,25.1689099212136],[-80.688677509139,25.1685825219588],[-80.6900226096145,25.1685926222249],[-80.6912501107378,25.1678600218958],[-80.6930151107266,25.1673450212434],[-80.693520011527,25.1669400220364],[-80.6941100115308,25.1655499213179],[-80.6954201109479,25.1648849203829],[-80.6959600119084,25.1638600205636],[-80.6964400114091,25.1635250202442],[-80.6976651113357,25.1631400203426],[-80.6983800121984,25.1620300202116],[-80.6985101125061,25.1597800192148],[-80.6978501130803,25.1570301180225],[-80.6976833121017,25.1555401179262]]]},"properties":{"OBJECTID":1002,"CATEGORY":1,"ZONEID":"A"}},{"type":"Feature","id":1003,"geometry":{"type":"Polygon","coordinates":[[[-80.8408716808806,25.7470845789634],[-80.856974337183,25.7468425668699],[-80.8569592661474,25.761373268889],[-80.8408228188173,25.7616147255036],[-80.8408716808806,25.7470845789634]]]},"properties":{"OBJECTID":1003,"CATEGORY":5,"ZONEID":"E"}},{"type":"Feature","id":1004,"geometry":{"type":"Polygon","coordinates":[[[-80.81096015976,25.7201900593893],[-80.8249247322613,25.7202219665869],[-80.8248639468593,25.7327950232103],[-80.8248561692456,25.734403280448],[-80.8136200605365,25.7345200633802],[-80.8108100602591,25.7344699631635],[-80.8108100593608,25.7332900634539],[-80.81096015976,25.7201900593893]]]},"properties":{"OBJECTID":1004,"CATEGORY":5,"ZONEID":"E"}},{"type":"Feature","id":1006,"geometry":{"type":"Polygon","coordinates":[[[-80.8573720510037,25.6448351241084],[-80.8729342305254,25.6444478250247],[-80.8728614535127,25.6589755659002],[-80.8572988940035,25.6593628145878],[-80.8573720510037,25.6448351241084]]]},"properties":{"OBJECTID":1006,"CATEGORY":3,"ZONEID":"C"}},{"type":"Feature","id":1007,"geometry":{"type":"Polygon","coordinates":[[[-80.857225707359,25.6738904780313],[-80.8727886450589,25.6735032813831],[-80.8727158150456,25.6880309676889],[-80.85715249646,25.6884181106551],[-80.857225707359,25.6738904780313]]]},"properties":{"OBJECTID":1007,"CATEGORY":4,"ZONEID":"D"}},{"type":"Feature","id":1009,"geometry":{"type":"Polygon","coordinates":[[[-80.85715249646,25.6884181106551],[-80.8727158150456,25.6880309676889],[-80.8726429544895,25.7025586218437],[-80.8570792586115,25.7029457102953],[-80.85715249646,25.6884181106551]]]},"properties":{"OBJECTID":1009,"CATEGORY":4,"ZONEID":"D"}},{"type":"Feature","id":1017,"geometry":{"type":"Polygon","coordinates":[[[-80.3312315819571,25.5149140216179],[-80.3312122349408,25.5075748317818],[-80.3395418202936,25.5076754423839],[-80.3395418598195,25.5076754423839],[-80.3478714334943,25.5077755850968],[-80.3475308776785,25.5150077707503],[-80.3471902994048,25.5222399746795],[-80.3392206087992,25.5222468093199],[-80.3312509271768,25.5222532070163],[-80.3312315819571,25.5149140216179]]]},"properties":{"OBJECTID":1017,"CATEGORY":1,"ZONEID":"A"}},{"type":"Feature","id":1018,"geometry":{"type":"Polygon","coordinates":[[[-80.3638879108182,25.5077728860979],[-80.3718657374653,25.5075307510232],[-80.379843671012,25.5072881257631],[-80.3798484257948,25.5075973026658],[-80.3798719877064,25.5091277735257],[-80.3798822329922,25.5097934910437],[-80.3799003017058,25.5109674141825],[-80.3799286166036,25.5128070477312],[-80.3799431917691,25.5137538851459],[-80.3799461858539,25.5139483807833],[-80.3799569341963,25.5146466830871],[-80.3799685242601,25.515742424354],[-80.3799764384177,25.5164907231309],[-80.3799959525206,25.5183347178216],[-80.3799959525206,25.5183347583557],[-80.3800154576404,25.5201787879482],[-80.3800349663534,25.5220228224444],[-80.371984657341,25.5221870080274],[-80.3639342459206,25.5223508050819],[-80.3639111430481,25.5150618869068],[-80.3638879108182,25.5077728860979]]]},"properties":{"OBJECTID":1018,"CATEGORY":2,"ZONEID":"B"}},{"type":"Feature","id":1019,"geometry":{"type":"Polygon","coordinates":[[[-80.3471902994048,25.5222399746795],[-80.3475308776785,25.5150077707503],[-80.3478714334943,25.5077755850968],[-80.3505496590043,25.5077752551201],[-80.3558795863671,25.5077744500417],[-80.3559081725561,25.5077744451772],[-80.3638879108182,25.5077728860979],[-80.3639111430481,25.5150618869068],[-80.3639342459206,25.5223508050819],[-80.3555621729497,25.5222955743176],[-80.3471902994048,25.5222399746795]]]},"properties":{"OBJECTID":1019,"CATEGORY":1,"ZONEID":"A"}},{"type":"Feature","id":1021,"geometry":{"type":"Polygon","coordinates":[[[-80.3962457501717,25.2864777832213],[-80.396422155039,25.2719115784428],[-80.4126544463217,25.2721129791156],[-80.4125334711007,25.2867040370119],[-80.4043895998564,25.286591131505],[-80.3962457501717,25.2864777832213]]]},"properties":{"OBJECTID":1021,"CATEGORY":1,"ZONEID":"A"}},{"type":"Feature","id":1022,"geometry":{"type":"Polygon","coordinates":[[[-80.6223356048832,25.4177539545396],[-80.6383373947523,25.4175851443859],[-80.6383068574225,25.4322393516187],[-80.6223149382418,25.4323769109101],[-80.6223356048832,25.4177539545396]]]},"properties":{"OBJECTID":1022,"CATEGORY":3,"ZONEID":"C"}},{"type":"Feature","id":1023,"geometry":{"type":"Polygon","coordinates":[[[-80.6383373947523,25.4175851443859],[-80.6543264860365,25.417414728309],[-80.6542902902187,25.4321001234004],[-80.6383068574225,25.4322393516187],[-80.6383373947523,25.4175851443859]]]},"properties":{"OBJECTID":1023,"CATEGORY":3,"ZONEID":"C"}},{"type":"Feature","id":1024,"geometry":{"type":"Polygon","coordinates":[[[-80.6543264860365,25.417414728309],[-80.6699199943038,25.417246849126],[-80.6700099560878,25.431961497791],[-80.6542902902187,25.4321001234004],[-80.6543264860365,25.417414728309]]]},"properties":{"OBJECTID":1024,"CATEGORY":3,"ZONEID":"C"}},{"type":"Feature","id":1025,"geometry":{"type":"Polygon","coordinates":[[[-80.3960008047465,25.4038713945855],[-80.4040767858132,25.4038555752914],[-80.4121527722698,25.4038393153756],[-80.4121038383413,25.4112213992761],[-80.4120548873449,25.4186034865209],[-80.4039638783618,25.4186201695961],[-80.3958730625165,25.4186363966877],[-80.395936943513,25.4112538927731],[-80.3960008047465,25.4038713945855]]]},"properties":{"OBJECTID":1025,"CATEGORY":2,"ZONEID":"B"}},{"type":"Feature","id":1026,"geometry":{"type":"Polygon","coordinates":[[[-80.4121527722698,25.4038393153756],[-80.4202591092066,25.4038446823328],[-80.4283654560248,25.40384960299],[-80.4282356072454,25.4112253280962],[-80.4281057270251,25.4186010451545],[-80.4200803211089,25.4186025080271],[-80.4120548873449,25.4186034865209],[-80.4121038383413,25.4112213992761],[-80.4121527722698,25.4038393153756]]]},"properties":{"OBJECTID":1026,"CATEGORY":2,"ZONEID":"B"}},{"type":"Feature","id":1030,"geometry":{"type":"Polygon","coordinates":[[[-80.2520537350483,25.6608146655223],[-80.2602203534322,25.6606607899486],[-80.2683869655279,25.6605064566848],[-80.2680827187176,25.6677208974904],[-80.2682377472744,25.6753089439289],[-80.2603262836688,25.6755092427073],[-80.2524148038936,25.6757091088139],[-80.252234266776,25.6682618906307],[-80.2520537350483,25.6608146655223]]]},"properties":{"OBJECTID":1030,"CATEGORY":1,"ZONEID":"A"}},{"type":"Feature","id":1031,"geometry":{"type":"Polygon","coordinates":[[[-80.3177650013133,25.6442986302107],[-80.3198097941737,25.6442406034763],[-80.3218545816442,25.6441825564679],[-80.323899370013,25.6441244778479],[-80.3259441538903,25.6440663708555],[-80.3279847480251,25.6440124587623],[-80.3300253385666,25.6439585174908],[-80.3320659362947,25.6439045454213],[-80.334106520548,25.6438505474127],[-80.334179167305,25.6457062677198],[-80.334251814062,25.647561990754],[-80.334324463514,25.6494177100338],[-80.3343971147626,25.6512734344642],[-80.3344594129276,25.6531186305579],[-80.3345217110925,25.6549638288837],[-80.3345840101558,25.6568090270096],[-80.3346463110158,25.6586542249328],[-80.3326052434688,25.6587307794164],[-80.3305641714303,25.6588073063199],[-80.3285230966969,25.6588838048339],[-80.32648202376,25.6589602749582],[-80.3244428238106,25.6590342583539],[-80.3224036202678,25.6591082174119],[-80.3203644131318,25.6591821448446],[-80.3183252077925,25.6592560471298],[-80.3182554311528,25.6573861784304],[-80.3181856527164,25.6555163136175],[-80.3181158778734,25.6536464445966],[-80.3180461048269,25.6517765746094],[-80.3179758269273,25.6499070891197],[-80.3179055517227,25.6480376018717],[-80.317835276518,25.6461681152978],[-80.3177650013133,25.6442986302107]]]},"properties":{"OBJECTID":1031,"CATEGORY":4,"ZONEID":"D"}},{"type":"Feature","id":1032,"geometry":{"type":"Polygon","coordinates":[[[-80.334106520548,25.6438505474127],[-80.3361577246846,25.6437950333723],[-80.338208922533,25.6437394917718],[-80.3402601203814,25.6436839201815],[-80.3423113164331,25.6436283226507],[-80.3443206411112,25.6435765458932],[-80.3463299648909,25.6435247415789],[-80.3483392841791,25.6434729088978],[-80.3503486070605,25.6434210494697],[-80.3504104318133,25.6452487039387],[-80.3504722592611,25.6470763547133],[-80.3505340876071,25.6489040082695],[-80.3505959159532,25.6507316605553],[-80.350659496014,25.6526203296083],[-80.35072307338,25.6545089922458],[-80.3507866552374,25.6563976573725],[-80.3508502397901,25.6582863217461],[-80.3488229344333,25.6583306077461],[-80.3467956290765,25.6583748678182],[-80.3447683228214,25.6584190971039],[-80.342741015668,25.6584632980326],[-80.3407173430982,25.6585110706778],[-80.3386936669352,25.6585588190119],[-80.3366699898738,25.6586065357473],[-80.3346463110158,25.6586542249328],[-80.3345840101558,25.6568090270096],[-80.3345217110925,25.6549638288837],[-80.3344594129276,25.6531186305579],[-80.3343971147626,25.6512734344642],[-80.334324463514,25.6494177100338],[-80.334251814062,25.647561990754],[-80.334179167305,25.6457062677198],[-80.334106520548,25.6438505474127]]]},"properties":{"OBJECTID":1032,"CATEGORY":4,"ZONEID":"D"}},{"type":"Feature","id":1033,"geometry":{"type":"Polygon","coordinates":[[[-80.3503486070605,25.6434210494697],[-80.3523905792109,25.6433420848082],[-80.3544325495647,25.6432630909403],[-80.3564745190202,25.6431840694856],[-80.3585164821875,25.6431050188245],[-80.3606155027484,25.6430372337702],[-80.3627145161227,25.6429694179035],[-80.3648135294971,25.642901573654],[-80.3669125428714,25.6428336977821],[-80.3669814211958,25.6446678528195],[-80.3670503013169,25.6465020039641],[-80.3671191859295,25.6483361560719],[-80.3671880687455,25.6501703083303],[-80.3672575112119,25.6520041659778],[-80.3673269581699,25.6538380237796],[-80.3673964033313,25.6556718817328],[-80.3674658502893,25.6575057406446],[-80.3653649935721,25.6576127412547],[-80.3632641377531,25.6577197077598],[-80.3611632765442,25.6578266482574],[-80.3590624108437,25.6579335570794],[-80.357009371449,25.6580217924745],[-80.3549563302576,25.6581099986539],[-80.352903285473,25.6581981739981],[-80.3508502397901,25.6582863217461],[-80.3507866552374,25.6563976573725],[-80.35072307338,25.6545089922458],[-80.350659496014,25.6526203296083],[-80.3505959159532,25.6507316605553],[-80.3505340876071,25.6489040082695],[-80.3504722592611,25.6470763547133],[-80.3504104318133,25.6452487039387],[-80.3503486070605,25.6434210494697]]]},"properties":{"OBJECTID":1033,"CATEGORY":4,"ZONEID":"D"}},{"type":"Feature","id":1034,"geometry":{"type":"Polygon","coordinates":[[[-80.3749169380914,25.6424769167707],[-80.3829142321291,25.6418797191887],[-80.3829658699866,25.6431919872633],[-80.382990305959,25.6438129039562],[-80.3830065367195,25.6442253414193],[-80.3830663851787,25.6457460889944],[-80.3831424679917,25.6476792694414],[-80.3831516856048,25.647913608633],[-80.3832029255086,25.6492155502439],[-80.3832085022499,25.649374096904],[-80.3832168781416,25.6496125044091],[-80.3832607833011,25.6508612197577],[-80.3832848545575,25.6515458019895],[-80.3833338989787,25.6529407661208],[-80.3833528291767,25.6534790998241],[-80.3834208091858,25.655412393861],[-80.3834468980583,25.656154389546],[-80.3834609683707,25.6565545385567],[-80.3834609279465,25.6565545450347],[-80.3754698745051,25.6571233047056],[-80.3734688718198,25.6572189538875],[-80.3714678637447,25.6573145746518],[-80.3694668610594,25.6574101710472],[-80.3674658502893,25.6575057406446],[-80.3673964033313,25.6556718817328],[-80.3673269581699,25.6538380237796],[-80.3672575112119,25.6520041659778],[-80.3671880687455,25.6501703083303],[-80.3671191859295,25.6483361560719],[-80.3670503013169,25.6465020039641],[-80.3669814211958,25.6446678528195],[-80.3669125428714,25.6428336977821],[-80.3689136452697,25.6427445425138],[-80.370914744973,25.642655362074],[-80.3729158419814,25.6425661548427],[-80.3749169380914,25.6424769167707]]]},"properties":{"OBJECTID":1034,"CATEGORY":4,"ZONEID":"D"}},{"type":"Feature","id":1035,"geometry":{"type":"Polygon","coordinates":[[[-80.3829658699866,25.6431919872633],[-80.3829142321291,25.6418797191887],[-80.3829142824348,25.6418797224281],[-80.3908371995602,25.6416331920898],[-80.3987587377716,25.6413863057185],[-80.3990226187847,25.6488890780164],[-80.3995998177959,25.656825080197],[-80.391546310781,25.6570855634087],[-80.383492809156,25.6573455747821],[-80.3834609683707,25.6565545385567],[-80.3834468980583,25.656154389546],[-80.3834208091858,25.655412393861],[-80.3833528291767,25.6534790998241],[-80.3833338989787,25.6529407661208],[-80.3832848545575,25.6515458019895],[-80.3832607833011,25.6508612197577],[-80.3832168781416,25.6496125044091],[-80.3832085022499,25.649374096904],[-80.3832029255086,25.6492155502439],[-80.3831516856048,25.647913608633],[-80.3831424679917,25.6476792694414],[-80.3830663851787,25.6457460889944],[-80.3830065367195,25.6442253414193],[-80.382990305959,25.6438129039562],[-80.3829658699866,25.6431919872633]]]},"properties":{"OBJECTID":1035,"CATEGORY":4,"ZONEID":"D"}},{"type":"Feature","id":1036,"geometry":{"type":"Polygon","coordinates":[[[-80.3987587377716,25.6413863057185],[-80.4067530251481,25.6411387369419],[-80.4145216754881,25.6410930176026],[-80.4151257269396,25.6483232543025],[-80.4156834037631,25.6562783118699],[-80.4076418470364,25.6565519174076],[-80.3995998177959,25.656825080197],[-80.3990226187847,25.6488890780164],[-80.3987587377716,25.6413863057185]]]},"properties":{"OBJECTID":1036,"CATEGORY":4,"ZONEID":"D"}},{"type":"Feature","id":1037,"geometry":{"type":"Polygon","coordinates":[[[-80.4238393896873,25.6558693073049],[-80.4156834037631,25.6562783118699],[-80.4151257269396,25.6483232543025],[-80.4145216754881,25.6410930176026],[-80.4229810045174,25.6408071283958],[-80.4314381281829,25.6405093830329],[-80.4316719623463,25.6478704120032],[-80.4319828018925,25.6554638804495],[-80.4238393896873,25.6558693073049]]]},"properties":{"OBJECTID":1037,"CATEGORY":4,"ZONEID":"D"}},{"type":"Feature","id":1038,"geometry":{"type":"Polygon","coordinates":[[[-80.7005401173003,25.3215700609317],[-80.7004400171299,25.3073999574501],[-80.7004500162773,25.3067500559852],[-80.704650017523,25.3067099566236],[-80.7165901215472,25.3069699562076],[-80.7166901220047,25.321620060227],[-80.7045600189079,25.321510060938],[-80.7005401173003,25.3215700609317]]]},"properties":{"OBJECTID":1038,"CATEGORY":2,"ZONEID":"B"}},{"type":"Feature","id":1039,"geometry":{"type":"Polygon","coordinates":[[[-80.7324300260189,25.3068400559682],[-80.7370101269192,25.3068200562485],[-80.7489700307107,25.3070232562362],[-80.7495700316586,25.3215033602562],[-80.7368600274184,25.321620060227],[-80.7324101265388,25.321716760389],[-80.7324401257777,25.3074599555002],[-80.7324300260189,25.3068400559682]]]},"properties":{"OBJECTID":1039,"CATEGORY":2,"ZONEID":"B"}},{"type":"Feature","id":1040,"geometry":{"type":"Polygon","coordinates":[[[-80.7166901220047,25.321620060227],[-80.7165901215472,25.3069699562076],[-80.7208001228387,25.3069099562907],[-80.7324300260189,25.3068400559682],[-80.7324401257777,25.3074599555002],[-80.7324101265388,25.321716760389],[-80.720840024207,25.3215300606686],[-80.7166901220047,25.321620060227]]]},"properties":{"OBJECTID":1040,"CATEGORY":2,"ZONEID":"B"}},{"type":"Feature","id":1041,"geometry":{"type":"Polygon","coordinates":[[[-80.6841700118766,25.306939957065],[-80.6885801137959,25.306850156934],[-80.7004500162773,25.3067500559852],[-80.7004400171299,25.3073999574501],[-80.7005401173003,25.3215700609317],[-80.6883501136421,25.3217700612371],[-80.6843851125731,25.322034961419],[-80.6841600118309,25.3075499573923],[-80.6841700118766,25.306939957065]]]},"properties":{"OBJECTID":1041,"CATEGORY":2,"ZONEID":"B"}},{"type":"Feature","id":1042,"geometry":{"type":"Polygon","coordinates":[[[-80.7324101265388,25.321716760389],[-80.7368600274184,25.321620060227],[-80.7495700316586,25.3215033602562],[-80.7490000308479,25.3363800634402],[-80.736770027905,25.3363500642755],[-80.7325801264181,25.3366050638394],[-80.7324101265388,25.321716760389]]]},"properties":{"OBJECTID":1042,"CATEGORY":2,"ZONEID":"B"}},{"type":"Feature","id":1043,"geometry":{"type":"Polygon","coordinates":[[[-80.7495700316586,25.3215033602562],[-80.7534500332371,25.3213900600495],[-80.764900035307,25.3213266584643],[-80.764770136222,25.3363000637567],[-80.7529201323224,25.3360900636256],[-80.7490000308479,25.3363800634402],[-80.7495700316586,25.3215033602562]]]},"properties":{"OBJECTID":1043,"CATEGORY":2,"ZONEID":"B"}},{"type":"Feature","id":1044,"geometry":{"type":"Polygon","coordinates":[[[-80.672272844628,25.336828582095],[-80.6841201131575,25.3366300648503],[-80.6841100125005,25.3372200654483],[-80.6842601128996,25.351469969317],[-80.6723987515999,25.3514995312281],[-80.6722201099276,25.3514999687914],[-80.6723151085655,25.3451609844954],[-80.6723027720017,25.3427286713892],[-80.6721901097903,25.3368299655799],[-80.672272844628,25.336828582095]]]},"properties":{"OBJECTID":1044,"CATEGORY":3,"ZONEID":"C"}},{"type":"Feature","id":1045,"geometry":{"type":"Polygon","coordinates":[[[-80.6721508129882,25.3254549880995],[-80.6720201090127,25.3218099615444],[-80.6720875015236,25.3218111901079],[-80.6843851125731,25.322034961419],[-80.6841201131575,25.3366300648503],[-80.672272844628,25.336828582095],[-80.6721901097903,25.3368299655799],[-80.6722416793758,25.3306845121081],[-80.6722600086009,25.3285000635651],[-80.6721508129882,25.3254549880995]]]},"properties":{"OBJECTID":1045,"CATEGORY":2,"ZONEID":"B"}},{"type":"Feature","id":1046,"geometry":{"type":"Polygon","coordinates":[[[-80.7002051175646,25.3367049647399],[-80.7042801182384,25.3364300647378],[-80.7167901224621,25.3364799645264],[-80.7165000223209,25.3509667678993],[-80.7041201184049,25.3510500684405],[-80.7000900182239,25.3511300681119],[-80.7002051175646,25.3367049647399]]]},"properties":{"OBJECTID":1046,"CATEGORY":2,"ZONEID":"B"}},{"type":"Feature","id":1047,"geometry":{"type":"Polygon","coordinates":[[[-80.7005401173003,25.3215700609317],[-80.7045600189079,25.321510060938],[-80.7166901220047,25.321620060227],[-80.7167901224621,25.3364799645264],[-80.7042801182384,25.3364300647378],[-80.7002051175646,25.3367049647399],[-80.700540116402,25.3221400606066],[-80.7005401173003,25.3215700609317]]]},"properties":{"OBJECTID":1047,"CATEGORY":2,"ZONEID":"B"}},{"type":"Feature","id":1048,"geometry":{"type":"Polygon","coordinates":[[[-80.7167901224621,25.3364799645264],[-80.7166901220047,25.321620060227],[-80.720840024207,25.3215300606686],[-80.7324101265388,25.321716760389],[-80.7325801264181,25.3366050638394],[-80.7208201238285,25.3364400641829],[-80.7167901224621,25.3364799645264]]]},"properties":{"OBJECTID":1048,"CATEGORY":2,"ZONEID":"B"}},{"type":"Feature","id":1049,"geometry":{"type":"Polygon","coordinates":[[[-80.5737206304396,25.3889742594739],[-80.5819146258801,25.3889583213632],[-80.5901086321004,25.3889419255338],[-80.5901671905789,25.3962003280641],[-80.5902257463623,25.4034587241489],[-80.5820250997955,25.4034997562583],[-80.5738245331787,25.4035403347498],[-80.5738244532286,25.4035403339384],[-80.5737916503477,25.3989381930519],[-80.57377253869,25.3962573022254],[-80.5737342488994,25.390885995394],[-80.5737206304396,25.3889742594739]]]},"properties":{"OBJECTID":1049,"CATEGORY":2,"ZONEID":"B"}},{"type":"Feature","id":1050,"geometry":{"type":"Polygon","coordinates":[[[-80.5335235924536,25.3745153623258],[-80.5253171580414,25.3745424243973],[-80.5253133491846,25.3601904042496],[-80.5416307172129,25.3601183145626],[-80.5417300304591,25.3744878424769],[-80.5335235924536,25.3745153623258]]]},"properties":{"OBJECTID":1050,"CATEGORY":2,"ZONEID":"B"}},{"type":"Feature","id":1051,"geometry":{"type":"Polygon","coordinates":[[[-80.5253171580414,25.3745424243973],[-80.5172585593754,25.3745131505763],[-80.5091999696926,25.3744834360214],[-80.5091461192846,25.3673718591983],[-80.5090922697749,25.360260276201],[-80.5253133491846,25.3601904042496],[-80.5253171580414,25.3745424243973]]]},"properties":{"OBJECTID":1051,"CATEGORY":2,"ZONEID":"B"}},{"type":"Feature","id":1052,"geometry":{"type":"Polygon","coordinates":[[[-80.5416307172129,25.3601183145626],[-80.557585352716,25.3600460738474],[-80.5575995469958,25.3744743301037],[-80.5417300304591,25.3744878424769],[-80.5416307172129,25.3601183145626]]]},"properties":{"OBJECTID":1052,"CATEGORY":2,"ZONEID":"B"}},{"type":"Feature","id":1053,"geometry":{"type":"Polygon","coordinates":[[[-80.557585352716,25.3600460738474],[-80.5738875347245,25.3599704797544],[-80.5739160831842,25.3672145526035],[-80.5739446109827,25.3744586360097],[-80.5575995469958,25.3744743301037],[-80.557585352716,25.3600460738474]]]},"properties":{"OBJECTID":1053,"CATEGORY":2,"ZONEID":"B"}},{"type":"Feature","id":1054,"geometry":{"type":"Polygon","coordinates":[[[-80.5738875347245,25.3599704797544],[-80.5818823018013,25.3599516585428],[-80.5898770598949,25.3599324071013],[-80.5899343050364,25.3671943477592],[-80.5899915438897,25.374456284655],[-80.5819680729446,25.3744576725792],[-80.5739446109827,25.3744586360097],[-80.5739160831842,25.3672145526035],[-80.5738875347245,25.3599704797544]]]},"properties":{"OBJECTID":1054,"CATEGORY":2,"ZONEID":"B"}},{"type":"Feature","id":1055,"geometry":{"type":"Polygon","coordinates":[[[-80.5898770598949,25.3599324071013],[-80.5978709960301,25.3599107236558],[-80.6058649393517,25.3598886051087],[-80.6059246665384,25.3671524640119],[-80.6059843946233,25.3744163173002],[-80.5979879719514,25.3744365176903],[-80.5899915438897,25.374456284655],[-80.5899343050364,25.3671943477592],[-80.5898770598949,25.3599324071013]]]},"properties":{"OBJECTID":1055,"CATEGORY":2,"ZONEID":"B"}},{"type":"Feature","id":1056,"geometry":{"type":"Polygon","coordinates":[[[-80.6058649393517,25.3598886051087],[-80.6138611742757,25.359866530392],[-80.6218574109963,25.3598440270674],[-80.621917879293,25.3671090242194],[-80.6219783493864,25.3743740172438],[-80.6139813697591,25.3743953839849],[-80.6059843946233,25.3744163173002],[-80.6059246665384,25.3671524640119],[-80.6058649393517,25.3598886051087]]]},"properties":{"OBJECTID":1056,"CATEGORY":2,"ZONEID":"B"}},{"type":"Feature","id":1057,"geometry":{"type":"Polygon","coordinates":[[[-80.6218574109963,25.3598440270674],[-80.6298514666074,25.3598208012813],[-80.6378455240151,25.3597971436396],[-80.637905602443,25.3670608919662],[-80.6379656898541,25.3743246322583],[-80.6299720178236,25.3743495418705],[-80.6219783493864,25.3743740172438],[-80.621917879293,25.3671090242194],[-80.6218574109963,25.3598440270674]]]},"properties":{"OBJECTID":1057,"CATEGORY":2,"ZONEID":"B"}},{"type":"Feature","id":1058,"geometry":{"type":"Polygon","coordinates":[[[-80.6378455240151,25.3597971436396],[-80.645841334036,25.3597716011092],[-80.6538371440568,25.3597456234753],[-80.6538977426093,25.3670112361299],[-80.6539583438567,25.3742768413387],[-80.6459620173045,25.3743009539179],[-80.6379656898541,25.3743246322583],[-80.637905602443,25.3670608919662],[-80.6378455240151,25.3597971436396]]]},"properties":{"OBJECTID":1058,"CATEGORY":2,"ZONEID":"B"}},{"type":"Feature","id":1059,"geometry":{"type":"Polygon","coordinates":[[[-80.6538371440568,25.3597456234753],[-80.6697434780455,25.3596926510669],[-80.6697629723854,25.3660478755886],[-80.6697880731111,25.3742278239923],[-80.6539583438567,25.3742768413387],[-80.6538977426093,25.3670112361299],[-80.6538371440568,25.3597456234753]]]},"properties":{"OBJECTID":1059,"CATEGORY":2,"ZONEID":"B"}},{"type":"Feature","id":1060,"geometry":{"type":"Polygon","coordinates":[[[-80.4448290886461,25.3598003021591],[-80.4448754021889,25.3525737192295],[-80.4449216977654,25.3453471314311],[-80.4530609929916,25.3454362145661],[-80.4612003097774,25.3455248494966],[-80.4610939995534,25.3528395375076],[-80.4609876785497,25.3601542173557],[-80.4529083683265,25.359977479465],[-80.4448290886461,25.3598003021591]]]},"properties":{"OBJECTID":1060,"CATEGORY":1,"ZONEID":"A"}},{"type":"Feature","id":1061,"geometry":{"type":"Polygon","coordinates":[[[-80.5090922697749,25.360260276201],[-80.5091371783526,25.3455443597753],[-80.5253094190552,25.3454802677835],[-80.5253133491846,25.3601904042496],[-80.5090922697749,25.360260276201]]]},"properties":{"OBJECTID":1061,"CATEGORY":2,"ZONEID":"B"}},{"type":"Feature","id":1062,"geometry":{"type":"Polygon","coordinates":[[[-80.49307061546,25.360194066854],[-80.4930623581459,25.3456063076496],[-80.5091371783526,25.3455443597753],[-80.5090922697749,25.360260276201],[-80.5010814345326,25.3602273907038],[-80.49307061546,25.360194066854]]]},"properties":{"OBJECTID":1062,"CATEGORY":2,"ZONEID":"B"}},{"type":"Feature","id":1063,"geometry":{"type":"Polygon","coordinates":[[[-80.5253094190552,25.3454802677835],[-80.5415290854149,25.3454142086535],[-80.5416307172129,25.3601183145626],[-80.5253133491846,25.3601904042496],[-80.5253094190552,25.3454802677835]]]},"properties":{"OBJECTID":1063,"CATEGORY":2,"ZONEID":"B"}},{"type":"Feature","id":1064,"geometry":{"type":"Polygon","coordinates":[[[-80.4204987563683,25.3597209170372],[-80.41241290102,25.359704677154],[-80.412452266094,25.352417424362],[-80.4124916167951,25.3451301651054],[-80.4206036930682,25.345176819596],[-80.4287157846127,25.3452230234931],[-80.4286502129868,25.3524798720314],[-80.428584621598,25.3597367128907],[-80.4204987563683,25.3597209170372]]]},"properties":{"OBJECTID":1064,"CATEGORY":1,"ZONEID":"A"}},{"type":"Feature","id":1065,"geometry":{"type":"Polygon","coordinates":[[[-80.4448290886461,25.3598003021591],[-80.4367068497322,25.3597687315721],[-80.428584621598,25.3597367128907],[-80.4286502129868,25.3524798720314],[-80.4287157846127,25.3452230234931],[-80.4368187340025,25.3452852987065],[-80.4449216977654,25.3453471314311],[-80.4448754021889,25.3525737192295],[-80.4448290886461,25.3598003021591]]]},"properties":{"OBJECTID":1065,"CATEGORY":1,"ZONEID":"A"}},{"type":"Feature","id":1066,"geometry":{"type":"Polygon","coordinates":[[[-80.5415290854149,25.3454142086535],[-80.5575708664837,25.3453471111349],[-80.557585352716,25.3600460738474],[-80.5416307172129,25.3601183145626],[-80.5415290854149,25.3454142086535]]]},"properties":{"OBJECTID":1066,"CATEGORY":2,"ZONEID":"B"}},{"type":"Feature","id":1067,"geometry":{"type":"Polygon","coordinates":[[[-80.5575708664837,25.3453471111349],[-80.5737722718903,25.3452775764128],[-80.5738299086972,25.3526240320588],[-80.5738756527081,25.358454652558],[-80.5738875347245,25.3599704797544],[-80.557585352716,25.3600460738474],[-80.5575708664837,25.3453471111349]]]},"properties":{"OBJECTID":1067,"CATEGORY":2,"ZONEID":"B"}},{"type":"Feature","id":1068,"geometry":{"type":"Polygon","coordinates":[[[-80.5737722718903,25.3452775764128],[-80.5817674351241,25.3453522769178],[-80.5897626253075,25.3454265454742],[-80.5898198426012,25.3526794803007],[-80.5898770598949,25.3599324071013],[-80.5818823018013,25.3599516585428],[-80.5738875347245,25.3599704797544],[-80.5738756527081,25.358454652558],[-80.5738299086972,25.3526240320588],[-80.5737722718903,25.3452775764128]]]},"properties":{"OBJECTID":1068,"CATEGORY":2,"ZONEID":"B"}},{"type":"Feature","id":1069,"geometry":{"type":"Polygon","coordinates":[[[-80.5897626253075,25.3454265454742],[-80.5977563278806,25.3455006175182],[-80.6057500466235,25.3455742551796],[-80.605807491191,25.352731432917],[-80.6058649393517,25.3598886051087],[-80.5978709960301,25.3599107236558],[-80.5898770598949,25.3599324071013],[-80.5898198426012,25.3526794803007],[-80.5897626253075,25.3454265454742]]]},"properties":{"OBJECTID":1069,"CATEGORY":2,"ZONEID":"B"}},{"type":"Feature","id":1070,"geometry":{"type":"Polygon","coordinates":[[[-80.6057500466235,25.3455742551796],[-80.6137451694332,25.3456472416964],[-80.621740315599,25.345719795456],[-80.621798861501,25.3527819145346],[-80.6218574109963,25.3598440270674],[-80.6138611742757,25.359866530392],[-80.6058649393517,25.3598886051087],[-80.605807491191,25.352731432917],[-80.6057500466235,25.3455742551796]]]},"properties":{"OBJECTID":1070,"CATEGORY":2,"ZONEID":"B"}},{"type":"Feature","id":1071,"geometry":{"type":"Polygon","coordinates":[[[-80.621740315599,25.345719795456],[-80.6297336804056,25.3456294541698],[-80.6377270389241,25.3455386727957],[-80.6377862792238,25.3526679097452],[-80.6378455240151,25.3597971436396],[-80.6298514666074,25.3598208012813],[-80.6218574109963,25.3598440270674],[-80.621798861501,25.3527819145346],[-80.621740315599,25.345719795456]]]},"properties":{"OBJECTID":1071,"CATEGORY":2,"ZONEID":"B"}},{"type":"Feature","id":1072,"geometry":{"type":"Polygon","coordinates":[[[-80.645841334036,25.3597716011092],[-80.6378455240151,25.3597971436396],[-80.6377862792238,25.3526679097452],[-80.6377270389241,25.3455386727957],[-80.6457195314666,25.3454448761559],[-80.6537120195175,25.3453506442933],[-80.6537745817872,25.3525481370185],[-80.6538371440568,25.3597456234753],[-80.645841334036,25.3597716011092]]]},"properties":{"OBJECTID":1072,"CATEGORY":2,"ZONEID":"B"}},{"type":"Feature","id":1073,"geometry":{"type":"Polygon","coordinates":[[[-80.6537120195175,25.3453506442933],[-80.6617054597826,25.3452511312881],[-80.6696988084196,25.3451511838621],[-80.6696988901663,25.3451511838621],[-80.6697434780455,25.3596926510669],[-80.6538371440568,25.3597456234753],[-80.6537745817872,25.3525481370185],[-80.6537120195175,25.3453506442933]]]},"properties":{"OBJECTID":1073,"CATEGORY":2,"ZONEID":"B"}},{"type":"Feature","id":1074,"geometry":{"type":"Polygon","coordinates":[[[-80.4769287962043,25.3317303022728],[-80.4930544026656,25.3316144637715],[-80.4930623581457,25.3456063076496],[-80.477030110897,25.3456663379145],[-80.4769287962043,25.3317303022728]]]},"properties":{"OBJECTID":1074,"CATEGORY":2,"ZONEID":"B"}},{"type":"Feature","id":1075,"geometry":{"type":"Polygon","coordinates":[[[-80.6224440306397,25.4910325406718],[-80.6223587050608,25.4763772317242],[-80.6383265943076,25.4762883523015],[-80.6384076349226,25.4909634207548],[-80.6224440306397,25.4910325406718]]]},"properties":{"OBJECTID":1075,"CATEGORY":3,"ZONEID":"C"}},{"type":"Feature","id":1076,"geometry":{"type":"Polygon","coordinates":[[[-80.5264997344173,25.5060356229689],[-80.528507436738,25.5060295438497],[-80.5285074798571,25.5060295438497],[-80.5305151911609,25.5060234379749],[-80.5305152217036,25.5060234379749],[-80.5325229680417,25.506017303723],[-80.5345307098883,25.5060111362294],[-80.5365382262577,25.5060049444126],[-80.5385457498136,25.5059987185432],[-80.5385458396451,25.5059987185432],[-80.5405532203689,25.5059924651075],[-80.5405532670813,25.5059924651075],[-80.5425607834507,25.5059861873485],[-80.5425737308689,25.5077998614914],[-80.5425866791854,25.5096135349958],[-80.5425996292985,25.5114272078593],[-80.5426125785134,25.5132408833219],[-80.5426257244592,25.5150821674879],[-80.5426388739983,25.5169234542178],[-80.5426520226392,25.5187647386445],[-80.5426651712799,25.5206060215761],[-80.5406487139785,25.5206206581682],[-80.5386322548805,25.5206352639532],[-80.5366157993757,25.5206498413631],[-80.5345993402776,25.5206643952618],[-80.5325981821838,25.5206800005933],[-80.5305970222934,25.5206955791708],[-80.5285958641995,25.5207111293729],[-80.5265947061057,25.5207266560636],[-80.5265738615979,25.51889214496],[-80.526553019785,25.5170576341897],[-80.526532177972,25.5152231221343],[-80.5265113334642,25.5133886087964],[-80.526508440889,25.5115503615862],[-80.526505534839,25.5097121170383],[-80.526502634179,25.5078738719127],[-80.5264997344173,25.5060356229689]]]},"properties":{"OBJECTID":1076,"CATEGORY":4,"ZONEID":"D"}},{"type":"Feature","id":1077,"geometry":{"type":"Polygon","coordinates":[[[-80.5570586444137,25.5059130894973],[-80.5586221567758,25.5059051180434],[-80.5586221567758,25.5059051512848],[-80.5586523239997,25.507739339538],[-80.5586824912236,25.5095735573379],[-80.5587126602441,25.5114077779263],[-80.5587428283663,25.5132419931932],[-80.5587730009801,25.5150762015147],[-80.5588031744921,25.5169104101846],[-80.5588333471059,25.5187446175788],[-80.5588635215163,25.5205788245053],[-80.556856598035,25.5205767346052],[-80.5548496745537,25.5205746195744],[-80.5528427546656,25.5205724745489],[-80.550835832981,25.5205703043927],[-80.5487931655345,25.5205792752362],[-80.5467505034779,25.5205882185164],[-80.5447078378281,25.5205971350439],[-80.5426651712799,25.5206060215761],[-80.5426520226392,25.5187647386445],[-80.5426388739983,25.5169234542178],[-80.5426257244592,25.5150821674879],[-80.5426125785134,25.5132408833219],[-80.5425996292985,25.5114272078593],[-80.5425866791854,25.5096135349958],[-80.5425737308689,25.5077998614914],[-80.5425607834507,25.5059861873485],[-80.5445684516354,25.5059761516897],[-80.545830993343,25.5059698293377],[-80.5465761234133,25.505966091707],[-80.5478740066409,25.5059595763922],[-80.5485837978862,25.5059560041575],[-80.5490401133044,25.5059537088791],[-80.5505914687658,25.5059458866088],[-80.55259907856,25.5059357374393],[-80.5525991378488,25.5059357382501],[-80.552762341973,25.5059349112687],[-80.5546068096267,25.5059255598922],[-80.5562281384588,25.5059173208863],[-80.5566144849979,25.5059153539674],[-80.5570586444137,25.5059130894973]]]},"properties":{"OBJECTID":1077,"CATEGORY":4,"ZONEID":"D"}},{"type":"Feature","id":1078,"geometry":{"type":"Polygon","coordinates":[[[-80.6841201131575,25.3366300648503],[-80.6883300138376,25.3365699651492],[-80.7002051175646,25.3367049647399],[-80.7000900182239,25.3511300681119],[-80.6879801137463,25.3513700692439],[-80.6842601128996,25.351469969317],[-80.6841100125005,25.3372200654483],[-80.6841201131575,25.3366300648503]]]},"properties":{"OBJECTID":1078,"CATEGORY":2,"ZONEID":"B"}},{"type":"Feature","id":1079,"geometry":{"type":"Polygon","coordinates":[[[-80.6841201131575,25.3366300648503],[-80.6843851125731,25.322034961419],[-80.6883501136421,25.3217700612371],[-80.7005401173003,25.3215700609317],[-80.700540116402,25.3221400606066],[-80.7002051175646,25.3367049647399],[-80.6883300138376,25.3365699651492],[-80.6841201131575,25.3366300648503]]]},"properties":{"OBJECTID":1079,"CATEGORY":2,"ZONEID":"B"}},{"type":"Feature","id":1080,"geometry":{"type":"Polygon","coordinates":[[[-80.7325561261286,25.2783000492794],[-80.7368401270399,25.2782800489131],[-80.7490999297957,25.2782061485786],[-80.7490034300729,25.2926233523892],[-80.7367301274351,25.2925499521751],[-80.7322201256697,25.2927299528579],[-80.7325561261286,25.2783000492794]]]},"properties":{"OBJECTID":1080,"CATEGORY":1,"ZONEID":"A"}},{"type":"Feature","id":1081,"geometry":{"type":"Polygon","coordinates":[[[-80.7490034300729,25.2926233523892],[-80.7533900320643,25.2925001520555],[-80.7649667352168,25.292506651291],[-80.7650601366502,25.306953355167],[-80.7533001313657,25.3069500555861],[-80.7489700307107,25.3070232562362],[-80.7490034300729,25.2926233523892]]]},"properties":{"OBJECTID":1081,"CATEGORY":2,"ZONEID":"B"}},{"type":"Feature","id":1082,"geometry":{"type":"Polygon","coordinates":[[[-80.7166400211647,25.2929400525402],[-80.7207901218946,25.2927001532407],[-80.7322201256697,25.2927299528579],[-80.7324300260189,25.3068400559682],[-80.7208001228387,25.3069099562907],[-80.7165901215472,25.3069699562076],[-80.7166400211647,25.2929400525402]]]},"properties":{"OBJECTID":1082,"CATEGORY":2,"ZONEID":"B"}},{"type":"Feature","id":1083,"geometry":{"type":"Polygon","coordinates":[[[-80.7324300260189,25.3068400559682],[-80.7322201256697,25.2927299528579],[-80.7367301274351,25.2925499521751],[-80.7490034300729,25.2926233523892],[-80.7489700307107,25.3070232562362],[-80.7370101269192,25.3068200562485],[-80.7324300260189,25.3068400559682]]]},"properties":{"OBJECTID":1083,"CATEGORY":2,"ZONEID":"B"}},{"type":"Feature","id":1084,"geometry":{"type":"Polygon","coordinates":[[[-80.7490999297957,25.2782061485786],[-80.7533001313657,25.2781799487438],[-80.7653000353401,25.2780599480021],[-80.7649667352168,25.292506651291],[-80.7533900320643,25.2925001520555],[-80.7490034300729,25.2926233523892],[-80.7490999297957,25.2782061485786]]]},"properties":{"OBJECTID":1084,"CATEGORY":1,"ZONEID":"A"}},{"type":"Feature","id":1085,"geometry":{"type":"Polygon","coordinates":[[[-80.716698020891,25.2783300498228],[-80.7208300214663,25.2783700497234],[-80.7325561261286,25.2783000492794],[-80.7322201256697,25.2927299528579],[-80.7207901218946,25.2927001532407],[-80.7166400211647,25.2929400525402],[-80.716698020891,25.2783300498228]]]},"properties":{"OBJECTID":1085,"CATEGORY":1,"ZONEID":"A"}},{"type":"Feature","id":1086,"geometry":{"type":"Polygon","coordinates":[[[-80.7006200161567,25.292610053416],[-80.7006520159437,25.2782200494188],[-80.7047401167494,25.2782200494188],[-80.716698020891,25.2783300498228],[-80.7166400211647,25.2929400525402],[-80.7046400174773,25.292610053416],[-80.7006200161567,25.292610053416]]]},"properties":{"OBJECTID":1086,"CATEGORY":1,"ZONEID":"A"}},{"type":"Feature","id":1087,"geometry":{"type":"Polygon","coordinates":[[[-80.6845761114705,25.2782299505071],[-80.6886000123778,25.2782000498516],[-80.7006520159437,25.2782200494188],[-80.7006200161567,25.292610053416],[-80.6884901124859,25.2925899538841],[-80.6844701120636,25.2927100539592],[-80.6845761114705,25.2782299505071]]]},"properties":{"OBJECTID":1087,"CATEGORY":1,"ZONEID":"A"}},{"type":"Feature","id":1088,"geometry":{"type":"Polygon","coordinates":[[[-80.8262000596904,25.5715800212657],[-80.8138800572342,25.5716501222337],[-80.8103700555515,25.571690021667],[-80.8103599557928,25.5709901213314],[-80.81029995462,25.5579001183305],[-80.813810156627,25.5579099186778],[-80.8258500598861,25.5575700172359],[-80.8261801602103,25.5709601222353],[-80.8262000596904,25.5715800212657]]]},"properties":{"OBJECTID":1088,"CATEGORY":3,"ZONEID":"C"}},{"type":"Feature","id":1090,"geometry":{"type":"Polygon","coordinates":[[[-80.7778301447582,25.5131700071988],[-80.7778001437226,25.4989034037993],[-80.7815900451764,25.499040004725],[-80.7939301492338,25.4990200044081],[-80.7943999492628,25.5131167073928],[-80.781490044719,25.5133201081591],[-80.7778301447582,25.5131700071988]]]},"properties":{"OBJECTID":1090,"CATEGORY":3,"ZONEID":"C"}},{"type":"Feature","id":1091,"geometry":{"type":"Polygon","coordinates":[[[-80.5731692040941,25.2588242634917],[-80.5730762113942,25.2443872343263],[-80.5730741847949,25.2440736206027],[-80.5734250775246,25.2440699435185],[-80.5798247411857,25.2441187494801],[-80.582301815039,25.2441375659374],[-80.5865901611013,25.2441670874078],[-80.5865926539262,25.2441671044708],[-80.5889653821709,25.2441833947812],[-80.5889654504429,25.2441833955937],[-80.5889665293196,25.2443202125014],[-80.5889872570464,25.246981963585],[-80.5890807797523,25.2589911382903],[-80.5877193901258,25.2589769281509],[-80.5731692040941,25.2588242634917]]]},"properties":{"OBJECTID":1091,"CATEGORY":1,"ZONEID":"A"}},{"type":"Feature","id":1092,"geometry":{"type":"Polygon","coordinates":[[[-80.5570431673398,25.2586533896932],[-80.5572334484833,25.2441614882986],[-80.5572346010218,25.2440736567601],[-80.5572351741469,25.2440300436329],[-80.5574229274312,25.2440744749733],[-80.557826476708,25.2441699743087],[-80.558592473744,25.2443512435963],[-80.558891990026,25.2443034306324],[-80.5595715987761,25.2441949375076],[-80.5597194201494,25.2441713385379],[-80.5597225741344,25.2441812432155],[-80.5679221678757,25.2441197496986],[-80.5681251799434,25.2441182213387],[-80.5703628940959,25.2441013573767],[-80.570550176663,25.2440999435826],[-80.5730741847949,25.2440736206027],[-80.5730762113942,25.2443872343263],[-80.5731692040941,25.2588242634917],[-80.5570431673398,25.2586533896932]]]},"properties":{"OBJECTID":1092,"CATEGORY":1,"ZONEID":"A"}},{"type":"Feature","id":1093,"geometry":{"type":"Polygon","coordinates":[[[-80.6029474861934,25.2177975358205],[-80.6029034858125,25.2153267351551],[-80.6030549857868,25.2140500352143],[-80.6077862866242,25.2139313356889],[-80.6094800879401,25.214039935466],[-80.6096900880024,25.2149049347887],[-80.6105099884471,25.2151299354228],[-80.611500088197,25.2154700358808],[-80.6124901888453,25.215219935885],[-80.6130051885061,25.2148000344776],[-80.6132067893205,25.2140000346656],[-80.6164131909799,25.2139167358612],[-80.6170203892299,25.2139323353431],[-80.6190900896781,25.2138520354567],[-80.6187400907721,25.21446003455],[-80.6187700909093,25.215060035072],[-80.6192350903414,25.2154174360339],[-80.6192081480694,25.2257124403074],[-80.6192000910796,25.228790138364],[-80.608865444453,25.2288093017484],[-80.6028400872113,25.2288201397615],[-80.6028549866686,25.2267050381391],[-80.6034750865227,25.2257100381192],[-80.6029200866789,25.225263338366],[-80.6029474861934,25.2177975358205]]]},"properties":{"OBJECTID":1093,"CATEGORY":1,"ZONEID":"A"}},{"type":"Feature","id":1094,"geometry":{"type":"Polygon","coordinates":[[[-80.6720000047167,25.1848499266735],[-80.6720024975416,25.1848499226089],[-80.6845100089403,25.1848300263639],[-80.6845400090776,25.1993300299656],[-80.6720825985188,25.1993600248095],[-80.6720801056939,25.1993600304993],[-80.6720320332498,25.1906517322652],[-80.6720000047167,25.1848499266735]]]},"properties":{"OBJECTID":1094,"CATEGORY":1,"ZONEID":"A"}},{"type":"Feature","id":1097,"geometry":{"type":"Polygon","coordinates":[[[-80.8138300597004,25.6760899484957],[-80.8251629079825,25.6760131031715],[-80.8250914955107,25.6892103917841],[-80.8250845677032,25.6904904740223],[-80.8139400593053,25.6907599518483],[-80.8109601588616,25.6908199522069],[-80.8109901581006,25.6895199519722],[-80.8108400585997,25.6761199487297],[-80.8138300597004,25.6760899484957]]]},"properties":{"OBJECTID":1097,"CATEGORY":4,"ZONEID":"D"}},{"type":"Feature","id":1098,"geometry":{"type":"Polygon","coordinates":[[[-80.813910059168,25.6615800444828],[-80.8252420387793,25.6613834105465],[-80.8251701052846,25.6746827586117],[-80.8251629079825,25.6760131031715],[-80.8138300597004,25.6760899484957],[-80.8108400585997,25.6761199487297],[-80.810830058554,25.6751800484562],[-80.810970058296,25.6616100451295],[-80.813910059168,25.6615800444828]]]},"properties":{"OBJECTID":1098,"CATEGORY":4,"ZONEID":"D"}},{"type":"Feature","id":1099,"geometry":{"type":"Polygon","coordinates":[[[-80.841273838667,25.6597598362048],[-80.8572988940035,25.6593628145878],[-80.857225707359,25.6738904780313],[-80.8411979597716,25.6742874990433],[-80.841273838667,25.6597598362048]]]},"properties":{"OBJECTID":1099,"CATEGORY":4,"ZONEID":"D"}},{"type":"Feature","id":1102,"geometry":{"type":"Polygon","coordinates":[[[-80.7294300284657,25.4541699943371],[-80.7290667291036,25.4392533894543],[-80.7328199289882,25.4392799900263],[-80.745356833263,25.4390300899501],[-80.7455400338854,25.4540200928475],[-80.7330501294663,25.4541898934257],[-80.7294300284657,25.4541699943371]]]},"properties":{"OBJECTID":1102,"CATEGORY":3,"ZONEID":"C"}},{"type":"Feature","id":1105,"geometry":{"type":"Polygon","coordinates":[[[-80.672683079167,25.7347881807498],[-80.6725198651613,25.7317301591652],[-80.6815359789869,25.7317786388296],[-80.6815101227781,25.7352499654365],[-80.6814393040926,25.7462522231401],[-80.6732951813201,25.7462554863876],[-80.6730677979588,25.7419958679074],[-80.6729075016812,25.7389928249949],[-80.672683079167,25.7347881807498]]]},"properties":{"OBJECTID":1105,"CATEGORY":5,"ZONEID":"E"}},{"type":"Feature","id":1106,"geometry":{"type":"Polygon","coordinates":[[[-80.6722969176808,25.7244669970235],[-80.6720739917599,25.7172038266782],[-80.6816424787554,25.7172556993272],[-80.681620122383,25.720480062926],[-80.6815359915633,25.7317769216327],[-80.6815359789869,25.7317786388296],[-80.6725198651613,25.7317301591652],[-80.6722969176808,25.7244669970235]]]},"properties":{"OBJECTID":1106,"CATEGORY":5,"ZONEID":"E"}},{"type":"Feature","id":1107,"geometry":{"type":"Polygon","coordinates":[[[-80.6716282171732,25.702677458817],[-80.6817437224812,25.7026871760605],[-80.681720022229,25.7060700584631],[-80.6816424787554,25.7172556993272],[-80.6720739917599,25.7172038266782],[-80.6719444924252,25.712984266681],[-80.6718510936868,25.7099406458707],[-80.6716282171732,25.702677458817]]]},"properties":{"OBJECTID":1107,"CATEGORY":5,"ZONEID":"E"}},{"type":"Feature","id":1108,"geometry":{"type":"Polygon","coordinates":[[[-80.6711859621858,25.6882633640396],[-80.6818454000932,25.6882623432209],[-80.6818201206028,25.6917800550214],[-80.6817437224812,25.7026871760605],[-80.6716282171732,25.702677458817],[-80.6714443005935,25.6966835751421],[-80.6714070771031,25.6954704016617],[-80.6711859621858,25.6882633640396]]]},"properties":{"OBJECTID":1108,"CATEGORY":5,"ZONEID":"E"}},{"type":"Feature","id":1109,"geometry":{"type":"MultiPolygon","coordinates":[[[[-80.6238050923812,25.1977251308521],[-80.6240799912312,25.1967501303662],[-80.6239225911221,25.1957025298335],[-80.6245967920142,25.1953199303111],[-80.6252400917588,25.1949200304318],[-80.6252409739044,25.1949210375577],[-80.62622009175,25.196040029818],[-80.6272300927768,25.1968951306658],[-80.6283300924186,25.1976550303024],[-80.6283323480883,25.1976548734251],[-80.6296250938507,25.1975650306703],[-80.6304200929957,25.1970500303674],[-80.6307299938024,25.1963801299684],[-80.630630093058,25.1954400298311],[-80.6311150943782,25.195109929207],[-80.6329500946872,25.1945699296984],[-80.6334800944166,25.1941299298339],[-80.6337799942792,25.1931700296192],[-80.6339174949082,25.1923625295475],[-80.635303394169,25.1923333287809],[-80.635303394169,25.1923333881205],[-80.6353200956468,25.1994500312431],[-80.6223929847721,25.1994316346042],[-80.6223904910488,25.1994316313529],[-80.6232000923088,25.198580030478],[-80.6238050923812,25.1977251308521]]],[[[-80.6191406908797,25.1980600306685],[-80.6191534900759,25.1974466304497],[-80.6191559757143,25.1974469669643],[-80.6198050911521,25.1975349305284],[-80.6203067903568,25.1981700312979],[-80.6208500905423,25.198950031507],[-80.6217266908511,25.1994492314246],[-80.6192100902271,25.1994899311235],[-80.6191408085591,25.1980624512849],[-80.6191406908797,25.1980600306685]]]]},"properties":{"OBJECTID":1109,"CATEGORY":1,"ZONEID":"A"}},{"type":"Feature","id":1110,"geometry":{"type":"MultiPolygon","coordinates":[[[[-80.6027900860842,25.1930699300617],[-80.6029334859497,25.1913300294989],[-80.6034599858428,25.1918949295142],[-80.6040099856637,25.1933500304356],[-80.605285085819,25.1943250296929],[-80.605660086636,25.1952200300435],[-80.605700186532,25.1959700315298],[-80.6052999861746,25.1975500305897],[-80.6049400869358,25.1982600312957],[-80.6043100858506,25.1990400309283],[-80.6040500864579,25.199583331809],[-80.6028501851734,25.1995200315951],[-80.6030650855455,25.1974900302488],[-80.602970184824,25.1941116299344],[-80.6027900860842,25.1930699300617]]],[[[-80.6074559922638,25.1850265994963],[-80.6094766878167,25.1850033280361],[-80.609655086944,25.1855901280871],[-80.6093100871625,25.1861699277633],[-80.60661008649,25.1880101285742],[-80.6058499859955,25.1882200289262],[-80.6050500865407,25.1882800289565],[-80.604064985017,25.1886749285677],[-80.603270085585,25.1899601291726],[-80.602926785416,25.1905800295164],[-80.6031050722538,25.1875602550684],[-80.6031050857285,25.1875600282684],[-80.6043100858507,25.1869999278748],[-80.6063099863031,25.1863101274104],[-80.6070900859907,25.1856700271495],[-80.6074534868625,25.1850266279485],[-80.6074559922638,25.1850265994963]]],[[[-80.6185800900402,25.1986300308585],[-80.6191406908797,25.1980600306685],[-80.6191408085591,25.1980624512849],[-80.6192100902271,25.1994899311235],[-80.6167226462222,25.1994308827423],[-80.6167204893672,25.1994308315344],[-80.6174999898786,25.1991101314935],[-80.6185800900402,25.1986300308585]]]]},"properties":{"OBJECTID":1110,"CATEGORY":1,"ZONEID":"A"}},{"type":"Feature","id":1111,"geometry":{"type":"Polygon","coordinates":[[[-80.5912002827999,25.1994559323426],[-80.592499982421,25.1981200315414],[-80.5926699831986,25.1973400308927],[-80.5934000826576,25.1965600317506],[-80.593930082387,25.19507003033],[-80.5941000831646,25.1942700300926],[-80.5941000822663,25.1932350303963],[-80.5937800834975,25.1923199294122],[-80.5937800825992,25.191680029807],[-80.593930082387,25.1911000303745],[-80.5942799833767,25.1904600300661],[-80.5948599824365,25.1899300295898],[-80.5958399824277,25.1894799298744],[-80.5969800837621,25.18921992911],[-80.5969825747904,25.18921992911],[-80.5978100839655,25.18921992911],[-80.5985900848385,25.189090028912],[-80.5994001846634,25.1886500295743],[-80.5999050845655,25.1882850290932],[-80.6009400848083,25.1881201285257],[-80.6016799857853,25.187685028298],[-80.6031050857285,25.1875600282684],[-80.6031050722538,25.1875602550684],[-80.602926785416,25.1905800295164],[-80.6029334859497,25.1913300294989],[-80.6027900860842,25.1930699300617],[-80.602970184824,25.1941116299344],[-80.6030650855455,25.1974900302488],[-80.6028501851734,25.1995200315951],[-80.6009150855923,25.1993867317727],[-80.5970934843887,25.1995634314679],[-80.5912025303848,25.1994559729838],[-80.5912002827999,25.1994559323426]]]},"properties":{"OBJECTID":1111,"CATEGORY":1,"ZONEID":"A"}},{"type":"Feature","id":1112,"geometry":{"type":"MultiPolygon","coordinates":[[[[-80.6090732328631,25.1830755078312],[-80.60906998725,25.1830775271565],[-80.6094449871687,25.1820700267922],[-80.6099500864968,25.1804250266689],[-80.6103700866213,25.1799299273677],[-80.6117401872112,25.1789350262583],[-80.6118500871031,25.1777300258043],[-80.6126450880447,25.1773450260423],[-80.613190088741,25.1765899255373],[-80.6141899882124,25.175722625643],[-80.61419243163,25.1757226744219],[-80.6150600892101,25.1757400250817],[-80.6158801890807,25.1761576246873],[-80.6170200891926,25.1762199256959],[-80.6189599893705,25.1772199251657],[-80.6191099900566,25.177815025704],[-80.6183599893209,25.1788800262137],[-80.618030089321,25.1798699264773],[-80.6176550903006,25.1804650262706],[-80.61851008972,25.1811800269967],[-80.6192499889004,25.1818400272578],[-80.6192524044702,25.1818399646613],[-80.6200200894407,25.1818201272695],[-80.6211151896709,25.1809649262889],[-80.6217875903392,25.1802300256788],[-80.6217890420167,25.1802311686892],[-80.6224099907787,25.1807200265731],[-80.623003390906,25.1810734262115],[-80.6239399905909,25.1812249267847],[-80.624360092225,25.1817699265086],[-80.6248400917258,25.1820700267922],[-80.624575236939,25.1827210230397],[-80.6245749908006,25.1827216270507],[-80.6231705817534,25.1823400590221],[-80.6231700912732,25.1823399265132],[-80.6223801909658,25.1823900262351],[-80.6217600902134,25.1827600268554],[-80.6212089719899,25.1834392085976],[-80.6212083907799,25.1834399272282],[-80.6198900906426,25.1829400267948],[-80.61887498988,25.1827449273993],[-80.6179110733256,25.1826476263428],[-80.6179100905687,25.1826475271646],[-80.6167744008606,25.1827173103642],[-80.6167724892457,25.1827174274269],[-80.6153304794156,25.1824101098542],[-80.6153300895468,25.1824100261216],[-80.6139623120003,25.1824598420997],[-80.6139599889569,25.1824599266451],[-80.6131100883751,25.1819999269882],[-80.6121809545885,25.1818401922848],[-80.6121799871029,25.1818400264448],[-80.6113200882719,25.1819300271273],[-80.6105450865235,25.1821600273047],[-80.6090732328631,25.1830755078312]]],[[[-80.60906998725,25.1830775271565],[-80.6090699306561,25.1830780994613],[-80.6089600873581,25.1841801274523],[-80.6094766878167,25.1850033280361],[-80.6074559922638,25.1850265994963],[-80.6074534868625,25.1850266279485],[-80.6077399865561,25.1842699272398],[-80.6081350871776,25.1832850264775],[-80.60906998725,25.1830775271565]]]]},"properties":{"OBJECTID":1112,"CATEGORY":1,"ZONEID":"A"}},{"type":"Feature","id":1113,"geometry":{"type":"Polygon","coordinates":[[[-80.6030549857868,25.2140500352143],[-80.5972451846874,25.2137982353241],[-80.5959450844177,25.213891234922],[-80.5893183814501,25.213808235127],[-80.586785617439,25.213877477075],[-80.5867600810304,25.2106199354688],[-80.5868731807214,25.2072675343013],[-80.586815180995,25.2062097336728],[-80.5870324807673,25.2006624329515],[-80.5870332991326,25.2006620679973],[-80.5895500821146,25.1995399311304],[-80.5895525183457,25.1995399636433],[-80.5905100829127,25.1995525315125],[-80.5905102517959,25.1995525087535],[-80.5912002827999,25.1994559323426],[-80.5912025303848,25.1994559729838],[-80.5970934843887,25.1995634314679],[-80.6009150855923,25.1993867317727],[-80.6028501851734,25.1995200315951],[-80.6031867866053,25.2082616334393],[-80.6019599852695,25.2111001351136],[-80.6024201859014,25.2115800345871],[-80.6027766859152,25.2125434347801],[-80.6030549857868,25.2140500352143]]]},"properties":{"OBJECTID":1113,"CATEGORY":1,"ZONEID":"A"}},{"type":"Feature","id":1115,"geometry":{"type":"Polygon","coordinates":[[[-80.8129100492041,25.2921899508202],[-80.8128780485187,25.2777600471658],[-80.8175400497218,25.2777400467105],[-80.8291920532546,25.2776200471582],[-80.8290700539542,25.292200049758],[-80.8174500502084,25.2920699509432],[-80.8129100492041,25.2921899508202]]]},"properties":{"OBJECTID":1115,"CATEGORY":1,"ZONEID":"A"}},{"type":"Feature","id":1116,"geometry":{"type":"Polygon","coordinates":[[[-80.5890916817066,25.2603731437875],[-80.5890807797523,25.2589911382903],[-80.6050564744607,25.2591569615821],[-80.6051150778549,25.266459331259],[-80.6051253114626,25.2677344287548],[-80.605136604184,25.2691415235108],[-80.6051713995282,25.273477127284],[-80.5891942046334,25.2733698535325],[-80.5890916817066,25.2603731437875]]]},"properties":{"OBJECTID":1116,"CATEGORY":1,"ZONEID":"A"}},{"type":"Feature","id":1117,"geometry":{"type":"Polygon","coordinates":[[[-80.6015316631522,25.244252018167],[-80.6015262166667,25.2442519889161],[-80.6015237229434,25.2442519751032],[-80.599674327132,25.2442419420525],[-80.5996718334088,25.2442419290521],[-80.5968357586321,25.244226499213],[-80.5967004867233,25.2442257614407],[-80.5934467690013,25.2442079899037],[-80.5934442761764,25.2442079769033],[-80.5909417701191,25.2441942582369],[-80.5909392772942,25.244194244424],[-80.588969975257,25.2441834207819],[-80.5889679432678,25.2441834085941],[-80.5889678740975,25.2441834085941],[-80.5889674815338,25.2441834061565],[-80.5889654504429,25.2441833955937],[-80.5889653821709,25.2441833947812],[-80.5865926539262,25.2441671044708],[-80.5865901611013,25.2441670874078],[-80.5865904602402,25.244155898127],[-80.5865904746133,25.2441553740484],[-80.5865913953864,25.2441209904246],[-80.5866493798414,25.2419543669889],[-80.5868452197599,25.2346359730774],[-80.5869249820722,25.2316550405526],[-80.586903159299,25.2288712881494],[-80.5889711816943,25.2288680392661],[-80.6028400872113,25.2288201397615],[-80.6027683890752,25.2393740012052],[-80.6027357173483,25.2441819826131],[-80.6027351972238,25.2442585256741],[-80.6027330960643,25.2442585232365],[-80.6015316631522,25.244252018167]]]},"properties":{"OBJECTID":1117,"CATEGORY":1,"ZONEID":"A"}},{"type":"Feature","id":1118,"geometry":{"type":"Polygon","coordinates":[[[-80.5890807797523,25.2589911382903],[-80.5889872570464,25.246981963585],[-80.5889665293196,25.2443202125014],[-80.5889654504429,25.2441833955937],[-80.5889674815338,25.2441834061565],[-80.5889678740975,25.2441834085941],[-80.5889679432678,25.2441834085941],[-80.588969975257,25.2441834207819],[-80.5909392772942,25.244194244424],[-80.5909417701191,25.2441942582369],[-80.5934442761764,25.2442079769033],[-80.5934467690013,25.2442079899037],[-80.5967004867233,25.2442257614407],[-80.5968357586321,25.244226499213],[-80.5996718334088,25.2442419290521],[-80.599674327132,25.2442419420525],[-80.6015237229434,25.2442519751032],[-80.6015262166667,25.2442519889161],[-80.6015316631522,25.244252018167],[-80.6027330960643,25.2442585232365],[-80.6027351972238,25.2442585256741],[-80.6027363740168,25.2442585321743],[-80.6029628815207,25.2442597655861],[-80.6049369042047,25.2442573483264],[-80.6049811462325,25.2497703134627],[-80.6050564744607,25.2591569615821],[-80.5890807797523,25.2589911382903]]]},"properties":{"OBJECTID":1118,"CATEGORY":1,"ZONEID":"A"}},{"type":"Feature","id":1119,"geometry":{"type":"Polygon","coordinates":[[[-80.4783734497762,25.2289699418561],[-80.48697125231,25.2288697409073],[-80.4876200533375,25.2289150407991],[-80.4886213523841,25.2289252417034],[-80.4886215212673,25.2289252417034],[-80.4919199535309,25.2289399413082],[-80.491930054188,25.2317599417678],[-80.4919499536682,25.2341101426029],[-80.4919688560184,25.2432128552463],[-80.4919700552693,25.2437900452118],[-80.4763163751493,25.2437321347446],[-80.4757599496791,25.2437300449231],[-80.4757797817856,25.2429731282222],[-80.4757798365829,25.2429710416378],[-80.4761023497362,25.2306599420782],[-80.4767051489362,25.2301100425167],[-80.4771800495994,25.2294899420508],[-80.4783734497762,25.2289699418561]]]},"properties":{"OBJECTID":1119,"CATEGORY":1,"ZONEID":"A"}},{"type":"Feature","id":1120,"geometry":{"type":"Polygon","coordinates":[[[-80.5422891050611,25.2289343333713],[-80.5422801686206,25.2289000405192],[-80.54146006875,25.2289000397066],[-80.5415793677146,25.2229633388795],[-80.5415601689204,25.221160037806],[-80.5415641897796,25.2182924966162],[-80.5415901681593,25.2182600374611],[-80.5415652228422,25.2175564372286],[-80.5415655830666,25.217298704538],[-80.5415700683548,25.2140999365899],[-80.5421099675187,25.2136399369697],[-80.5423850684896,25.2129825366725],[-80.543110069111,25.2142332365551],[-80.5489402700522,25.2138953367562],[-80.5499049699375,25.2141950368519],[-80.5507931701916,25.2141316361437],[-80.5538012714469,25.2140704362645],[-80.557320172739,25.2141299359217],[-80.5571329162231,25.2217136811967],[-80.5570862729986,25.2236025384977],[-80.5571287606166,25.2289148587706],[-80.5422891050611,25.2289343333713]]]},"properties":{"OBJECTID":1120,"CATEGORY":1,"ZONEID":"A"}},{"type":"Feature","id":1121,"geometry":{"type":"Polygon","coordinates":[[[-80.7613835379065,25.4539132931234],[-80.7613266386164,25.4387566891525],[-80.7652500387046,25.438800089365],[-80.7774400423629,25.4386567891047],[-80.7775000426373,25.4537833926707],[-80.7652500396029,25.4539999933851],[-80.7613835379065,25.4539132931234]]]},"properties":{"OBJECTID":1121,"CATEGORY":3,"ZONEID":"C"}},{"type":"Feature","id":1122,"geometry":{"type":"Polygon","coordinates":[[[-80.7613266386164,25.4387566891525],[-80.7612800376127,25.4238849859753],[-80.7653400391163,25.424059984966],[-80.7773300418596,25.4238599851715],[-80.7774400423629,25.4386567891047],[-80.7652500387046,25.438800089365],[-80.7613266386164,25.4387566891525]]]},"properties":{"OBJECTID":1122,"CATEGORY":3,"ZONEID":"C"}},{"type":"Feature","id":1123,"geometry":{"type":"Polygon","coordinates":[[[-80.6836822141009,25.4249400622241],[-80.6968800188117,25.4247900870326],[-80.6971201196226,25.4396266908845],[-80.6835822558643,25.4398600539859],[-80.6836325318758,25.4320325256285],[-80.6836325363674,25.4320317800765],[-80.6836822141009,25.4249400622241]]]},"properties":{"OBJECTID":1123,"CATEGORY":3,"ZONEID":"C"}},{"type":"Feature","id":1124,"geometry":{"type":"Polygon","coordinates":[[[-80.68379001463,25.4098499833162],[-80.696910018949,25.409846583493],[-80.6968800188117,25.4247900870326],[-80.6836822141009,25.4249400622241],[-80.68373593066,25.4172701174171],[-80.68379001463,25.4098499833162]]]},"properties":{"OBJECTID":1124,"CATEGORY":3,"ZONEID":"C"}},{"type":"Feature","id":1125,"geometry":{"type":"Polygon","coordinates":[[[-80.7648433318496,25.1693967203953],[-80.7649468312451,25.1620300185854],[-80.7657301316301,25.1621900191029],[-80.7664401321829,25.1621400192178],[-80.7681800332427,25.1614301186462],[-80.770120133745,25.161250018647],[-80.7709801340856,25.1609101188521],[-80.7718100336776,25.1599200182978],[-80.7720900349585,25.1593500183551],[-80.772240033848,25.1588000170695],[-80.7722700339852,25.1573501173283],[-80.7720400338314,25.1560400168746],[-80.771433233535,25.1554397175092],[-80.7746533345025,25.1553233172883],[-80.7755051350212,25.156220016422],[-80.775940034603,25.1575801175306],[-80.7761500355636,25.1590100181339],[-80.7763700356717,25.1598100181026],[-80.7771500356464,25.1614800188138],[-80.7778601359121,25.1623801193001],[-80.7797901357574,25.1643800191638],[-80.7804151359213,25.1647634191239],[-80.7802401369175,25.169979919923],[-80.7765934359031,25.1700133204168],[-80.764982073052,25.1699902688574],[-80.7648677525506,25.1699900379597],[-80.7648433318496,25.1693967203953]]]},"properties":{"OBJECTID":1125,"CATEGORY":1,"ZONEID":"A"}},{"type":"Feature","id":1126,"geometry":{"type":"MultiPolygon","coordinates":[[[[-80.7980700415089,25.1562900164002],[-80.7981800411138,25.1551250163566],[-80.8011400420772,25.1555901156378],[-80.8008500425473,25.156910016428],[-80.8007201416656,25.1589800174232],[-80.8001251416388,25.161489917212],[-80.8000601422398,25.162510017882],[-80.7999600420694,25.1633800176362],[-80.7994650416018,25.1641250180164],[-80.7990801413503,25.164870018724],[-80.7984700424403,25.1654001184265],[-80.7980900424987,25.1658800190895],[-80.7973601415674,25.1670999201736],[-80.797230042158,25.1681001196601],[-80.7969500408772,25.1690434202389],[-80.7968634405889,25.160143317893],[-80.7973700410018,25.1588999171075],[-80.7974900415507,25.1583299172768],[-80.7978501420121,25.1575300165573],[-80.7980700415089,25.1562900164002]]],[[[-80.8104201447136,25.1675851192087],[-80.8121800458648,25.1664300193448],[-80.8122001456693,25.1698800200174],[-80.8109213453534,25.1699048195923],[-80.8103500455788,25.1699199198259],[-80.8090567446575,25.1698100197085],[-80.8097900457121,25.168320019629],[-80.8104201447136,25.1675851192087]]]]},"properties":{"OBJECTID":1126,"CATEGORY":1,"ZONEID":"A"}},{"type":"Feature","id":1127,"geometry":{"type":"Polygon","coordinates":[[[-80.7802401369175,25.169979919923],[-80.7804151359213,25.1647634191239],[-80.7815567374423,25.1650566194287],[-80.7824400364881,25.1653600195676],[-80.7830401371491,25.1651650188704],[-80.7847001375558,25.1651101183101],[-80.7857900383372,25.1647900182168],[-80.7870200385737,25.1642751192403],[-80.7882101392385,25.1642700189255],[-80.7888701395626,25.1644700189153],[-80.7907300393746,25.1646100191195],[-80.7920200398855,25.1645000190888],[-80.7926500400723,25.1642700189255],[-80.7941101401756,25.1634199179455],[-80.7946700412276,25.1629200183431],[-80.7957900409609,25.1616301184145],[-80.7961799412352,25.1612200184872],[-80.7965600408898,25.1606899176908],[-80.7968634405889,25.160143317893],[-80.7969500408772,25.1690434202389],[-80.7964000410563,25.1699300199812],[-80.7802401369175,25.169979919923]]]},"properties":{"OBJECTID":1127,"CATEGORY":1,"ZONEID":"A"}},{"type":"Feature","id":1128,"geometry":{"type":"Polygon","coordinates":[[[-80.700670015487,25.2286300367917],[-80.6845901108158,25.2286700376226],[-80.6845601097803,25.2138699333399],[-80.7006400144514,25.2138300332965],[-80.700670015487,25.2286300367917]]]},"properties":{"OBJECTID":1128,"CATEGORY":1,"ZONEID":"A"}},{"type":"Feature","id":1129,"geometry":{"type":"Polygon","coordinates":[[[-80.7320810233445,25.1893597261177],[-80.7319821233233,25.184559924863],[-80.7332300233901,25.185002525684],[-80.7345751229673,25.184844925583],[-80.7458706264864,25.1846184244148],[-80.7468058274944,25.1846315254751],[-80.7486901282445,25.1846600240971],[-80.7487333282265,25.1946501268792],[-80.748630310328,25.1991807757986],[-80.7320202469256,25.1990647774249],[-80.7318550224904,25.1913701271303],[-80.7320810233445,25.1893597261177]]]},"properties":{"OBJECTID":1129,"CATEGORY":1,"ZONEID":"A"}},{"type":"Feature","id":1130,"geometry":{"type":"Polygon","coordinates":[[[-80.716680119264,25.1992400299459],[-80.716986718762,25.1928533278441],[-80.7167378351226,25.184743068151],[-80.7247544213794,25.1847675257135],[-80.7319821233233,25.184559924863],[-80.7320810233445,25.1893597261177],[-80.7318550224904,25.1913701271303],[-80.7320202469256,25.1990647774249],[-80.7239901212609,25.1990080291367],[-80.716680119264,25.1992400299459]]]},"properties":{"OBJECTID":1130,"CATEGORY":1,"ZONEID":"A"}},{"type":"Feature","id":1131,"geometry":{"type":"Polygon","coordinates":[[[-80.7322900235819,25.2285601368848],[-80.7167401204367,25.2285901367137],[-80.7167101194012,25.2137900332745],[-80.7321901237357,25.2137501332049],[-80.7322900235819,25.2285601368848]]]},"properties":{"OBJECTID":1131,"CATEGORY":1,"ZONEID":"A"}},{"type":"Feature","id":1132,"geometry":{"type":"Polygon","coordinates":[[[-80.6845601097803,25.2138699333399],[-80.6845400090776,25.1993300299656],[-80.7006200143601,25.1992900292425],[-80.7006400144514,25.2138300332965],[-80.6845601097803,25.2138699333399]]]},"properties":{"OBJECTID":1132,"CATEGORY":1,"ZONEID":"A"}},{"type":"Feature","id":1133,"geometry":{"type":"Polygon","coordinates":[[[-80.7006400144514,25.2138300332965],[-80.7006200143601,25.1992900292425],[-80.716680119264,25.1992400299459],[-80.7167101194012,25.2137900332745],[-80.7006400144514,25.2138300332965]]]},"properties":{"OBJECTID":1133,"CATEGORY":1,"ZONEID":"A"}},{"type":"Feature","id":1134,"geometry":{"type":"Polygon","coordinates":[[[-80.716680119264,25.1992400299459],[-80.7239901212609,25.1990080291367],[-80.7320202469256,25.1990647774249],[-80.7321933244331,25.2071243312027],[-80.7321901237357,25.2137501332049],[-80.7167101194012,25.2137900332745],[-80.716680119264,25.1992400299459]]]},"properties":{"OBJECTID":1134,"CATEGORY":1,"ZONEID":"A"}},{"type":"Feature","id":1135,"geometry":{"type":"Polygon","coordinates":[[[-80.6722300075653,25.2286900372204],[-80.6515901000017,25.2287300380315],[-80.6515600998645,25.2139501348745],[-80.672150006301,25.2138999343539],[-80.6722300075653,25.2286900372204]]]},"properties":{"OBJECTID":1135,"CATEGORY":1,"ZONEID":"A"}},{"type":"Feature","id":1136,"geometry":{"type":"Polygon","coordinates":[[[-80.8271694011708,25.7764281356936],[-80.840773583055,25.7762487955788],[-80.8407243248347,25.7908828743019],[-80.827208646769,25.7910384231691],[-80.8245819216743,25.7910685076438],[-80.8246419830342,25.778666415039],[-80.8246526604096,25.7764611732356],[-80.8271694011708,25.7764281356936]]]},"properties":{"OBJECTID":1136,"CATEGORY":5,"ZONEID":"E"}},{"type":"Feature","id":1137,"geometry":{"type":"Polygon","coordinates":[[[-80.8271600775565,25.6601080440211],[-80.841273838667,25.6597598362048],[-80.8411979597716,25.6742874990433],[-80.8270802685317,25.6746357437764],[-80.8251701052846,25.6746827586117],[-80.8252420387793,25.6613834105465],[-80.8252486818208,25.6601550961647],[-80.8271600775565,25.6601080440211]]]},"properties":{"OBJECTID":1137,"CATEGORY":4,"ZONEID":"D"}},{"type":"Feature","id":1138,"geometry":{"type":"Polygon","coordinates":[[[-80.8325931045645,25.8055966179642],[-80.8406750441565,25.805516952991],[-80.8407125560062,25.8076529207172],[-80.8408020030556,25.8127457008049],[-80.8409289745311,25.8199744377017],[-80.8328648916504,25.820046350289],[-80.8288328466167,25.8200821395835],[-80.8273631435231,25.8200951569573],[-80.8248008024814,25.8201178164673],[-80.8246559724981,25.812896826601],[-80.8245544988036,25.8078370818106],[-80.8245111568877,25.8056758324204],[-80.8271327310426,25.8056501859281],[-80.8285521266837,25.8056362814057],[-80.8325931045645,25.8055966179642]]]},"properties":{"OBJECTID":1138,"CATEGORY":5,"ZONEID":"E"}},{"type":"Feature","id":1139,"geometry":{"type":"Polygon","coordinates":[[[-80.3300242354355,25.5992256693702],[-80.3320699957815,25.5991749638082],[-80.3321462124435,25.6010997290738],[-80.332222430902,25.6030244925227],[-80.3322986511573,25.6049492557718],[-80.3323748759041,25.606874017198],[-80.332463902542,25.6087471461448],[-80.3325529309765,25.6106202749028],[-80.332641962106,25.6124934026591],[-80.3327309977271,25.6143665302209],[-80.3306892375791,25.6144229991995],[-80.3286474810243,25.6144794398004],[-80.3266057217746,25.6145358568836],[-80.3245639607283,25.614592240729],[-80.3225227764003,25.6146482964853],[-80.320481593869,25.6147043206242],[-80.3184404068462,25.6147603196259],[-80.3163992171284,25.6148162902503],[-80.3163307969448,25.6129933081015],[-80.3162623776595,25.6111703281183],[-80.3161939592725,25.6093473462531],[-80.3161255426821,25.6075243657488],[-80.3160203939798,25.6055369031244],[-80.3159152542606,25.6035494398646],[-80.3158101154397,25.601561975973],[-80.3157049784155,25.599574511453],[-80.3157050646538,25.599574511453],[-80.317315059442,25.5995358033004],[-80.3238869490077,25.5993776076977],[-80.3249145013184,25.5993521889257],[-80.3259327120486,25.5993269929352],[-80.327178143545,25.5992961640729],[-80.3279784059192,25.599276346556],[-80.3279784741912,25.5992763441256],[-80.3285912644538,25.5992611694888],[-80.3300242354355,25.5992256693702]]]},"properties":{"OBJECTID":1139,"CATEGORY":3,"ZONEID":"C"}},{"type":"Feature","id":1140,"geometry":{"type":"Polygon","coordinates":[[[-80.5250999139646,25.3021491278133],[-80.5412256309186,25.3021462016845],[-80.5413284314248,25.316701294173],[-80.5252027683697,25.3167633201498],[-80.5250999139646,25.3021491278133]]]},"properties":{"OBJECTID":1140,"CATEGORY":1,"ZONEID":"A"}},{"type":"Feature","id":1141,"geometry":{"type":"Polygon","coordinates":[[[-80.4447756613445,25.3016826907793],[-80.4529517812092,25.3016780713275],[-80.4611279064637,25.3016730035742],[-80.4610701699438,25.3090016734946],[-80.4610124163559,25.3163303394664],[-80.4528594388895,25.3163740784617],[-80.4447064650165,25.3164173691945],[-80.4447410717145,25.3090500286224],[-80.4447756613445,25.3016826907793]]]},"properties":{"OBJECTID":1141,"CATEGORY":1,"ZONEID":"A"}},{"type":"Feature","id":1142,"geometry":{"type":"Polygon","coordinates":[[[-80.4286363968977,25.3161002106844],[-80.4285153048957,25.3014481323678],[-80.4366454705437,25.3015656345629],[-80.4447756613445,25.3016826907793],[-80.4447410717145,25.3090500286224],[-80.4447064650165,25.3164173691945],[-80.4286363968977,25.3161002106844]]]},"properties":{"OBJECTID":1142,"CATEGORY":1,"ZONEID":"A"}},{"type":"Feature","id":1143,"geometry":{"type":"Polygon","coordinates":[[[-80.5412256309186,25.3021462016845],[-80.5573513757204,25.3021415164673],[-80.5574541079546,25.3166375036021],[-80.5413284314248,25.316701294173],[-80.5412256309186,25.3021462016845]]]},"properties":{"OBJECTID":1143,"CATEGORY":1,"ZONEID":"A"}},{"type":"Feature","id":1144,"geometry":{"type":"Polygon","coordinates":[[[-80.5573513757204,25.3021415164673],[-80.5734771510649,25.3021350664764],[-80.5735797934676,25.3165719459985],[-80.5574541079546,25.3166375036021],[-80.5573513757204,25.3021415164673]]]},"properties":{"OBJECTID":1144,"CATEGORY":1,"ZONEID":"A"}},{"type":"Feature","id":1145,"geometry":{"type":"Polygon","coordinates":[[[-80.8110000611283,25.7934699779315],[-80.8134300623623,25.7934699779315],[-80.8245712290274,25.7932759779131],[-80.8245174621627,25.8043741575604],[-80.8245111568877,25.8056758324204],[-80.8245544988036,25.8078370818106],[-80.8245387818793,25.8078371893699],[-80.8110300612655,25.8079299814792],[-80.8110300612655,25.8063199819773],[-80.8110000611283,25.7934699779315]]]},"properties":{"OBJECTID":1145,"CATEGORY":5,"ZONEID":"E"}},{"type":"Feature","id":1149,"geometry":{"type":"Polygon","coordinates":[[[-80.7782500514577,25.763170070985],[-80.7947600560122,25.7630099712317],[-80.7947201564405,25.7772199744712],[-80.7947201555422,25.7788199754388],[-80.7805800522343,25.7791099758168],[-80.7783900520981,25.7791099750079],[-80.7782500514577,25.763170070985]]]},"properties":{"OBJECTID":1149,"CATEGORY":5,"ZONEID":"E"}},{"type":"Feature","id":1150,"geometry":{"type":"Polygon","coordinates":[[[-80.4612543093057,25.3311079977603],[-80.4612551698917,25.3308784134598],[-80.4611337904288,25.3236043801877],[-80.4610124163559,25.3163303394664],[-80.4768258816121,25.3169388211001],[-80.4769287962043,25.3317303022728],[-80.4612543093057,25.3311079977603]]]},"properties":{"OBJECTID":1150,"CATEGORY":1,"ZONEID":"A"}},{"type":"Feature","id":1151,"geometry":{"type":"Polygon","coordinates":[[[-80.4125039928846,25.330434025863],[-80.4125039120363,25.3304286402175],[-80.4123948341029,25.3231048808848],[-80.4122856771178,25.3157757169497],[-80.4286363968977,25.3161002106844],[-80.4287562474279,25.3306041960606],[-80.4246738769754,25.3305616216647],[-80.4206301161139,25.3305193371188],[-80.4125039928846,25.330434025863]]]},"properties":{"OBJECTID":1151,"CATEGORY":1,"ZONEID":"A"}},{"type":"Feature","id":1152,"geometry":{"type":"Polygon","coordinates":[[[-80.3963247426279,25.3302292526213],[-80.3962285573155,25.3229332417982],[-80.3961323800879,25.315637222521],[-80.4042090187214,25.3157066914437],[-80.4122856771178,25.3157757169497],[-80.4123948341029,25.3231048808848],[-80.4125039120363,25.3304286402175],[-80.4125039928846,25.330434025863],[-80.4086928534608,25.3303859585828],[-80.4068452695514,25.330362615903],[-80.4044143538324,25.3303318674428],[-80.3963247426279,25.3302292526213]]]},"properties":{"OBJECTID":1152,"CATEGORY":1,"ZONEID":"A"}},{"type":"Feature","id":1156,"geometry":{"type":"Polygon","coordinates":[[[-80.6971100252535,25.6766000510291],[-80.6973201259271,25.6624899471131],[-80.6998801259592,25.6625000473869],[-80.713400129413,25.6625200471248],[-80.7133500294713,25.6758800502768],[-80.7133701301741,25.6768099504088],[-80.6999000263377,25.6768901510457],[-80.6971100252535,25.6766000510291]]]},"properties":{"OBJECTID":1156,"CATEGORY":4,"ZONEID":"D"}},{"type":"Feature","id":1157,"geometry":{"type":"Polygon","coordinates":[[[-80.8096800514971,25.4091066806867],[-80.8097001504033,25.394450076645],[-80.814040151391,25.3944599763431],[-80.8256800555153,25.3943233760179],[-80.8258500553946,25.4089467807993],[-80.8139100519817,25.4092600809071],[-80.8096800514971,25.4091066806867]]]},"properties":{"OBJECTID":1157,"CATEGORY":3,"ZONEID":"C"}},{"type":"Feature","id":1158,"geometry":{"type":"Polygon","coordinates":[[[-80.6723469996563,25.2880737579131],[-80.6723541080252,25.2873147532237],[-80.6723544395035,25.2861762064179],[-80.6723544718429,25.2860611902084],[-80.6723549802893,25.284310416949],[-80.6723561642688,25.280224219056],[-80.6723567086479,25.2783467506338],[-80.6845761114705,25.2782299505071],[-80.6844701120636,25.2927100539592],[-80.6723001075985,25.2930799544582],[-80.6723469996563,25.2880737579131]]]},"properties":{"OBJECTID":1158,"CATEGORY":1,"ZONEID":"A"}},{"type":"Feature","id":1159,"geometry":{"type":"Polygon","coordinates":[[[-80.8258301568128,25.4233932841592],[-80.8258500553946,25.4089467807993],[-80.829930057888,25.4089299803528],[-80.8420700604192,25.4087666803775],[-80.8419300615754,25.423286683636],[-80.8301000577673,25.4234299835161],[-80.8258301568128,25.4233932841592]]]},"properties":{"OBJECTID":1159,"CATEGORY":3,"ZONEID":"C"}},{"type":"Feature","id":1160,"geometry":{"type":"Polygon","coordinates":[[[-80.8576166649506,25.4087232790868],[-80.8574300642049,25.3940133757163],[-80.8618699650387,25.3940001763402],[-80.8731900698202,25.394289976364],[-80.8732200690591,25.408710079697],[-80.8619200667771,25.408789979516],[-80.8576166649506,25.4087232790868]]]},"properties":{"OBJECTID":1160,"CATEGORY":2,"ZONEID":"B"}},{"type":"Feature","id":1161,"geometry":{"type":"Polygon","coordinates":[[[-80.8419401613342,25.4385566869802],[-80.8419300615754,25.423286683636],[-80.8461900630956,25.4233800839412],[-80.8577100654856,25.4230050835618],[-80.8578600661718,25.4384567875777],[-80.84619996253,25.4386399871202],[-80.8419401613342,25.4385566869802]]]},"properties":{"OBJECTID":1161,"CATEGORY":3,"ZONEID":"C"}},{"type":"Feature","id":1162,"geometry":{"type":"Polygon","coordinates":[[[-80.7937301474206,25.4386033889307],[-80.7936100471587,25.4235665841456],[-80.7976499479594,25.423629984024],[-80.80972005168,25.4234998845881],[-80.8095301523205,25.4385666885163],[-80.7977800482671,25.4387700888684],[-80.7937301474206,25.4386033889307]]]},"properties":{"OBJECTID":1162,"CATEGORY":3,"ZONEID":"C"}},{"type":"Feature","id":1163,"geometry":{"type":"Polygon","coordinates":[[[-80.8419300615754,25.423286683636],[-80.8420700604192,25.4087666803775],[-80.8460801614071,25.4088199801726],[-80.8576166649506,25.4087232790868],[-80.8577100654856,25.4230050835618],[-80.8461900630956,25.4233800839412],[-80.8419300615754,25.423286683636]]]},"properties":{"OBJECTID":1163,"CATEGORY":3,"ZONEID":"C"}},{"type":"Feature","id":1165,"geometry":{"type":"Polygon","coordinates":[[[-80.8136401612393,25.7787800749112],[-80.8246419830342,25.778666415039],[-80.8245819216743,25.7910685076438],[-80.8245712290274,25.7932759779131],[-80.8134300623623,25.7934699779315],[-80.8110000611283,25.7934699779315],[-80.8110000611283,25.792089978403],[-80.8107800610202,25.7787800749112],[-80.8136401612393,25.7787800749112]]]},"properties":{"OBJECTID":1165,"CATEGORY":5,"ZONEID":"E"}},{"type":"Feature","id":1166,"geometry":{"type":"Polygon","coordinates":[[[-80.8095667523802,25.4681033956304],[-80.8138401531711,25.4680899951243],[-80.8260101576361,25.4680899951243],[-80.8260401577734,25.4825899990203],[-80.8139501545726,25.4827099986287],[-80.8099100534475,25.4827500995665],[-80.8099100525492,25.4819499993565],[-80.8095667523802,25.4681033956304]]]},"properties":{"OBJECTID":1166,"CATEGORY":3,"ZONEID":"C"}},{"type":"Feature","id":1167,"geometry":{"type":"Polygon","coordinates":[[[-80.7773233431226,25.4828200002593],[-80.77752504365,25.4681799973813],[-80.7815800442324,25.4684099961749],[-80.7941999483479,25.4684600960681],[-80.7940001486556,25.4826051000393],[-80.7815500449935,25.4829100004128],[-80.7773233431226,25.4828200002593]]]},"properties":{"OBJECTID":1167,"CATEGORY":3,"ZONEID":"C"}},{"type":"Feature","id":1168,"geometry":{"type":"Polygon","coordinates":[[[-80.7940001486556,25.4826051000393],[-80.7941999483479,25.4684600960681],[-80.7978100493027,25.4684800966041],[-80.8095667523802,25.4681033956304],[-80.8099100525492,25.4819499993565],[-80.8099100534475,25.4827500995665],[-80.7976499497561,25.4828699992717],[-80.7940001486556,25.4826051000393]]]},"properties":{"OBJECTID":1168,"CATEGORY":3,"ZONEID":"C"}},{"type":"Feature","id":1169,"geometry":{"type":"Polygon","coordinates":[[[-80.8271998666354,25.645581298654],[-80.8413496897146,25.6452321422442],[-80.841273838667,25.6597598362048],[-80.8271600775565,25.6601080440211],[-80.8252486818208,25.6601550961647],[-80.8253272314075,25.6456274041782],[-80.8271998666354,25.645581298654]]]},"properties":{"OBJECTID":1169,"CATEGORY":4,"ZONEID":"D"}},{"type":"Feature","id":1171,"geometry":{"type":"Polygon","coordinates":[[[-80.8110300576722,25.6308499370799],[-80.8110199579135,25.6300101361251],[-80.8108300567574,25.6170000346112],[-80.8140101575419,25.6169600328366],[-80.8271299615366,25.617060033198],[-80.8271599616738,25.629850037031],[-80.8271724608327,25.6310561791922],[-80.8271610037196,25.6310564610441],[-80.825405748655,25.6310996840066],[-80.8141599579037,25.6308799373537],[-80.8110300576722,25.6308499370799]]]},"properties":{"OBJECTID":1171,"CATEGORY":3,"ZONEID":"C"}},{"type":"Feature","id":1172,"geometry":{"type":"Polygon","coordinates":[[[-80.5868983218712,25.2282542864304],[-80.5866966815309,25.2275950391611],[-80.5868937072256,25.2276656482407],[-80.586785617439,25.213877477075],[-80.5893183814501,25.213808235127],[-80.5959450844177,25.213891234922],[-80.5972451846874,25.2137982353241],[-80.6030549857868,25.2140500352143],[-80.6029034858125,25.2153267351551],[-80.6029474861934,25.2177975358205],[-80.6029200866789,25.225263338366],[-80.6034750865227,25.2257100381192],[-80.6028549866686,25.2267050381391],[-80.6028400872113,25.2288201397615],[-80.5889711816943,25.2288680392661],[-80.586903159299,25.2288712881494],[-80.5868983218712,25.2282542864304]]]},"properties":{"OBJECTID":1172,"CATEGORY":1,"ZONEID":"A"}},{"type":"Feature","id":1173,"geometry":{"type":"Polygon","coordinates":[[[-80.6515600998645,25.2139501348745],[-80.6515202002928,25.1994200307316],[-80.6720801056939,25.1993600304993],[-80.672150006301,25.2138999343539],[-80.6515600998645,25.2139501348745]]]},"properties":{"OBJECTID":1173,"CATEGORY":1,"ZONEID":"A"}},{"type":"Feature","id":1174,"geometry":{"type":"Polygon","coordinates":[[[-80.8256800555153,25.3943233760179],[-80.8300700567318,25.3943600769172],[-80.8418467607991,25.3941699762823],[-80.8420700604192,25.4087666803775],[-80.829930057888,25.4089299803528],[-80.8258500553946,25.4089467807993],[-80.8256800555153,25.3943233760179]]]},"properties":{"OBJECTID":1174,"CATEGORY":3,"ZONEID":"C"}},{"type":"Feature","id":1175,"geometry":{"type":"Polygon","coordinates":[[[-80.8257499543259,25.379780073467],[-80.8255000537936,25.3644099682514],[-80.8298059556315,25.3644798661737],[-80.8298061559559,25.3644798686088],[-80.8340601567299,25.3644200692833],[-80.8416600594421,25.3644300680378],[-80.8417999594712,25.3796866726811],[-80.8298400565781,25.3798700727013],[-80.8257499543259,25.379780073467]]]},"properties":{"OBJECTID":1175,"CATEGORY":2,"ZONEID":"B"}},{"type":"Feature","id":1176,"geometry":{"type":"Polygon","coordinates":[[[-80.809439949788,25.3644500696029],[-80.8132700508508,25.3645600696288],[-80.8140000505968,25.3645799688959],[-80.817710052296,25.3642901698184],[-80.8255000537936,25.3644099682514],[-80.8257499543259,25.379780073467],[-80.8140699521023,25.3798400737756],[-80.8094699499252,25.3798998727739],[-80.809439949788,25.3644500696029]]]},"properties":{"OBJECTID":1176,"CATEGORY":2,"ZONEID":"B"}},{"type":"Feature","id":1177,"geometry":{"type":"Polygon","coordinates":[[[-80.7928600455246,25.3798600736013],[-80.7929599444724,25.3643199696755],[-80.7970280460849,25.36434997002],[-80.8014800472257,25.364220069668],[-80.809439949788,25.3644500696029],[-80.8094699499252,25.3798998727739],[-80.79733014682,25.3798400737756],[-80.7928600455246,25.3798600736013]]]},"properties":{"OBJECTID":1177,"CATEGORY":3,"ZONEID":"C"}},{"type":"Feature","id":1195,"geometry":{"type":"Polygon","coordinates":[[[-80.6966401174269,25.3650399718284],[-80.7003461180299,25.3651340714602],[-80.7041101201558,25.3645600712522],[-80.7128100216115,25.3648500717998],[-80.712880122543,25.3805665753427],[-80.7007300184564,25.3805099760449],[-80.6968500168779,25.3806532764197],[-80.6966401174269,25.3650399718284]]]},"properties":{"OBJECTID":1195,"CATEGORY":3,"ZONEID":"C"}},{"type":"Feature","id":1196,"geometry":{"type":"Polygon","coordinates":[[[-80.6839401105375,25.3887987526709],[-80.6840134085731,25.380600031548],[-80.6968500168779,25.3806532764197],[-80.696696617865,25.3954766797037],[-80.6838910652179,25.3956399684533],[-80.6839401105375,25.3887987526709]]]},"properties":{"OBJECTID":1196,"CATEGORY":3,"ZONEID":"C"}},{"type":"Feature","id":1197,"geometry":{"type":"Polygon","coordinates":[[[-80.5586221567758,25.5059051180434],[-80.5606258220676,25.5058950077873],[-80.5626295143088,25.5058848740181],[-80.5646332029568,25.505874712682],[-80.5649688413947,25.505873004397],[-80.5666368727401,25.5058645181036],[-80.5746516156539,25.5058234714176],[-80.5747003681227,25.5131627334436],[-80.5747178286769,25.5157912560399],[-80.5747491169982,25.5205019699873],[-80.5747490334549,25.5205019699873],[-80.5668063237488,25.5205405966766],[-80.5648206238644,25.520550194979],[-80.5628349203868,25.5205597681498],[-80.5608492240956,25.5205693088933],[-80.5588635215163,25.5205788245053],[-80.5588333471059,25.5187446175788],[-80.5588031744921,25.5169104101846],[-80.5587730009801,25.5150762015147],[-80.5587428283663,25.5132419931932],[-80.5587126602441,25.5114077779263],[-80.5586824912236,25.5095735573379],[-80.5586523239997,25.507739339538],[-80.5586221567758,25.5059051512848],[-80.5586221567758,25.5059051180434]]]},"properties":{"OBJECTID":1197,"CATEGORY":4,"ZONEID":"D"}},{"type":"Feature","id":1198,"geometry":{"type":"Polygon","coordinates":[[[-80.5746516156539,25.5058234714176],[-80.590276988961,25.5058209385819],[-80.5907077059869,25.5204656634173],[-80.5747491169982,25.5205019699873],[-80.5747178286769,25.5157912560399],[-80.5747003681227,25.5131627334436],[-80.5746516156539,25.5058234714176]]]},"properties":{"OBJECTID":1198,"CATEGORY":4,"ZONEID":"D"}},{"type":"Feature","id":1199,"geometry":{"type":"Polygon","coordinates":[[[-80.590276988961,25.5058209385819],[-80.6065704474297,25.5057972844564],[-80.6066690572951,25.520427613089],[-80.5907077059869,25.5204656634173],[-80.590276988961,25.5058209385819]]]},"properties":{"OBJECTID":1199,"CATEGORY":4,"ZONEID":"D"}},{"type":"Feature","id":1200,"geometry":{"type":"Polygon","coordinates":[[[-80.6066690572951,25.520427613089],[-80.6065704474297,25.5057972844564],[-80.6065704833623,25.505797289321],[-80.6225298961062,25.5057815871951],[-80.6225298961062,25.5057816325981],[-80.6226304184848,25.520387820622],[-80.6066690572951,25.520427613089]]]},"properties":{"OBJECTID":1200,"CATEGORY":4,"ZONEID":"D"}},{"type":"Feature","id":1201,"geometry":{"type":"Polygon","coordinates":[[[-80.6225298961062,25.5057815871951],[-80.6384893663422,25.5057641492144],[-80.638591801234,25.5203462916894],[-80.6226304184848,25.520387820622],[-80.6225298961062,25.5057816325981],[-80.6225298961062,25.5057815871951]]]},"properties":{"OBJECTID":1201,"CATEGORY":4,"ZONEID":"D"}},{"type":"Feature","id":1202,"geometry":{"type":"Polygon","coordinates":[[[-80.6384893663422,25.5057641492144],[-80.6384894471905,25.5057641500252],[-80.6397211461412,25.5057627303718],[-80.6544488509512,25.5057449753783],[-80.6545531893731,25.5203030230465],[-80.638591801234,25.5203462916894],[-80.6384893663422,25.5057641492144]]]},"properties":{"OBJECTID":1202,"CATEGORY":4,"ZONEID":"D"}},{"type":"Feature","id":1203,"geometry":{"type":"Polygon","coordinates":[[[-80.6544488509512,25.5057449753783],[-80.6659904596205,25.5055932944898],[-80.6704597820766,25.5055343208035],[-80.6705497914714,25.5202579287607],[-80.6545531893731,25.5203030230465],[-80.6544488509512,25.5057449753783]]]},"properties":{"OBJECTID":1203,"CATEGORY":4,"ZONEID":"D"}},{"type":"Feature","id":1204,"geometry":{"type":"Polygon","coordinates":[[[-80.4041590858663,25.4924129813611],[-80.4122968386852,25.4923327534854],[-80.4123410699332,25.4996369494503],[-80.4124152977251,25.5069762733702],[-80.4124152977251,25.5069763130974],[-80.4103749775765,25.5070052474633],[-80.4083347221066,25.5070341542565],[-80.4083346592245,25.5070341542565],[-80.4062943444658,25.5070630375307],[-80.4042540261138,25.5070918899891],[-80.4033497702707,25.5070985787447],[-80.4022157163948,25.5071069563093],[-80.4001774057775,25.5071219934403],[-80.399474073419,25.5071271758058],[-80.3981390960585,25.5071370005714],[-80.3975357399029,25.5071414362282],[-80.396100785441,25.5071519809456],[-80.3961007863394,25.5071519395969],[-80.3961257406397,25.4997696990161],[-80.3959913706395,25.4925004704058],[-80.4041590858663,25.4924129813611]]]},"properties":{"OBJECTID":1204,"CATEGORY":2,"ZONEID":"B"}},{"type":"Feature","id":1205,"geometry":{"type":"Polygon","coordinates":[[[-80.4204456048495,25.4922883849546],[-80.428630408728,25.492187904986],[-80.4288708706616,25.4995064091937],[-80.4288306315267,25.5067992683214],[-80.4288305605598,25.5067992683214],[-80.4267738380724,25.5068222022946],[-80.4267737859702,25.5068222022946],[-80.4247169296338,25.5068451014008],[-80.4226600885688,25.506867978612],[-80.4206032421138,25.5068908233885],[-80.4200012235498,25.5068971270446],[-80.4185562528726,25.5069122387917],[-80.4165092672245,25.506933627436],[-80.4153720674485,25.5069454953308],[-80.4144622842715,25.5069549828354],[-80.4124152977251,25.5069763130974],[-80.4124152977251,25.5069762733702],[-80.4123410699332,25.4996369494503],[-80.4122968386852,25.4923327534854],[-80.4204456048495,25.4922883849546]]]},"properties":{"OBJECTID":1205,"CATEGORY":3,"ZONEID":"C"}},{"type":"Feature","id":1206,"geometry":{"type":"Polygon","coordinates":[[[-80.4367301753868,25.4921200968932],[-80.4448787241587,25.4920423151862],[-80.4449469260517,25.499342932052],[-80.4450137643021,25.5066496448551],[-80.4429866610663,25.5066682988489],[-80.4419518485713,25.5066778090767],[-80.4409595578304,25.5066869212201],[-80.4389324518996,25.5067055103472],[-80.4381860399334,25.5067123531689],[-80.4369053486638,25.5067240767702],[-80.4361497711867,25.5067311336316],[-80.434886670727,25.5067429156058],[-80.4334633683127,25.5067561845137],[-80.4328679856037,25.5067617268726],[-80.4323669259994,25.5067663976638],[-80.4308493103618,25.5067805154352],[-80.4288306315267,25.5067992683214],[-80.4288708706616,25.4995064091937],[-80.428630408728,25.492187904986],[-80.4367301753868,25.4921200968932]]]},"properties":{"OBJECTID":1206,"CATEGORY":3,"ZONEID":"C"}},{"type":"Feature","id":1207,"geometry":{"type":"Polygon","coordinates":[[[-80.7773300418596,25.4238599851715],[-80.7815600432425,25.4237900851197],[-80.7936100471587,25.4235665841456],[-80.7937301474206,25.4386033889307],[-80.7813500431803,25.4386499886494],[-80.7774400423629,25.4386567891047],[-80.7773300418596,25.4238599851715]]]},"properties":{"OBJECTID":1207,"CATEGORY":3,"ZONEID":"C"}},{"type":"Feature","id":1225,"geometry":{"type":"Polygon","coordinates":[[[-80.4130474987844,25.5512640861451],[-80.4150543719601,25.5512487741269],[-80.4170612442374,25.5512334337407],[-80.4190681147181,25.5512180641759],[-80.4210749887921,25.5512026702954],[-80.4231088922746,25.551183994859],[-80.4251427966555,25.5511652926745],[-80.427176700138,25.5511465645523],[-80.4292106036206,25.5511278056297],[-80.4292280201573,25.5529631901239],[-80.4292454375923,25.5547985683905],[-80.4292628541291,25.5566339493415],[-80.429280274259,25.558469328922],[-80.4293012427344,25.5603084325319],[-80.429322214803,25.5621475346518],[-80.4293431832784,25.5639866352789],[-80.4293641544487,25.5658257376519],[-80.4273446177225,25.5658423824721],[-80.4253250818946,25.5658590021688],[-80.4233055415751,25.5658755910694],[-80.4212860057472,25.5658921548466],[-80.4192392842039,25.5659113263623],[-80.4171925608639,25.5659304678916],[-80.4151458384223,25.565949582676],[-80.4130991159806,25.5659686715257],[-80.4130830558999,25.5641262788028],[-80.4130669967176,25.562283890966],[-80.4130509411285,25.5604415039663],[-80.4130348819462,25.558599114565],[-80.4130380359312,25.5567653602491],[-80.4130411935094,25.5549316021811],[-80.4130443456977,25.5530978452261],[-80.4130474987844,25.5512640861451]]]},"properties":{"OBJECTID":1225,"CATEGORY":3,"ZONEID":"C"}},{"type":"Feature","id":1226,"geometry":{"type":"Polygon","coordinates":[[[-80.3718526903342,25.3744296835825],[-80.3800165508902,25.3743973303265],[-80.3799734416381,25.3817386464729],[-80.3799563934106,25.3846414075431],[-80.3799303031906,25.3890799598771],[-80.3718254093974,25.3891554996426],[-80.3637204998836,25.3892305828627],[-80.36370467067,25.3818460880095],[-80.3636888333715,25.3744615839282],[-80.3718526903342,25.3744296835825]]]},"properties":{"OBJECTID":1226,"CATEGORY":1,"ZONEID":"A"}},{"type":"Feature","id":1227,"geometry":{"type":"Polygon","coordinates":[[[-80.7618500438131,25.6462800424705],[-80.748630139648,25.6463199421058],[-80.7454101383936,25.6463501417559],[-80.7453899379778,25.6455199425581],[-80.7457700376324,25.6313299389362],[-80.748760038733,25.6312900383402],[-80.7618500438132,25.6313599374696],[-80.7618500429149,25.6456499414829],[-80.7618500438131,25.6462800424705]]]},"properties":{"OBJECTID":1227,"CATEGORY":4,"ZONEID":"D"}},{"type":"Feature","id":1228,"geometry":{"type":"Polygon","coordinates":[[[-80.7454101383936,25.6463501417559],[-80.7324401338623,25.6464700421953],[-80.7295200333688,25.6465201421912],[-80.7295200333688,25.6457199423404],[-80.729580032745,25.631569938331],[-80.7322600342243,25.6315099389325],[-80.7457700376324,25.6313299389362],[-80.7453899379778,25.6455199425581],[-80.7454101383936,25.6463501417559]]]},"properties":{"OBJECTID":1228,"CATEGORY":4,"ZONEID":"D"}},{"type":"Feature","id":1229,"geometry":{"type":"Polygon","coordinates":[[[-80.4529790046539,25.4919929565146],[-80.4610850370617,25.4919249277576],[-80.461197721731,25.4992389779811],[-80.4613763535219,25.5065269287778],[-80.4613763041145,25.5065269287778],[-80.4607886532051,25.5065312720303],[-80.4593348808347,25.5065419943581],[-80.4580354165723,25.5065515662138],[-80.4572934144358,25.5065570258845],[-80.4564208260031,25.5065634398217],[-80.4552519507318,25.5065720257894],[-80.4540322451885,25.5065809733562],[-80.4532104807396,25.5065869981264],[-80.451889589861,25.5065971245395],[-80.4511613014056,25.5066027033901],[-80.4491121220717,25.5066183810858],[-80.4479300649219,25.5066274081038],[-80.4470629436361,25.5066340279706],[-80.4450137643021,25.5066496448551],[-80.4449469260517,25.499342932052],[-80.4448787241587,25.4920423151862],[-80.4529790046539,25.4919929565146]]]},"properties":{"OBJECTID":1229,"CATEGORY":4,"ZONEID":"D"}},{"type":"Feature","id":1230,"geometry":{"type":"Polygon","coordinates":[[[-80.4610850370617,25.4919249277576],[-80.4692338993458,25.4918475197313],[-80.4775829215465,25.4917639482952],[-80.4775890300904,25.4922337947247],[-80.4776067538509,25.4935983792405],[-80.4776185855615,25.4945092928788],[-80.4776305798672,25.4954328121811],[-80.4776482048131,25.4967901512961],[-80.4776544004936,25.4972672390061],[-80.4776586135923,25.4975917021943],[-80.4776782265099,25.4991016686318],[-80.4777243316435,25.5032780086916],[-80.4777587092711,25.5063921240993],[-80.4764386080117,25.5064051441417],[-80.469574598892,25.5064726725661],[-80.4675251159275,25.5064862804025],[-80.4675250350791,25.5064862812133],[-80.4667929153091,25.5064911376798],[-80.4654754721645,25.506499862293],[-80.4649071682714,25.5065036217976],[-80.4634259110466,25.5065134141837],[-80.4613763535219,25.5065269287778],[-80.461197721731,25.4992389779811],[-80.4610850370617,25.4919249277576]]]},"properties":{"OBJECTID":1230,"CATEGORY":4,"ZONEID":"D"}},{"type":"Feature","id":1231,"geometry":{"type":"Polygon","coordinates":[[[-80.4775829215465,25.4917639482952],[-80.4795841020982,25.4917601891401],[-80.4815852754634,25.4917564056591],[-80.4835864533201,25.4917525946086],[-80.4855876275836,25.4917487543669],[-80.4876533359188,25.4917352162169],[-80.4897190397624,25.4917216431982],[-80.4917847525892,25.4917080417978],[-80.4938504582294,25.4916944136375],[-80.4938672576235,25.4935103096157],[-80.4938840570176,25.4953262000442],[-80.4939008564118,25.4971420946503],[-80.4939176531109,25.4989579828908],[-80.493988852682,25.5062742472081],[-80.4931998659612,25.5062791985425],[-80.491959005093,25.5062869607945],[-80.4899291682837,25.5062996330307],[-80.4899291027067,25.5062996330307],[-80.4878993251862,25.5063122744566],[-80.4870141603396,25.5063177787302],[-80.4858694847837,25.5063248931797],[-80.4849579894178,25.5063324681425],[-80.4838417931514,25.5063417400325],[-80.4818140979257,25.5063585617492],[-80.4797864754637,25.5063753526546],[-80.4797864009035,25.5063753526546],[-80.4777587811363,25.5063921240993],[-80.4777587092711,25.5063921240993],[-80.4777243316435,25.5032780086916],[-80.4776782265099,25.4991016686318],[-80.4776586135923,25.4975917021943],[-80.4776544004936,25.4972672390061],[-80.4776482048131,25.4967901512961],[-80.4776305798672,25.4954328121811],[-80.4776185855615,25.4945092928788],[-80.4776067538509,25.4935983792405],[-80.4775890300904,25.4922337947247],[-80.4775829215465,25.4917639482952]]]},"properties":{"OBJECTID":1231,"CATEGORY":4,"ZONEID":"D"}},{"type":"Feature","id":1232,"geometry":{"type":"Polygon","coordinates":[[[-80.4938504582294,25.4916944136375],[-80.4958616918275,25.491677207951],[-80.4978729254255,25.4916599722602],[-80.4998841581252,25.4916427089976],[-80.50189538813,25.4916254181632],[-80.5039107970975,25.4916081581391],[-80.5059262042683,25.4915908705431],[-80.5079416105409,25.4915735529428],[-80.5099570177117,25.4915562077706],[-80.5099861536696,25.4933875063273],[-80.5100152869326,25.4952188053536],[-80.5100444237889,25.497050103225],[-80.5100735606451,25.4988814039931],[-80.5102259742061,25.5061444681762],[-80.5081953325064,25.5061632349448],[-80.5073037438071,25.5061714690693],[-80.5061647042813,25.5061819749552],[-80.5041340697681,25.5062006849643],[-80.5026885250674,25.5062139871734],[-80.5021034343566,25.5062193698369],[-80.5010452584777,25.506226554018],[-80.5000747851201,25.506233135801],[-80.4995173427571,25.5062369115292],[-80.4980461421719,25.5062468677114],[-80.4960174992236,25.5062605785404],[-80.4960174516129,25.5062605793511],[-80.4954315443335,25.5062645334466],[-80.4939888526821,25.5062742472081],[-80.493917653111,25.4989579828908],[-80.4939008564119,25.4971420946503],[-80.4938840570177,25.4953262000442],[-80.4938672576236,25.4935103096157],[-80.4938504582294,25.4916944136375]]]},"properties":{"OBJECTID":1232,"CATEGORY":4,"ZONEID":"D"}},{"type":"Feature","id":1233,"geometry":{"type":"Polygon","coordinates":[[[-80.5243159245717,25.491489839415],[-80.526374441893,25.491481979714],[-80.5263900635958,25.4932971126479],[-80.5264056852986,25.4951122449204],[-80.5264213070013,25.4969273740965],[-80.5264369305008,25.49874250666],[-80.5264997344173,25.5060356229689],[-80.5264996787218,25.5060356229689],[-80.5244652910473,25.5060508215764],[-80.5237332368543,25.5060562812699],[-80.5224308422874,25.5060659885621],[-80.5203963953241,25.5060811271691],[-80.5194953132289,25.5060878240887],[-80.5183619483608,25.5060962406405],[-80.5175218987043,25.5061012406281],[-80.5163279541484,25.5061083404968],[-80.515450739392,25.506113547229],[-80.5142939626309,25.5061204095428],[-80.512661941152,25.5061300730485],[-80.5122600357922,25.5061324558862],[-80.5122599648253,25.5061324558862],[-80.5102259742061,25.5061444681762],[-80.5100735606451,25.4988814039931],[-80.5100444237889,25.497050103225],[-80.5100152869326,25.4952188053536],[-80.5099861536696,25.4933875063273],[-80.5099570177117,25.4915562077706],[-80.5120028580077,25.4915455051875],[-80.5140486965071,25.4915347863862],[-80.5160945385998,25.4915240343385],[-80.5181403797941,25.4915132498554],[-80.5201988926239,25.4915054761074],[-80.5222574081486,25.4914976715461],[-80.5243159245717,25.491489839415]]]},"properties":{"OBJECTID":1233,"CATEGORY":4,"ZONEID":"D"}},{"type":"Feature","id":1234,"geometry":{"type":"Polygon","coordinates":[[[-80.5404206290329,25.4914108612755],[-80.5424272291207,25.4914005957352],[-80.5424440707357,25.493223644624],[-80.5424609096557,25.4950466893685],[-80.5424777467791,25.4968697372637],[-80.5424945892923,25.4986927858741],[-80.5425607834507,25.5059861873485],[-80.5405532670813,25.5059924651075],[-80.5405532203689,25.5059924651075],[-80.5385458396451,25.5059987185432],[-80.5385457498136,25.5059987185432],[-80.5365382262577,25.5060049444126],[-80.5345307098883,25.5060111362294],[-80.5325229680417,25.506017303723],[-80.5305152217036,25.5060234379749],[-80.5305151911609,25.5060234379749],[-80.5285074798571,25.5060295438497],[-80.528507436738,25.5060295438497],[-80.5264997344173,25.5060356229689],[-80.5264369305008,25.49874250666],[-80.5264213070013,25.4969273740965],[-80.5264056852986,25.4951122449204],[-80.5263900635958,25.4932971126479],[-80.526374441893,25.491481979714],[-80.5283810365909,25.491471897435],[-80.5303876330855,25.4914617916402],[-80.5323942268851,25.4914516542208],[-80.5344008242779,25.4914414908529],[-80.536407427959,25.4914313072126],[-80.5384140280468,25.4914210968128],[-80.5404206290329,25.4914108612755]]]},"properties":{"OBJECTID":1234,"CATEGORY":4,"ZONEID":"D"}},{"type":"Feature","id":1235,"geometry":{"type":"Polygon","coordinates":[[[-80.5564697358629,25.4913272773727],[-80.5584758077414,25.4913166955881],[-80.5584940938473,25.4931402517217],[-80.5585123799532,25.4949638045065],[-80.5585306696524,25.4967873620484],[-80.5585489566566,25.4986109146145],[-80.5586221567758,25.5059051180434],[-80.5570586444137,25.5059130894973],[-80.5566144849979,25.5059153539674],[-80.5562281384588,25.5059173208863],[-80.5546068096267,25.5059255598922],[-80.552762341973,25.5059349112687],[-80.5525991378488,25.5059357382501],[-80.55259907856,25.5059357374393],[-80.5505914687658,25.5059458866088],[-80.5490401133044,25.5059537088791],[-80.5485837978862,25.5059560041575],[-80.5478740066409,25.5059595763922],[-80.5465761234133,25.505966091707],[-80.545830993343,25.5059698293377],[-80.5445684516354,25.5059761516897],[-80.5425607834507,25.5059861873485],[-80.5424945892923,25.4986927858741],[-80.5424777467791,25.4968697372637],[-80.5424609096557,25.4950466893685],[-80.5424440707357,25.493223644624],[-80.5424272291207,25.4914005957352],[-80.5444332992026,25.4913902028884],[-80.5464393737759,25.4913797840931],[-80.548445447451,25.4913693369166],[-80.5504515175328,25.4913588605481],[-80.5524575885129,25.4913483606636],[-80.554463659493,25.4913378332087],[-80.5564697358629,25.4913272773727]]]},"properties":{"OBJECTID":1235,"CATEGORY":4,"ZONEID":"D"}},{"type":"Feature","id":1236,"geometry":{"type":"Polygon","coordinates":[[[-80.5584758077414,25.4913166955881],[-80.5604854189821,25.4913058875712],[-80.5624950320193,25.4912950527949],[-80.5645046459549,25.4912841888264],[-80.5665142580939,25.4912733013419],[-80.5745527488705,25.4912294724562],[-80.5745527488705,25.4912295146212],[-80.5746021777707,25.4985264535525],[-80.5746516156539,25.5058234714176],[-80.5666368727401,25.5058645181036],[-80.5649688413947,25.505873004397],[-80.5646332029568,25.505874712682],[-80.5626295143088,25.5058848740181],[-80.5606258220676,25.5058950077873],[-80.5586221567758,25.5059051180434],[-80.5585489566566,25.4986109146145],[-80.5585306696524,25.4967873620484],[-80.5585123799532,25.4949638045065],[-80.5584940938473,25.4931402517217],[-80.5584758077414,25.4913166955881]]]},"properties":{"OBJECTID":1236,"CATEGORY":4,"ZONEID":"D"}},{"type":"Feature","id":1237,"geometry":{"type":"Polygon","coordinates":[[[-80.5745527488705,25.4912294724562],[-80.5902619125357,25.4911665995626],[-80.590276988961,25.5058209385819],[-80.5746516156539,25.5058234714176],[-80.5746021777707,25.4985264535525],[-80.5745527488705,25.4912295146212],[-80.5745527488705,25.4912294724562]]]},"properties":{"OBJECTID":1237,"CATEGORY":4,"ZONEID":"D"}},{"type":"Feature","id":1238,"geometry":{"type":"Polygon","coordinates":[[[-80.3744156539084,25.627702105073],[-80.3823396813515,25.6272624627889],[-80.3823848010333,25.6283929359681],[-80.3824125248396,25.6290874764092],[-80.3824398165562,25.6297713395786],[-80.3824853683277,25.6309124921089],[-80.3825309497435,25.6320544671349],[-80.3825582109174,25.6327375042158],[-80.382583516459,25.6333714847705],[-80.3826310571004,25.6345625192066],[-80.3826620139434,25.6353624366939],[-80.3827018488364,25.6363918213607],[-80.3827726405723,25.6382211197829],[-80.3828336280953,25.6397969706277],[-80.3828434385965,25.6400504274284],[-80.3829142321291,25.6418797191887],[-80.3749169380914,25.6424769167707],[-80.3729158419814,25.6425661548427],[-80.370914744973,25.642655362074],[-80.3689136452697,25.6427445425138],[-80.3669125428714,25.6428336977821],[-80.3668266854898,25.6409844051492],[-80.3667408290066,25.6391351154503],[-80.3666549752182,25.6372858189697],[-80.3665691259215,25.6354365254288],[-80.3664833511849,25.6335871416915],[-80.3663975773466,25.631737760087],[-80.3663118071016,25.6298883757584],[-80.3662260413482,25.6280389903284],[-80.3682734483061,25.6279548132454],[-80.3703208516707,25.6278706045154],[-80.3723682541371,25.627786368188],[-80.3744156539084,25.627702105073]]]},"properties":{"OBJECTID":1238,"CATEGORY":4,"ZONEID":"D"}},{"type":"Feature","id":1239,"geometry":{"type":"Polygon","coordinates":[[[-80.3902166541417,25.6269895336361],[-80.3982563684237,25.626704663593],[-80.3984936637959,25.6340496516837],[-80.3987587377716,25.6413863057185],[-80.3908371995602,25.6416331920898],[-80.3829142824348,25.6418797224281],[-80.3829142321291,25.6418797191887],[-80.3828434385965,25.6400504274284],[-80.3828336280953,25.6397969706277],[-80.3827726405723,25.6382211197829],[-80.3827018488364,25.6363918213607],[-80.3826620139434,25.6353624366939],[-80.3826310571004,25.6345625192066],[-80.382583516459,25.6333714847705],[-80.3825582109174,25.6327375042158],[-80.3825309497435,25.6320544671349],[-80.3824853683277,25.6309124921089],[-80.3824398165562,25.6297713395786],[-80.3824125248396,25.6290874764092],[-80.3823848010333,25.6283929359681],[-80.3823396813515,25.6272624627889],[-80.3823397406403,25.627262460359],[-80.3902166541417,25.6269895336361]]]},"properties":{"OBJECTID":1239,"CATEGORY":4,"ZONEID":"D"}},{"type":"Feature","id":1240,"geometry":{"type":"Polygon","coordinates":[[[-80.4067530251481,25.6411387369419],[-80.3987587377716,25.6413863057185],[-80.3984936637959,25.6340496516837],[-80.3982563684237,25.626704663593],[-80.4063695604045,25.6264906667908],[-80.4144878000187,25.6262768688534],[-80.4147507908013,25.6337012220407],[-80.4145216754881,25.6410930176026],[-80.4067530251481,25.6411387369419]]]},"properties":{"OBJECTID":1240,"CATEGORY":4,"ZONEID":"D"}},{"type":"Feature","id":1241,"geometry":{"type":"Polygon","coordinates":[[[-80.4229810045174,25.6408071283958],[-80.4145216754881,25.6410930176026],[-80.4147507908013,25.6337012220407],[-80.4144878000187,25.6262768688534],[-80.4227755346592,25.6260127473145],[-80.4307090581931,25.6256884600675],[-80.4310207026298,25.6332270351132],[-80.4314381281829,25.6405093830329],[-80.4229810045174,25.6408071283958]]]},"properties":{"OBJECTID":1241,"CATEGORY":4,"ZONEID":"D"}},{"type":"Feature","id":1242,"geometry":{"type":"Polygon","coordinates":[[[-80.5091975559195,25.3890661306019],[-80.517288409494,25.3890834702509],[-80.52537927295,25.3891003635432],[-80.525425772444,25.3963892269092],[-80.5254722656499,25.4036780866455],[-80.5173909216409,25.4037438802237],[-80.5093095704455,25.4038092258432],[-80.5092535649791,25.3964376818142],[-80.5091975559195,25.3890661306019]]]},"properties":{"OBJECTID":1242,"CATEGORY":2,"ZONEID":"B"}},{"type":"Feature","id":1243,"geometry":{"type":"Polygon","coordinates":[[[-80.3072968704254,25.5669693740405],[-80.2993591724203,25.5670264569533],[-80.2991975996366,25.5596093765756],[-80.2990360313446,25.5521922892032],[-80.3070998986296,25.5521922859614],[-80.3151637739996,25.5521918353493],[-80.3151991325875,25.5595518630453],[-80.3152345738204,25.5669118591819],[-80.3072968704254,25.5669693740405]]]},"properties":{"OBJECTID":1243,"CATEGORY":1,"ZONEID":"A"}},{"type":"Feature","id":1245,"geometry":{"type":"Polygon","coordinates":[[[-80.3802195952972,25.2935789505398],[-80.3802199097076,25.2935275898049],[-80.3802685085645,25.2861954322266],[-80.3802687699742,25.2861578976297],[-80.3803071486981,25.2861588317102],[-80.388276991119,25.2863526678738],[-80.3913046001891,25.2864002555334],[-80.3962457501717,25.2864777832213],[-80.3962020911505,25.2937563441798],[-80.3961584141631,25.301034897841],[-80.3881799389323,25.3009322581966],[-80.3802014960408,25.3008277935741],[-80.3801774023266,25.3008274784616],[-80.3802195952972,25.2935789505398]]]},"properties":{"OBJECTID":1245,"CATEGORY":1,"ZONEID":"A"}},{"type":"Feature","id":1246,"geometry":{"type":"Polygon","coordinates":[[[-80.364341013861,25.3006147269819],[-80.3716814382034,25.3007135546801],[-80.3801627588892,25.3008272867952],[-80.3801744423778,25.3008274386664],[-80.3801774023266,25.3008274784616],[-80.3801214300979,25.3154837895109],[-80.3801214112333,25.3154881591378],[-80.3642333507742,25.3155518829141],[-80.364341013861,25.3006147269819]]]},"properties":{"OBJECTID":1246,"CATEGORY":1,"ZONEID":"A"}},{"type":"Feature","id":1247,"geometry":{"type":"Polygon","coordinates":[[[-80.364341013861,25.3006147269819],[-80.3644464140916,25.2859829036173],[-80.3802685085645,25.2861954322266],[-80.3802199097076,25.2935275898049],[-80.3802195952972,25.2935789505398],[-80.3801774023266,25.3008274784616],[-80.3801744423778,25.3008274386664],[-80.3801627588892,25.3008272867952],[-80.3716814382034,25.3007135546801],[-80.364341013861,25.3006147269819]]]},"properties":{"OBJECTID":1247,"CATEGORY":1,"ZONEID":"A"}},{"type":"Feature","id":1248,"geometry":{"type":"Polygon","coordinates":[[[-80.8570760642026,25.3641199682712],[-80.862175066147,25.3641050683189],[-80.8731250677263,25.3643699675397],[-80.8731250677263,25.3643700681929],[-80.8731600687848,25.3795999725335],[-80.8616401652094,25.379670071877],[-80.8573700639305,25.3794400716964],[-80.8570760642026,25.3641199682712]]]},"properties":{"OBJECTID":1248,"CATEGORY":2,"ZONEID":"B"}},{"type":"Feature","id":1249,"geometry":{"type":"Polygon","coordinates":[[[-80.8411220503335,25.6888151285964],[-80.85715249646,25.6884181106551],[-80.8570792586115,25.7029457102953],[-80.8410461103526,25.7033427340331],[-80.8411220503335,25.6888151285964]]]},"properties":{"OBJECTID":1249,"CATEGORY":4,"ZONEID":"D"}},{"type":"Feature","id":1251,"geometry":{"type":"Polygon","coordinates":[[[-80.8569893956421,25.7323118337187],[-80.8726192686105,25.7317711477403],[-80.872668464847,25.7464560177534],[-80.856974337183,25.7468425668699],[-80.8569893956421,25.7323118337187]]]},"properties":{"OBJECTID":1251,"CATEGORY":5,"ZONEID":"E"}},{"type":"Feature","id":1252,"geometry":{"type":"Polygon","coordinates":[[[-80.856974337183,25.7468425668699],[-80.872668464847,25.7464560177534],[-80.8727176691684,25.7611408592231],[-80.8569592661474,25.761373268889],[-80.856974337183,25.7468425668699]]]},"properties":{"OBJECTID":1252,"CATEGORY":5,"ZONEID":"E"}},{"type":"Feature","id":1253,"geometry":{"type":"Polygon","coordinates":[[[-80.4612063078285,25.2872086069085],[-80.4612702292492,25.2798302803513],[-80.4613341327035,25.2724519461393],[-80.4765170740551,25.2725641986907],[-80.4766200209866,25.2873557727668],[-80.4612063078285,25.2872086069085]]]},"properties":{"OBJECTID":1253,"CATEGORY":1,"ZONEID":"A"}},{"type":"Feature","id":1254,"geometry":{"type":"Polygon","coordinates":[[[-80.6376007447784,25.3306693571452],[-80.6455890403919,25.3306702624645],[-80.6516824710675,25.3306706676253],[-80.6535772623435,25.330670732581],[-80.6535773306155,25.3306707333929],[-80.6536446737191,25.338010696716],[-80.6537120195175,25.3453506442933],[-80.6457195314666,25.3454448761559],[-80.6377270389241,25.3455386727957],[-80.6376638927495,25.3381040168536],[-80.6376007447784,25.3306693571452]]]},"properties":{"OBJECTID":1254,"CATEGORY":2,"ZONEID":"B"}},{"type":"Feature","id":1255,"geometry":{"type":"Polygon","coordinates":[[[-80.6615723608986,25.3306560396134],[-80.6695673265031,25.3306409041336],[-80.6695673947751,25.3306409049455],[-80.6696184765754,25.3362773944773],[-80.6696331424707,25.3378960504078],[-80.6696463360273,25.3393517276459],[-80.6696988901663,25.3451511838621],[-80.6696988084196,25.3451511838621],[-80.6617054597826,25.3452511312881],[-80.6537120195175,25.3453506442933],[-80.6536446737191,25.338010696716],[-80.6535773306155,25.3306707333929],[-80.6615723608986,25.3306560396134]]]},"properties":{"OBJECTID":1255,"CATEGORY":2,"ZONEID":"B"}},{"type":"Feature","id":1256,"geometry":{"type":"Polygon","coordinates":[[[-80.5091800091271,25.3314968624376],[-80.4930544026658,25.3316144637715],[-80.4929514934635,25.3168820848289],[-80.5090771223826,25.3168235872198],[-80.5091800091271,25.3314968624376]]]},"properties":{"OBJECTID":1256,"CATEGORY":1,"ZONEID":"A"}},{"type":"Feature","id":1257,"geometry":{"type":"Polygon","coordinates":[[[-80.5090771223826,25.3168235872198],[-80.5252027683697,25.3167633201498],[-80.5253056191815,25.3313774950182],[-80.5091800091271,25.3314968624376],[-80.5090771223826,25.3168235872198]]]},"properties":{"OBJECTID":1257,"CATEGORY":1,"ZONEID":"A"}},{"type":"Feature","id":1258,"geometry":{"type":"Polygon","coordinates":[[[-80.5252027683697,25.3167633201498],[-80.5413284314248,25.316701294173],[-80.5414312220495,25.3312563598843],[-80.5253056191815,25.3313774950182],[-80.5252027683697,25.3167633201498]]]},"properties":{"OBJECTID":1258,"CATEGORY":1,"ZONEID":"A"}},{"type":"Feature","id":1259,"geometry":{"type":"Polygon","coordinates":[[[-80.5413284314248,25.316701294173],[-80.5574541079546,25.3166375036021],[-80.5575568312057,25.3311334594662],[-80.5414312220495,25.3312563598843],[-80.5413284314248,25.316701294173]]]},"properties":{"OBJECTID":1259,"CATEGORY":1,"ZONEID":"A"}},{"type":"Feature","id":1260,"geometry":{"type":"Polygon","coordinates":[[[-80.5574541079546,25.3166375036021],[-80.5735797934676,25.3165719459985],[-80.5736824331753,25.3310087978183],[-80.5575568312057,25.3311334594662],[-80.5574541079546,25.3166375036021]]]},"properties":{"OBJECTID":1260,"CATEGORY":1,"ZONEID":"A"}},{"type":"Feature","id":1261,"geometry":{"type":"Polygon","coordinates":[[[-80.5735797934676,25.3165719459985],[-80.5895344765815,25.3165053481354],[-80.5896480164469,25.3308985813391],[-80.5736824331753,25.3310087978183],[-80.5735797934676,25.3165719459985]]]},"properties":{"OBJECTID":1261,"CATEGORY":2,"ZONEID":"B"}},{"type":"Feature","id":1262,"geometry":{"type":"Polygon","coordinates":[[[-80.5895344765815,25.3165053481354],[-80.6055161828157,25.3164369069026],[-80.6056313540216,25.3307865078418],[-80.5896480164469,25.3308985813391],[-80.5895344765815,25.3165053481354]]]},"properties":{"OBJECTID":1262,"CATEGORY":2,"ZONEID":"B"}},{"type":"Feature","id":1263,"geometry":{"type":"Polygon","coordinates":[[[-80.6055161828157,25.3164369069026],[-80.6214300545678,25.316367031566],[-80.6215812571998,25.3306729410728],[-80.6056313540216,25.3307865078418],[-80.6055161828157,25.3164369069026]]]},"properties":{"OBJECTID":1263,"CATEGORY":2,"ZONEID":"B"}},{"type":"Feature","id":1264,"geometry":{"type":"Polygon","coordinates":[[[-80.6214300545678,25.316367031566],[-80.6374786825958,25.3162948248165],[-80.6376007447784,25.3306693571452],[-80.6295910072774,25.3306713618388],[-80.6215812571998,25.3306729410728],[-80.6214300545678,25.316367031566]]]},"properties":{"OBJECTID":1264,"CATEGORY":2,"ZONEID":"B"}},{"type":"Feature","id":1265,"geometry":{"type":"Polygon","coordinates":[[[-80.477030110897,25.3456663379145],[-80.4930623581457,25.3456063076496],[-80.4930706154598,25.360194066854],[-80.4850452131369,25.3602178461801],[-80.4770198269837,25.3602411855346],[-80.4770213801708,25.3580261964255],[-80.4770249680421,25.3529537661909],[-80.4770301108971,25.3456663695764],[-80.477030110897,25.3456663379145]]]},"properties":{"OBJECTID":1265,"CATEGORY":2,"ZONEID":"B"}},{"type":"Feature","id":1266,"geometry":{"type":"Polygon","coordinates":[[[-80.4609876785497,25.3601542173557],[-80.4610939995534,25.3528395375076],[-80.4612003097774,25.3455248494966],[-80.4691151995574,25.3455958064297],[-80.477030110897,25.3456663379145],[-80.4770301108971,25.3456663695764],[-80.4770249680421,25.3529537661909],[-80.4770213801708,25.3580261964255],[-80.4770198269837,25.3602411855346],[-80.4690037374953,25.3601979194071],[-80.4609876785497,25.3601542173557]]]},"properties":{"OBJECTID":1266,"CATEGORY":1,"ZONEID":"A"}},{"type":"Feature","id":1267,"geometry":{"type":"Polygon","coordinates":[[[-80.3319340115088,25.3307770072756],[-80.3478999029024,25.3305020280407],[-80.3478956215317,25.3328506706472],[-80.3478736379601,25.3449030721852],[-80.3318521857662,25.344931951312],[-80.3319210865484,25.333013437519],[-80.3319340115088,25.3307770072756]]]},"properties":{"OBJECTID":1267,"CATEGORY":1,"ZONEID":"A"}},{"type":"Feature","id":1268,"geometry":{"type":"Polygon","coordinates":[[[-80.3801201805414,25.3156841336185],[-80.3801214112333,25.3154881591378],[-80.3801308552219,25.3154882582076],[-80.3881315790274,25.3155703391155],[-80.3961323800879,25.315637222521],[-80.3962285573155,25.3229332417982],[-80.3963247426279,25.3302292526213],[-80.3800295019017,25.3301192960679],[-80.3800301190443,25.3300211695254],[-80.3801201805414,25.3156841336185]]]},"properties":{"OBJECTID":1268,"CATEGORY":1,"ZONEID":"A"}},{"type":"Feature","id":1269,"geometry":{"type":"Polygon","coordinates":[[[-80.4767229508502,25.3021473094391],[-80.4928485752778,25.30214967763],[-80.4929514934632,25.3168820848289],[-80.4768258816121,25.3169388211001],[-80.4767613735916,25.3076681512649],[-80.4767229508502,25.3021473094391]]]},"properties":{"OBJECTID":1269,"CATEGORY":1,"ZONEID":"A"}},{"type":"Feature","id":1270,"geometry":{"type":"Polygon","coordinates":[[[-80.4610124163559,25.3163303394664],[-80.4610701699438,25.3090016734946],[-80.4611279064637,25.3016730035742],[-80.4767229508502,25.3021473094391],[-80.4767613735916,25.3076681512649],[-80.4768258816121,25.3169388211001],[-80.4610124163559,25.3163303394664]]]},"properties":{"OBJECTID":1270,"CATEGORY":1,"ZONEID":"A"}},{"type":"Feature","id":1271,"geometry":{"type":"Polygon","coordinates":[[[-80.3798498118954,25.2570797974581],[-80.3796167305202,25.2422575146031],[-80.395991491912,25.2423253769166],[-80.3960776843652,25.2572891602482],[-80.3798498118954,25.2570797974581]]]},"properties":{"OBJECTID":1271,"CATEGORY":1,"ZONEID":"A"}},{"type":"Feature","id":1272,"geometry":{"type":"Polygon","coordinates":[[[-80.3477141501661,25.3596187638658],[-80.3557259924198,25.359651377592],[-80.3637378562331,25.3596835610815],[-80.3637133492939,25.367072578029],[-80.3636888333715,25.3744615839282],[-80.3557323021864,25.3745000862375],[-80.347775775493,25.3745381583595],[-80.3477449740585,25.3670784571807],[-80.3477141501661,25.3596187638658]]]},"properties":{"OBJECTID":1272,"CATEGORY":1,"ZONEID":"A"}},{"type":"Feature","id":1273,"geometry":{"type":"Polygon","coordinates":[[[-80.3479972614144,25.3155710301674],[-80.3642333507742,25.3155518829141],[-80.364138550664,25.330320183513],[-80.3478999029024,25.3305020280407],[-80.3479972614144,25.3155710301674]]]},"properties":{"OBJECTID":1273,"CATEGORY":1,"ZONEID":"A"}},{"type":"Feature","id":1274,"geometry":{"type":"Polygon","coordinates":[[[-80.3311391677722,25.4186772143043],[-80.3370631842701,25.4186796938028],[-80.3392297976662,25.4186805449134],[-80.3428347449862,25.4186818422688],[-80.3428831066879,25.4186818584959],[-80.347320555121,25.4186833327265],[-80.347319529245,25.4188356124566],[-80.347270653707,25.4260701311155],[-80.3472207720559,25.4334559900462],[-80.3391312390048,25.4334586744882],[-80.3310416215121,25.4334609662829],[-80.3310904045236,25.4260691250979],[-80.3311376424328,25.4189081052192],[-80.3311391677722,25.4186772143043]]]},"properties":{"OBJECTID":1274,"CATEGORY":1,"ZONEID":"A"}},{"type":"Feature","id":1275,"geometry":{"type":"Polygon","coordinates":[[[-80.347319529245,25.4188356124566],[-80.347320555121,25.4186833327265],[-80.3473206440542,25.4186833400287],[-80.3635059759055,25.4186851834255],[-80.3635054378146,25.4187613184453],[-80.3634544898633,25.4260810674996],[-80.3634030999408,25.4334635785231],[-80.3556037074552,25.4334664998513],[-80.3472207720559,25.4334559900462],[-80.347270653707,25.4260701311155],[-80.347319529245,25.4188356124566]]]},"properties":{"OBJECTID":1275,"CATEGORY":1,"ZONEID":"A"}},{"type":"Feature","id":1276,"geometry":{"type":"Polygon","coordinates":[[[-80.3962833895821,25.3597537604612],[-80.4043481417077,25.359729437171],[-80.41241290102,25.359704677154],[-80.4123580966011,25.3670608221599],[-80.412303271521,25.3744169609401],[-80.4042103096005,25.3744195371231],[-80.3961173539682,25.374421677449],[-80.3962003807583,25.3670877203141],[-80.3962833895821,25.3597537604612]]]},"properties":{"OBJECTID":1276,"CATEGORY":1,"ZONEID":"A"}},{"type":"Feature","id":1278,"geometry":{"type":"Polygon","coordinates":[[[-80.4292106036206,25.5511278056297],[-80.431244612206,25.5511045283848],[-80.4332786234864,25.5510812268215],[-80.4353126374617,25.5510578928352],[-80.4373466451488,25.5510345329097],[-80.4393887646229,25.5510137024299],[-80.4414308814021,25.5509928476327],[-80.4434729927914,25.5509719628448],[-80.4455151104689,25.5509510480662],[-80.4455373725183,25.5527932479058],[-80.4455596462458,25.554635452655],[-80.4455819127867,25.5564776542064],[-80.445604180226,25.5583198525574],[-80.4456110334733,25.5601627081811],[-80.4456178930088,25.5620055597684],[-80.4456247453577,25.563848412179],[-80.445631603995,25.5656912662205],[-80.4436102050612,25.5657052206571],[-80.4415888088224,25.5657191499709],[-80.4395674134819,25.5657330444375],[-80.4376704518762,25.5657460507459],[-80.437546017243,25.565746915402],[-80.4355005515444,25.5657666639185],[-80.4334550858459,25.5657863865002],[-80.4314096201473,25.5658060774746],[-80.4293641544487,25.5658257376519],[-80.4293431832784,25.5639866352789],[-80.429322214803,25.5621475346518],[-80.4293012427344,25.5603084325319],[-80.429280274259,25.558469328922],[-80.4292628541291,25.5566339493415],[-80.4292454375923,25.5547985683905],[-80.4292280201573,25.5529631901239],[-80.4292106036206,25.5511278056297]]]},"properties":{"OBJECTID":1278,"CATEGORY":4,"ZONEID":"D"}},{"type":"Feature","id":1279,"geometry":{"type":"Polygon","coordinates":[[[-80.826070056401,25.4387200877536],[-80.8260800564467,25.4381299875286],[-80.8258301568128,25.4233932841592],[-80.8301000577673,25.4234299835161],[-80.8419300615754,25.423286683636],[-80.8419401613342,25.4385566869802],[-80.830230158075,25.4387400883642],[-80.826070056401,25.4387200877536]]]},"properties":{"OBJECTID":1279,"CATEGORY":3,"ZONEID":"C"}},{"type":"Feature","id":1280,"geometry":{"type":"Polygon","coordinates":[[[-80.7621400451396,25.7344799642729],[-80.7479701420188,25.734580064334],[-80.7457200409969,25.7346199651497],[-80.7457500402358,25.7332300634675],[-80.7454500406601,25.7204300603852],[-80.7482100407087,25.7204200613313],[-80.7621501448984,25.7202300613424],[-80.7621501457967,25.733190064269],[-80.7621400451396,25.7344799642729]]]},"properties":{"OBJECTID":1280,"CATEGORY":5,"ZONEID":"E"}},{"type":"Feature","id":1281,"geometry":{"type":"Polygon","coordinates":[[[-80.7457200409969,25.7346199651497],[-80.7318300367489,25.7348400651498],[-80.7293800363217,25.734890064868],[-80.7293601359432,25.7337400652191],[-80.7294100355606,25.720510062498],[-80.7318701366449,25.7204599620431],[-80.7454500406601,25.7204300603852],[-80.7457500402358,25.7332300634675],[-80.7457200409969,25.7346199651497]]]},"properties":{"OBJECTID":1281,"CATEGORY":5,"ZONEID":"E"}},{"type":"Feature","id":1282,"geometry":{"type":"Polygon","coordinates":[[[-80.7133000319375,25.7351500658149],[-80.6996301275106,25.7350799653669],[-80.6971601269919,25.7351000662061],[-80.6971501269461,25.7343200653771],[-80.697000026547,25.7206200624826],[-80.6992801268079,25.72063996182],[-80.7133101307979,25.72075996152],[-80.7132800309477,25.733880065349],[-80.7133000319375,25.7351500658149]]]},"properties":{"OBJECTID":1282,"CATEGORY":5,"ZONEID":"E"}},{"type":"Feature","id":1283,"geometry":{"type":"Polygon","coordinates":[[[-80.6815359915633,25.7317769216327],[-80.681620122383,25.720480062926],[-80.697000026547,25.7206200624826],[-80.6971501269461,25.7343200653771],[-80.6971601269919,25.7351000662061],[-80.6815127970626,25.7352499411601],[-80.6815101227781,25.7352499654365],[-80.6815359789869,25.7317786388296],[-80.6815359915633,25.7317769216327]]]},"properties":{"OBJECTID":1283,"CATEGORY":5,"ZONEID":"E"}},{"type":"Feature","id":1284,"geometry":{"type":"Polygon","coordinates":[[[-80.7613600415719,25.5429600161249],[-80.7649500418239,25.5429499154747],[-80.7779250445813,25.5426051149776],[-80.7781701463133,25.557419918969],[-80.778170145415,25.5580499193843],[-80.7652001426804,25.5580900194685],[-80.7616000417714,25.558120019357],[-80.7616000408731,25.5575400196409],[-80.7613600415719,25.5429600161249]]]},"properties":{"OBJECTID":1284,"CATEGORY":3,"ZONEID":"C"}},{"type":"Feature","id":1285,"geometry":{"type":"Polygon","coordinates":[[[-80.8419401613342,25.4534100913261],[-80.8419401613342,25.4385566869802],[-80.84619996253,25.4386399871202],[-80.8578600661718,25.4384567875777],[-80.8579299667789,25.4534749906708],[-80.8461399622555,25.4536799913234],[-80.8419401613342,25.4534100913261]]]},"properties":{"OBJECTID":1285,"CATEGORY":3,"ZONEID":"C"}},{"type":"Feature","id":1286,"geometry":{"type":"Polygon","coordinates":[[[-80.7936100471587,25.4235665841456],[-80.7935099460899,25.4090732810677],[-80.7975400471693,25.4090199805731],[-80.8096800514971,25.4091066806867],[-80.80972005168,25.4234998845881],[-80.7976499479594,25.423629984024],[-80.7936100471587,25.4235665841456]]]},"properties":{"OBJECTID":1286,"CATEGORY":3,"ZONEID":"C"}},{"type":"Feature","id":1287,"geometry":{"type":"Polygon","coordinates":[[[-80.80972005168,25.4234998845881],[-80.8096800514971,25.4091066806867],[-80.8139100519817,25.4092600809071],[-80.8258500553946,25.4089467807993],[-80.8258301568128,25.4233932841592],[-80.8138101521356,25.4235300836041],[-80.80972005168,25.4234998845881]]]},"properties":{"OBJECTID":1287,"CATEGORY":3,"ZONEID":"C"}},{"type":"Feature","id":1288,"geometry":{"type":"Polygon","coordinates":[[[-80.7947201573389,25.7935100789559],[-80.7806199527043,25.7935599787494],[-80.7783199520649,25.7935900795694],[-80.7783000516864,25.7921900792379],[-80.7783900520981,25.7791099750079],[-80.7805800522343,25.7791099758168],[-80.7947201555422,25.7788199754388],[-80.7947101563948,25.7919600787578],[-80.7947201573389,25.7935100789559]]]},"properties":{"OBJECTID":1288,"CATEGORY":5,"ZONEID":"E"}},{"type":"Feature","id":1290,"geometry":{"type":"Polygon","coordinates":[[[-80.810930160521,25.7497400665742],[-80.7974199567887,25.7498699671303],[-80.7949701548892,25.7498500670219],[-80.7950100553591,25.7477800669697],[-80.7947900552511,25.7342699626485],[-80.7973400561357,25.7342699642669],[-80.8108100602591,25.7344699631635],[-80.8109399602425,25.7483200668022],[-80.810930160521,25.7497400665742]]]},"properties":{"OBJECTID":1290,"CATEGORY":5,"ZONEID":"E"}},{"type":"Feature","id":1291,"geometry":{"type":"Polygon","coordinates":[[[-80.8108100602591,25.7344699631635],[-80.7973400561357,25.7342699642669],[-80.7947900552511,25.7342699626485],[-80.7947699545483,25.7329199631156],[-80.7948700538204,25.7202600593589],[-80.7975100551167,25.7202200598437],[-80.81096015976,25.7201900593893],[-80.8108100593608,25.7332900634539],[-80.8108100602591,25.7344699631635]]]},"properties":{"OBJECTID":1291,"CATEGORY":5,"ZONEID":"E"}},{"type":"Feature","id":1292,"geometry":{"type":"Polygon","coordinates":[[[-80.8109099601053,25.7629499700735],[-80.7974100564559,25.7629799710609],[-80.7947600560122,25.7630099712317],[-80.7947699554466,25.7615999703795],[-80.7949701548892,25.7498500670219],[-80.7974199567887,25.7498699671303],[-80.810930160521,25.7497400665742],[-80.8109301614193,25.7616799698603],[-80.8109099601053,25.7629499700735]]]},"properties":{"OBJECTID":1292,"CATEGORY":5,"ZONEID":"E"}},{"type":"Feature","id":1293,"geometry":{"type":"Polygon","coordinates":[[[-80.8110300612655,25.8079299814792],[-80.7971901578576,25.8080699814568],[-80.794830157842,25.8080600819756],[-80.7947999564822,25.8061799815494],[-80.7947201573389,25.7935100789559],[-80.7972201570965,25.7935100789559],[-80.8110000611283,25.7934699779315],[-80.8110300612655,25.8063199819773],[-80.8110300612655,25.8079299814792]]]},"properties":{"OBJECTID":1293,"CATEGORY":5,"ZONEID":"E"}},{"type":"Feature","id":1297,"geometry":{"type":"Polygon","coordinates":[[[-80.7783199520649,25.7935900795694],[-80.7646801474882,25.7937599788845],[-80.7623700470901,25.7938000798109],[-80.7623599473314,25.7926200789034],[-80.7623001473812,25.7791099750079],[-80.7647000469684,25.7790799756711],[-80.7783900520981,25.7791099750079],[-80.7783000516864,25.7921900792379],[-80.7783199520649,25.7935900795694]]]},"properties":{"OBJECTID":1297,"CATEGORY":5,"ZONEID":"E"}},{"type":"Feature","id":1303,"geometry":{"type":"Polygon","coordinates":[[[-80.7296300374653,25.7635165718604],[-80.7296900368415,25.7504099687901],[-80.7315201368406,25.7504099695992],[-80.7454500415585,25.7501199686834],[-80.7454200414213,25.7632500718349],[-80.7320800378925,25.7636099730562],[-80.7296300374653,25.7635165718604]]]},"properties":{"OBJECTID":1303,"CATEGORY":5,"ZONEID":"E"}},{"type":"Feature","id":1305,"geometry":{"type":"Polygon","coordinates":[[[-80.7135199314343,25.7504600687594],[-80.6995000281013,25.7506300686722],[-80.6972401273579,25.7506500697882],[-80.6972601274493,25.7494599692051],[-80.6971601269919,25.7351000662061],[-80.6996301275106,25.7350799653669],[-80.7133000319375,25.7351500658149],[-80.71354013185,25.7491399687756],[-80.7135199314343,25.7504600687594]]]},"properties":{"OBJECTID":1305,"CATEGORY":5,"ZONEID":"E"}},{"type":"Feature","id":1306,"geometry":{"type":"Polygon","coordinates":[[[-80.7296900368415,25.7504099687901],[-80.7156300327142,25.7504300694635],[-80.7135199314343,25.7504600687594],[-80.71354013185,25.7491399687756],[-80.7133000319375,25.7351500658149],[-80.7158300327307,25.7351599657156],[-80.7293800363217,25.734890064868],[-80.7296900368414,25.7492299692363],[-80.7296900368415,25.7504099687901]]]},"properties":{"OBJECTID":1306,"CATEGORY":5,"ZONEID":"E"}},{"type":"Feature","id":1307,"geometry":{"type":"Polygon","coordinates":[[[-80.7135199314343,25.7504600687594],[-80.7156300327142,25.7504300694635],[-80.7296900368415,25.7504099687901],[-80.7296300374653,25.7635165718604],[-80.7156201323814,25.7638199721693],[-80.7133800323035,25.7638966726038],[-80.7135199314343,25.7504600687594]]]},"properties":{"OBJECTID":1307,"CATEGORY":5,"ZONEID":"E"}},{"type":"Feature","id":1310,"geometry":{"type":"Polygon","coordinates":[[[-80.6815127970626,25.7352499411601],[-80.6971601269919,25.7351000662061],[-80.6972601274493,25.7494599692051],[-80.6972401273579,25.7506500697882],[-80.6814100226076,25.75080006996],[-80.6814393040926,25.7462522231401],[-80.6815101227781,25.7352499654365],[-80.6815127970626,25.7352499411601]]]},"properties":{"OBJECTID":1310,"CATEGORY":5,"ZONEID":"E"}},{"type":"Feature","id":1312,"geometry":{"type":"Polygon","coordinates":[[[-80.7454500415585,25.7501199686834],[-80.7315201368406,25.7504099695992],[-80.7296900368415,25.7504099687901],[-80.7296900368414,25.7492299692363],[-80.7293800363217,25.734890064868],[-80.7318300367489,25.7348400651498],[-80.7457200409969,25.7346199651497],[-80.7454500415584,25.74908996858],[-80.7454500415585,25.7501199686834]]]},"properties":{"OBJECTID":1312,"CATEGORY":5,"ZONEID":"E"}},{"type":"Feature","id":1316,"geometry":{"type":"Polygon","coordinates":[[[-80.3160355117276,25.3449051537687],[-80.3318521857662,25.344931951312],[-80.3318281585273,25.3597627424786],[-80.3159175278966,25.3598702595696],[-80.3160355117276,25.3449051537687]]]},"properties":{"OBJECTID":1316,"CATEGORY":1,"ZONEID":"A"}},{"type":"Feature","id":1317,"geometry":{"type":"Polygon","coordinates":[[[-80.3318521857662,25.344931951312],[-80.3478736379601,25.3449030721852],[-80.3477141501661,25.3596187638658],[-80.3318281585273,25.3597627424786],[-80.3318521857662,25.344931951312]]]},"properties":{"OBJECTID":1317,"CATEGORY":1,"ZONEID":"A"}},{"type":"Feature","id":1318,"geometry":{"type":"Polygon","coordinates":[[[-80.3478736379601,25.3449030721852],[-80.3639692397926,25.3450028566345],[-80.3637378562331,25.3596835610815],[-80.3557259924198,25.359651377592],[-80.3477141501661,25.3596187638658],[-80.3478736379601,25.3449030721852]]]},"properties":{"OBJECTID":1318,"CATEGORY":1,"ZONEID":"A"}},{"type":"Feature","id":1320,"geometry":{"type":"Polygon","coordinates":[[[-80.7619100440876,25.6763600499123],[-80.7484200398727,25.6767300500829],[-80.7458201393707,25.6767199502051],[-80.7458300397034,25.6756400501389],[-80.745690039063,25.6623699461761],[-80.7486500400265,25.6623999466241],[-80.7618800439504,25.6623200455465],[-80.7618901437091,25.6754299495327],[-80.7619100440876,25.6763600499123]]]},"properties":{"OBJECTID":1320,"CATEGORY":4,"ZONEID":"D"}},{"type":"Feature","id":1321,"geometry":{"type":"Polygon","coordinates":[[[-80.8421401631473,25.5127300066356],[-80.8421600635258,25.5121101064723],[-80.8419351631079,25.498085002293],[-80.8460600642976,25.4982400024227],[-80.8579250673674,25.4979901023686],[-80.8581400674526,25.5119501058522],[-80.8581400683509,25.5126200064456],[-80.8462301638899,25.5127300066356],[-80.8421401631473,25.5127300066356]]]},"properties":{"OBJECTID":1321,"CATEGORY":3,"ZONEID":"C"}},{"type":"Feature","id":1322,"geometry":{"type":"Polygon","coordinates":[[[-80.8579250673674,25.4979901023686],[-80.8619700679041,25.4982600020587],[-80.8734200717706,25.4980900018033],[-80.8734200726689,25.5004101032387],[-80.8735400732178,25.5125000059021],[-80.8620199684198,25.5125799057483],[-80.8581400683509,25.5126200064456],[-80.8581400674526,25.5119501058522],[-80.8579250673674,25.4979901023686]]]},"properties":{"OBJECTID":1322,"CATEGORY":3,"ZONEID":"C"}},{"type":"Feature","id":1323,"geometry":{"type":"Polygon","coordinates":[[[-80.7943999492628,25.5131167073928],[-80.7939301492338,25.4990200044081],[-80.7975700500015,25.4990100038429],[-80.8099051531376,25.49858000389],[-80.810010153618,25.513016608049],[-80.7978400503382,25.5131501081425],[-80.7943999492628,25.5131167073928]]]},"properties":{"OBJECTID":1323,"CATEGORY":3,"ZONEID":"C"}},{"type":"Feature","id":1324,"geometry":{"type":"Polygon","coordinates":[[[-80.810010153618,25.513016608049],[-80.8099051531376,25.49858000389],[-80.8136701541902,25.4987900025508],[-80.8260101585345,25.4986700027819],[-80.8259151589983,25.5125400060966],[-80.8137600548888,25.5130601071302],[-80.810010153618,25.513016608049]]]},"properties":{"OBJECTID":1324,"CATEGORY":3,"ZONEID":"C"}},{"type":"Feature","id":1325,"geometry":{"type":"Polygon","coordinates":[[[-80.8419351631079,25.498085002293],[-80.8420200619871,25.4823450990229],[-80.8460900626382,25.4825099989446],[-80.8579400674361,25.4825200990047],[-80.8579250673674,25.4979901023686],[-80.8460600642976,25.4982400024227],[-80.8419351631079,25.498085002293]]]},"properties":{"OBJECTID":1325,"CATEGORY":3,"ZONEID":"C"}},{"type":"Feature","id":1326,"geometry":{"type":"Polygon","coordinates":[[[-80.8260401577734,25.4825899990203],[-80.8299400588321,25.4828398994746],[-80.8420200619871,25.4823450990229],[-80.8419351631079,25.498085002293],[-80.829840059273,25.4986299031019],[-80.8260101585345,25.4986700027819],[-80.8260101576362,25.4980400026364],[-80.8260401577734,25.4825899990203]]]},"properties":{"OBJECTID":1326,"CATEGORY":3,"ZONEID":"C"}},{"type":"Feature","id":1327,"geometry":{"type":"Polygon","coordinates":[[[-80.8259151589983,25.5125400060966],[-80.8260101585345,25.4986700027819],[-80.829840059273,25.4986299031019],[-80.8419351631079,25.498085002293],[-80.8421600635258,25.5121101064723],[-80.8421401631473,25.5127300066356],[-80.829800158803,25.5127300066356],[-80.8259151589983,25.5125400060966]]]},"properties":{"OBJECTID":1327,"CATEGORY":3,"ZONEID":"C"}},{"type":"Feature","id":1328,"geometry":{"type":"Polygon","coordinates":[[[-80.8579250673674,25.4979901023686],[-80.8579400674361,25.4825200990047],[-80.8620701671762,25.4825299987658],[-80.8733900707351,25.482649998434],[-80.8734200717706,25.4980900018033],[-80.8619700679041,25.4982600020587],[-80.8579250673674,25.4979901023686]]]},"properties":{"OBJECTID":1328,"CATEGORY":3,"ZONEID":"C"}},{"type":"Feature","id":1329,"geometry":{"type":"Polygon","coordinates":[[[-80.8260101576361,25.4680899951243],[-80.8258899576612,25.4534499911411],[-80.8301000586656,25.4537199916276],[-80.8419401613342,25.4534100913261],[-80.8419101620952,25.4674700957957],[-80.8419101620952,25.468190095401],[-80.8300301589567,25.4684000952514],[-80.8260101576361,25.4680899951243]]]},"properties":{"OBJECTID":1329,"CATEGORY":3,"ZONEID":"C"}},{"type":"Feature","id":1330,"geometry":{"type":"Polygon","coordinates":[[[-80.8095900519837,25.4535132917475],[-80.8136701541901,25.4535399913706],[-80.8258899576612,25.4534499911411],[-80.8260101576361,25.4680899951243],[-80.8138401531711,25.4680899951243],[-80.8095667523802,25.4681033956304],[-80.8095900519837,25.4535132917475]]]},"properties":{"OBJECTID":1330,"CATEGORY":3,"ZONEID":"C"}},{"type":"Feature","id":1331,"geometry":{"type":"Polygon","coordinates":[[[-80.77752504365,25.4681799973813],[-80.7775000426373,25.4537833926707],[-80.7817300440202,25.4538400930392],[-80.7936900475246,25.4539000930052],[-80.7942100481066,25.4676899962637],[-80.7941999483479,25.4684600960681],[-80.7815800442324,25.4684099961749],[-80.77752504365,25.4681799973813]]]},"properties":{"OBJECTID":1331,"CATEGORY":3,"ZONEID":"C"}},{"type":"Feature","id":1332,"geometry":{"type":"Polygon","coordinates":[[[-80.7941999483479,25.4684600960681],[-80.7942100481066,25.4676899962637],[-80.7936900475246,25.4539000930052],[-80.7977100488453,25.4539199929494],[-80.8095900519837,25.4535132917475],[-80.8095667523802,25.4681033956304],[-80.7978100493027,25.4684800966041],[-80.7941999483479,25.4684600960681]]]},"properties":{"OBJECTID":1332,"CATEGORY":3,"ZONEID":"C"}},{"type":"Feature","id":1333,"geometry":{"type":"Polygon","coordinates":[[[-80.857970066675,25.4679199951831],[-80.8579299667789,25.4534749906708],[-80.8621200676919,25.4536899907924],[-80.8733199698035,25.4537449911013],[-80.873349970839,25.4681098951552],[-80.8620300681785,25.4680200947902],[-80.857970066675,25.4679199951831]]]},"properties":{"OBJECTID":1333,"CATEGORY":3,"ZONEID":"C"}},{"type":"Feature","id":1334,"geometry":{"type":"Polygon","coordinates":[[[-80.8419401613342,25.4534100913261],[-80.8461399622555,25.4536799913234],[-80.8579299667789,25.4534749906708],[-80.857970066675,25.4679199951831],[-80.8459901636904,25.4681199948028],[-80.8419101620952,25.468190095401],[-80.8419101620952,25.4674700957957],[-80.8419401613342,25.4534100913261]]]},"properties":{"OBJECTID":1334,"CATEGORY":3,"ZONEID":"C"}},{"type":"Feature","id":1335,"geometry":{"type":"Polygon","coordinates":[[[-80.7650175331495,25.2019200284912],[-80.7650827571273,25.1991074345371],[-80.7651109812952,25.1991075572738],[-80.7682699339413,25.1991213281699],[-80.7689999336872,25.1991550287373],[-80.7778998369561,25.199330227482],[-80.7785799361863,25.199049127268],[-80.7793400375792,25.1990470277376],[-80.7804558385868,25.199175628175],[-80.780585629874,25.2135789774111],[-80.7705570581294,25.2136735229866],[-80.7704686674987,25.2136743527826],[-80.7648918336884,25.2137266315426],[-80.7651304927032,25.2035147091049],[-80.7652267328128,25.2035000291863],[-80.7651270961731,25.20274752107],[-80.7650175331495,25.2019200284912]]]},"properties":{"OBJECTID":1335,"CATEGORY":1,"ZONEID":"A"}},{"type":"Feature","id":1337,"geometry":{"type":"Polygon","coordinates":[[[-80.8105500563749,25.5864699251474],[-80.7977400516773,25.5863700264055],[-80.794420151475,25.5864300265893],[-80.7943999501609,25.5855399257088],[-80.7941901504229,25.5717999222978],[-80.7980300521055,25.5717999222978],[-80.8103700555515,25.571690021667],[-80.8105400554308,25.5855499255408],[-80.8105500563749,25.5864699251474]]]},"properties":{"OBJECTID":1337,"CATEGORY":3,"ZONEID":"C"}},{"type":"Feature","id":1338,"geometry":{"type":"Polygon","coordinates":[[[-80.8103700555515,25.571690021667],[-80.7980300521055,25.5717999222978],[-80.7941901504229,25.5717999222978],[-80.7941701503314,25.5710300226053],[-80.7943401502107,25.5579200180674],[-80.7978100510991,25.5578900189392],[-80.81029995462,25.5579001183305],[-80.8103599557928,25.5709901213314],[-80.8103700555515,25.571690021667]]]},"properties":{"OBJECTID":1338,"CATEGORY":3,"ZONEID":"C"}},{"type":"Feature","id":1339,"geometry":{"type":"Polygon","coordinates":[[[-80.697340024509,25.6314100397577],[-80.6974000238852,25.6181400366283],[-80.7003501245159,25.6181599368789],[-80.7134001276164,25.6181500361644],[-80.7135100293049,25.6306000389853],[-80.7135199287393,25.6318300393152],[-80.7000100250442,25.6315099397424],[-80.697340024509,25.6314100397577]]]},"properties":{"OBJECTID":1339,"CATEGORY":4,"ZONEID":"D"}},{"type":"Feature","id":1340,"geometry":{"type":"Polygon","coordinates":[[[-80.7618500420165,25.6176000345133],[-80.748500038442,25.6174900350133],[-80.7456701368879,25.6176101353459],[-80.7456600371292,25.6166599348583],[-80.7456101375117,25.6034000319411],[-80.7486800383671,25.6034500317289],[-80.7617501421704,25.6028100312451],[-80.7618500429148,25.6166800346196],[-80.7618500420165,25.6176000345133]]]},"properties":{"OBJECTID":1340,"CATEGORY":4,"ZONEID":"D"}},{"type":"Feature","id":1341,"geometry":{"type":"Polygon","coordinates":[[[-80.729580032745,25.631569938331],[-80.7160900303267,25.6318900385528],[-80.7135199287393,25.6318300393152],[-80.7135100293049,25.6306000389853],[-80.7134001276164,25.6181500361644],[-80.7160201288212,25.6181500353544],[-80.7294801328989,25.6181700352342],[-80.7295800336433,25.6305100387403],[-80.729580032745,25.631569938331]]]},"properties":{"OBJECTID":1341,"CATEGORY":4,"ZONEID":"D"}},{"type":"Feature","id":1342,"geometry":{"type":"Polygon","coordinates":[[[-80.7782599481972,25.6312400380514],[-80.7648301436828,25.6313700379488],[-80.7618500438132,25.6313599374696],[-80.7618500429149,25.6303200379104],[-80.7618500420165,25.6176000345133],[-80.7650101427095,25.6176199348538],[-80.7783000462966,25.6173500341777],[-80.7782500469662,25.6303899376076],[-80.7782599481972,25.6312400380514]]]},"properties":{"OBJECTID":1342,"CATEGORY":4,"ZONEID":"D"}},{"type":"Feature","id":1343,"geometry":{"type":"Polygon","coordinates":[[[-80.6823401184898,25.6180100369121],[-80.6824082062968,25.608107844759],[-80.6824082242631,25.6081049957251],[-80.6824400192343,25.6034800332118],[-80.6973100234735,25.6030299324075],[-80.6974000238851,25.6173299353391],[-80.6974000238852,25.6181400366283],[-80.6823401184898,25.6180100369121]]]},"properties":{"OBJECTID":1343,"CATEGORY":4,"ZONEID":"D"}},{"type":"Feature","id":1344,"geometry":{"type":"Polygon","coordinates":[[[-80.6825505380654,25.5874101163475],[-80.6972233225738,25.5870533286344],[-80.6973100234735,25.6030299324075],[-80.6824400192343,25.6034800332118],[-80.6825057929811,25.5938720142003],[-80.6825500179408,25.5874101285008],[-80.6825505380654,25.5874101163475]]]},"properties":{"OBJECTID":1344,"CATEGORY":4,"ZONEID":"D"}},{"type":"Feature","id":1345,"geometry":{"type":"Polygon","coordinates":[[[-80.713610128577,25.6031799313625],[-80.7136200280114,25.6024400319595],[-80.713520127267,25.5870800285431],[-80.7164700284717,25.5870900274362],[-80.7294751319777,25.5867299274003],[-80.7296900332482,25.6024100310258],[-80.7296801329154,25.6031900317936],[-80.7164201288543,25.6031600318582],[-80.713610128577,25.6031799313625]]]},"properties":{"OBJECTID":1345,"CATEGORY":4,"ZONEID":"D"}},{"type":"Feature","id":1346,"geometry":{"type":"Polygon","coordinates":[[[-80.6971150225815,25.5581850209806],[-80.7003600239503,25.5584000209257],[-80.7133600268221,25.5583800215879],[-80.7134401277993,25.5722100249954],[-80.700320122582,25.5728500254929],[-80.6973801226084,25.5728800249259],[-80.6973900229411,25.572289923955],[-80.6971150225815,25.5581850209806]]]},"properties":{"OBJECTID":1346,"CATEGORY":4,"ZONEID":"D"}},{"type":"Feature","id":1347,"geometry":{"type":"Polygon","coordinates":[[[-80.7456101375117,25.6034000319411],[-80.7456101366134,25.6019200311817],[-80.7457950368484,25.5866899276514],[-80.7487600378347,25.5869700277003],[-80.7617700425489,25.5866999273873],[-80.7617400424116,25.6019401309913],[-80.7617501421704,25.6028100312451],[-80.7486800383671,25.6034500317289],[-80.7456101375117,25.6034000319411]]]},"properties":{"OBJECTID":1347,"CATEGORY":4,"ZONEID":"D"}},{"type":"Feature","id":1348,"geometry":{"type":"Polygon","coordinates":[[[-80.7617700425489,25.5866999273873],[-80.7650001435621,25.586630027255],[-80.7778066466267,25.5866000264067],[-80.7783300464338,25.6019500306181],[-80.7783300473321,25.6026500301838],[-80.765029943375,25.6026500309939],[-80.7617501421704,25.6028100312451],[-80.7617400424116,25.6019401309913],[-80.7617700425489,25.5866999273873]]]},"properties":{"OBJECTID":1348,"CATEGORY":3,"ZONEID":"C"}},{"type":"Feature","id":1349,"geometry":{"type":"Polygon","coordinates":[[[-80.7616150409415,25.5717399236935],[-80.7650800424184,25.5719600229603],[-80.77810004628,25.5718299236145],[-80.7778066466267,25.5866000264067],[-80.7650001435621,25.586630027255],[-80.7617700425489,25.5866999273873],[-80.7617801414093,25.5859700271117],[-80.7616150409415,25.5717399236935]]]},"properties":{"OBJECTID":1349,"CATEGORY":3,"ZONEID":"C"}},{"type":"Feature","id":1350,"geometry":{"type":"Polygon","coordinates":[[[-80.7294751319777,25.5867299274003],[-80.729540132275,25.5721399235449],[-80.7326600333591,25.5720899236365],[-80.745380137358,25.5720834240683],[-80.7457950368484,25.5866899276514],[-80.7327100335878,25.5870000276456],[-80.7294751319777,25.5867299274003]]]},"properties":{"OBJECTID":1350,"CATEGORY":3,"ZONEID":"C"}},{"type":"Feature","id":1351,"geometry":{"type":"Polygon","coordinates":[[[-80.713520127267,25.5870800285431],[-80.7135201281653,25.5861900281041],[-80.7134401277993,25.5722100249954],[-80.7163601276815,25.5723600245073],[-80.729540132275,25.5721399235449],[-80.7294751319777,25.5867299274003],[-80.7164700284717,25.5870900274362],[-80.713520127267,25.5870800285431]]]},"properties":{"OBJECTID":1351,"CATEGORY":4,"ZONEID":"D"}},{"type":"Feature","id":1352,"geometry":{"type":"Polygon","coordinates":[[[-80.6972233225738,25.5870533286344],[-80.6973801226084,25.5728800249259],[-80.700320122582,25.5728500254929],[-80.7134401277993,25.5722100249954],[-80.7135201281653,25.5861900281041],[-80.713520127267,25.5870800285431],[-80.7002801232974,25.5870600283238],[-80.6972233225738,25.5870533286344]]]},"properties":{"OBJECTID":1352,"CATEGORY":4,"ZONEID":"D"}},{"type":"Feature","id":1353,"geometry":{"type":"Polygon","coordinates":[[[-80.7134401277993,25.5722100249954],[-80.7133600268221,25.5583800215879],[-80.7165399272823,25.5583699198059],[-80.7294201317261,25.5582501206289],[-80.729540132275,25.5714100236144],[-80.729540132275,25.5721399235449],[-80.7163601276815,25.5723600245073],[-80.7134401277993,25.5722100249954]]]},"properties":{"OBJECTID":1353,"CATEGORY":3,"ZONEID":"C"}},{"type":"Feature","id":1354,"geometry":{"type":"Polygon","coordinates":[[[-80.7294201317261,25.5582501206289],[-80.7326000321863,25.5582201199626],[-80.7453500366095,25.5580000197579],[-80.745380137358,25.5720834240683],[-80.7326600333591,25.5720899236365],[-80.729540132275,25.5721399235449],[-80.729540132275,25.5714100236144],[-80.7294201317261,25.5582501206289]]]},"properties":{"OBJECTID":1354,"CATEGORY":3,"ZONEID":"C"}},{"type":"Feature","id":1355,"geometry":{"type":"Polygon","coordinates":[[[-80.6973100234735,25.6030299324075],[-80.6972233225738,25.5870533286344],[-80.7002801232974,25.5870600283238],[-80.713520127267,25.5870800285431],[-80.7136200280114,25.6024400319595],[-80.713610128577,25.6031799313625],[-80.7002400242997,25.603250032452],[-80.6973100234735,25.6030299324075]]]},"properties":{"OBJECTID":1355,"CATEGORY":4,"ZONEID":"D"}},{"type":"Feature","id":1356,"geometry":{"type":"Polygon","coordinates":[[[-80.7457950368484,25.5866899276514],[-80.745380137358,25.5720834240683],[-80.7487900370736,25.5722301241241],[-80.7616150409415,25.5717399236935],[-80.7617801414093,25.5859700271117],[-80.7617700425489,25.5866999273873],[-80.7487600378347,25.5869700277003],[-80.7457950368484,25.5866899276514]]]},"properties":{"OBJECTID":1356,"CATEGORY":3,"ZONEID":"C"}},{"type":"Feature","id":1357,"geometry":{"type":"Polygon","coordinates":[[[-80.6826501181112,25.5730800247348],[-80.6973801226084,25.5728800249259],[-80.6972233225738,25.5870533286344],[-80.6825505380654,25.5874101163475],[-80.6825500179408,25.5874101285008],[-80.6826073205745,25.5792077130944],[-80.6826073376425,25.5792052409583],[-80.6826501181112,25.5730800247348]]]},"properties":{"OBJECTID":1357,"CATEGORY":4,"ZONEID":"D"}},{"type":"Feature","id":1358,"geometry":{"type":"Polygon","coordinates":[[[-80.6827516142636,25.5584999859588],[-80.6971150225815,25.5581850209806],[-80.6973900229411,25.572289923955],[-80.6973801226084,25.5728800249259],[-80.6826501181112,25.5730800247348],[-80.6827089577623,25.5644934200725],[-80.6827089658472,25.5644922628636],[-80.6827500179573,25.5585000216168],[-80.6827516142636,25.5584999859588]]]},"properties":{"OBJECTID":1358,"CATEGORY":4,"ZONEID":"D"}},{"type":"Feature","id":1359,"geometry":{"type":"Polygon","coordinates":[[[-80.6974000238852,25.6181400366283],[-80.6974000238851,25.6173299353391],[-80.6973100234735,25.6030299324075],[-80.7002400242997,25.603250032452],[-80.713610128577,25.6031799313625],[-80.713390028756,25.6168999361878],[-80.7134001276164,25.6181500361644],[-80.7003501245159,25.6181599368789],[-80.6974000238852,25.6181400366283]]]},"properties":{"OBJECTID":1359,"CATEGORY":4,"ZONEID":"D"}},{"type":"Feature","id":1360,"geometry":{"type":"Polygon","coordinates":[[[-80.7296801329154,25.6031900317936],[-80.7296900332482,25.6024100310258],[-80.7294751319777,25.5867299274003],[-80.7327100335878,25.5870000276456],[-80.7457950368484,25.5866899276514],[-80.7456101366134,25.6019200311817],[-80.7456101375117,25.6034000319411],[-80.7325400337084,25.6031900326037],[-80.7296801329154,25.6031900317936]]]},"properties":{"OBJECTID":1360,"CATEGORY":4,"ZONEID":"D"}},{"type":"Feature","id":1361,"geometry":{"type":"Polygon","coordinates":[[[-80.8580900681222,25.5276801101354],[-80.8459901645886,25.5280600102875],[-80.8419200633263,25.5280700100542],[-80.8419000641331,25.5270900095015],[-80.8421401631473,25.5127300066356],[-80.8462301638899,25.5127300066356],[-80.8581400683509,25.5126200064456],[-80.8580801686878,25.5269301099129],[-80.8580900681222,25.5276801101354]]]},"properties":{"OBJECTID":1361,"CATEGORY":3,"ZONEID":"C"}},{"type":"Feature","id":1362,"geometry":{"type":"Polygon","coordinates":[[[-80.7941101491588,25.5283800121358],[-80.7941200494915,25.527430011146],[-80.7943999492628,25.5131167073928],[-80.7978400503382,25.5131501081425],[-80.810010153618,25.513016608049],[-80.8101100534641,25.5271700106903],[-80.8100900533726,25.5282499116808],[-80.79758995038,25.5284199113853],[-80.7941101491588,25.5283800121358]]]},"properties":{"OBJECTID":1362,"CATEGORY":3,"ZONEID":"C"}},{"type":"Feature","id":1363,"geometry":{"type":"Polygon","coordinates":[[[-80.8421401640457,25.5425600136751],[-80.8297199608076,25.5425501148103],[-80.8258899585595,25.5426301137926],[-80.8258899585595,25.5418200135274],[-80.8260301586259,25.5281301107745],[-80.8298700603085,25.5281000109705],[-80.8419200633263,25.5280700100542],[-80.8421500643784,25.5417701136277],[-80.8421401640457,25.5425600136751]]]},"properties":{"OBJECTID":1363,"CATEGORY":3,"ZONEID":"C"}},{"type":"Feature","id":1364,"geometry":{"type":"Polygon","coordinates":[[[-80.8582100686711,25.5425799143381],[-80.8459000653623,25.5425699141601],[-80.8421401640457,25.5425600136751],[-80.8421500643784,25.5417701136277],[-80.8419200633263,25.5280700100542],[-80.8459901645886,25.5280600102875],[-80.8580900681222,25.5276801101354],[-80.8582000686253,25.5416700130613],[-80.8582100686711,25.5425799143381]]]},"properties":{"OBJECTID":1364,"CATEGORY":3,"ZONEID":"C"}},{"type":"Feature","id":1365,"geometry":{"type":"Polygon","coordinates":[[[-80.8582100686711,25.5425799143381],[-80.8582000686253,25.5416700130613],[-80.8580900681222,25.5276801101354],[-80.8618900693348,25.5275599098351],[-80.8736500728227,25.5275599090244],[-80.8736500719243,25.5282300094505],[-80.8737000739497,25.5423667129238],[-80.8618300699586,25.5425900133986],[-80.8582100686711,25.5425799143381]]]},"properties":{"OBJECTID":1365,"CATEGORY":3,"ZONEID":"C"}},{"type":"Feature","id":1366,"geometry":{"type":"Polygon","coordinates":[[[-80.7778901450325,25.528253411918],[-80.7778301447582,25.5131700071988],[-80.781490044719,25.5133201081591],[-80.7943999492628,25.5131167073928],[-80.7941200494915,25.527430011146],[-80.7941101491588,25.5283800121358],[-80.781540145559,25.5282201110241],[-80.7778901450325,25.528253411918]]]},"properties":{"OBJECTID":1366,"CATEGORY":3,"ZONEID":"C"}},{"type":"Feature","id":1367,"geometry":{"type":"Polygon","coordinates":[[[-80.8736500728227,25.5275599090244],[-80.8618900693348,25.5275599098351],[-80.8580900681222,25.5276801101354],[-80.8580801686878,25.5269301099129],[-80.8581400683509,25.5126200064456],[-80.8620199684198,25.5125799057483],[-80.8735400732178,25.5125000059021],[-80.8735799718912,25.5157500068296],[-80.8736500728227,25.5275599090244]]]},"properties":{"OBJECTID":1367,"CATEGORY":3,"ZONEID":"C"}},{"type":"Feature","id":1368,"geometry":{"type":"Polygon","coordinates":[[[-80.8259151589983,25.5125400060966],[-80.829800158803,25.5127300066356],[-80.8421401631473,25.5127300066356],[-80.8419000641331,25.5270900095015],[-80.8419200633263,25.5280700100542],[-80.8298700603085,25.5281000109705],[-80.8260301586259,25.5281301107745],[-80.8260401577733,25.5272500102046],[-80.8259151589983,25.5125400060966]]]},"properties":{"OBJECTID":1368,"CATEGORY":3,"ZONEID":"C"}},{"type":"Feature","id":1369,"geometry":{"type":"Polygon","coordinates":[[[-80.810010153618,25.513016608049],[-80.8137600548888,25.5130601071302],[-80.8259151589983,25.5125400060966],[-80.8260401577733,25.5272500102046],[-80.8260301586259,25.5281301107745],[-80.8138300543106,25.5282000101879],[-80.8100900533726,25.5282499116808],[-80.8101100534641,25.5271700106903],[-80.810010153618,25.513016608049]]]},"properties":{"OBJECTID":1369,"CATEGORY":3,"ZONEID":"C"}},{"type":"Feature","id":1370,"geometry":{"type":"Polygon","coordinates":[[[-80.8258899585595,25.5426301137926],[-80.8138701560032,25.5428800149312],[-80.8099200543915,25.5428601151285],[-80.809900154013,25.541980014034],[-80.8100900533726,25.5282499116808],[-80.8138300543106,25.5282000101879],[-80.8260301586259,25.5281301107745],[-80.8258899585595,25.5418200135274],[-80.8258899585595,25.5426301137926]]]},"properties":{"OBJECTID":1370,"CATEGORY":3,"ZONEID":"C"}},{"type":"Feature","id":1371,"geometry":{"type":"Polygon","coordinates":[[[-80.8579400674361,25.4825200990047],[-80.8579400665378,25.4818800981578],[-80.857970066675,25.4679199951831],[-80.8620300681785,25.4680200947902],[-80.873349970839,25.4681098951552],[-80.8733900707351,25.482649998434],[-80.8620701671762,25.4825299987658],[-80.8579400674361,25.4825200990047]]]},"properties":{"OBJECTID":1371,"CATEGORY":3,"ZONEID":"C"}},{"type":"Feature","id":1372,"geometry":{"type":"Polygon","coordinates":[[[-80.8099051531376,25.49858000389],[-80.8099100534475,25.4827500995665],[-80.8139501545726,25.4827099986287],[-80.8260401577734,25.4825899990203],[-80.8260101576362,25.4980400026364],[-80.8260101585345,25.4986700027819],[-80.8136701541902,25.4987900025508],[-80.8099051531376,25.49858000389]]]},"properties":{"OBJECTID":1372,"CATEGORY":3,"ZONEID":"C"}},{"type":"Feature","id":1373,"geometry":{"type":"Polygon","coordinates":[[[-80.7940001486556,25.4826051000393],[-80.7976499497561,25.4828699992717],[-80.8099100534475,25.4827500995665],[-80.8099051531376,25.49858000389],[-80.7975700500015,25.4990100038429],[-80.7939301492338,25.4990200044081],[-80.7939000484852,25.4980700037607],[-80.7940001486556,25.4826051000393]]]},"properties":{"OBJECTID":1373,"CATEGORY":3,"ZONEID":"C"}},{"type":"Feature","id":1374,"geometry":{"type":"Polygon","coordinates":[[[-80.8420200619871,25.4823450990229],[-80.8419101620952,25.468190095401],[-80.8459901636904,25.4681199948028],[-80.857970066675,25.4679199951831],[-80.8579400665378,25.4818800981578],[-80.8579400674361,25.4825200990047],[-80.8460900626382,25.4825099989446],[-80.8420200619871,25.4823450990229]]]},"properties":{"OBJECTID":1374,"CATEGORY":3,"ZONEID":"C"}},{"type":"Feature","id":1375,"geometry":{"type":"Polygon","coordinates":[[[-80.7779250445813,25.5426051149776],[-80.7778901450325,25.528253411918],[-80.781540145559,25.5282201110241],[-80.7941101491588,25.5283800121358],[-80.7940400500239,25.5421800151775],[-80.7940501497826,25.5428099157704],[-80.7813901457711,25.5428500152803],[-80.7779250445813,25.5426051149776]]]},"properties":{"OBJECTID":1375,"CATEGORY":3,"ZONEID":"C"}},{"type":"Feature","id":1376,"geometry":{"type":"Polygon","coordinates":[[[-80.81096015976,25.7201900593893],[-80.7975100551167,25.7202200598437],[-80.7948700538204,25.7202600593589],[-80.7948801544775,25.7188700594185],[-80.7947201537456,25.7055699553593],[-80.7974000555119,25.705550056739],[-80.8106799590531,25.7052299551152],[-80.8109700582961,25.7191199594581],[-80.81096015976,25.7201900593893]]]},"properties":{"OBJECTID":1376,"CATEGORY":5,"ZONEID":"E"}},{"type":"Feature","id":1377,"geometry":{"type":"Polygon","coordinates":[[[-80.7948700538204,25.7202600593589],[-80.7810000505622,25.7204500601092],[-80.7784800489165,25.7204099603032],[-80.7784800498148,25.7190899603448],[-80.7784301492991,25.7056599564279],[-80.7812000496805,25.7056499569421],[-80.7947201537456,25.7055699553593],[-80.7948801544775,25.7188700594185],[-80.7948700538204,25.7202600593589]]]},"properties":{"OBJECTID":1377,"CATEGORY":5,"ZONEID":"E"}},{"type":"Feature","id":1378,"geometry":{"type":"Polygon","coordinates":[[[-80.7133199269262,25.543193316432],[-80.7166201270743,25.5432301170213],[-80.7294300302623,25.5428949162761],[-80.7294100319674,25.5576600197007],[-80.7294201317262,25.5582501206289],[-80.7165399272824,25.5583699198058],[-80.7133600268222,25.5583800215879],[-80.7133600268222,25.557810020417],[-80.7133199269262,25.543193316432]]]},"properties":{"OBJECTID":1378,"CATEGORY":3,"ZONEID":"C"}},{"type":"Feature","id":1379,"geometry":{"type":"Polygon","coordinates":[[[-80.745380137358,25.5720834240683],[-80.7453500366095,25.5580000197579],[-80.7486500364333,25.5582501198185],[-80.7616000417713,25.558120019357],[-80.7616150409415,25.5717399236935],[-80.7487900370736,25.5722301241241],[-80.745380137358,25.5720834240683]]]},"properties":{"OBJECTID":1379,"CATEGORY":3,"ZONEID":"C"}},{"type":"Feature","id":1380,"geometry":{"type":"Polygon","coordinates":[[[-80.7616150409415,25.5717399236935],[-80.7616000417713,25.558120019357],[-80.7652001426803,25.5580900194685],[-80.7781701454149,25.5580499193843],[-80.7781100454275,25.5711800227852],[-80.77810004628,25.5718299236145],[-80.7650800424184,25.5719600229603],[-80.7616150409415,25.5717399236935]]]},"properties":{"OBJECTID":1380,"CATEGORY":3,"ZONEID":"C"}},{"type":"Feature","id":1381,"geometry":{"type":"Polygon","coordinates":[[[-80.6971150225816,25.5581850209806],[-80.6971900220263,25.5432466174668],[-80.7003101225364,25.5433801171567],[-80.7133199269262,25.543193316432],[-80.7133600268222,25.557810020417],[-80.7133600268222,25.5583800215879],[-80.7003600239504,25.5584000209257],[-80.6971150225816,25.5581850209806]]]},"properties":{"OBJECTID":1381,"CATEGORY":4,"ZONEID":"D"}},{"type":"Feature","id":1382,"geometry":{"type":"Polygon","coordinates":[[[-80.6828610416417,25.5434101069487],[-80.6971900220263,25.5432466174668],[-80.6971150225816,25.5581850209806],[-80.6827516142637,25.5584999859587],[-80.6827500179574,25.5585000216168],[-80.6828143328402,25.5496860772784],[-80.6828601181736,25.5434101174854],[-80.6828610416417,25.5434101069487]]]},"properties":{"OBJECTID":1382,"CATEGORY":4,"ZONEID":"D"}},{"type":"Feature","id":1383,"geometry":{"type":"Polygon","coordinates":[[[-80.7453500366096,25.5580000197579],[-80.7451051361002,25.5427550153907],[-80.74852013645,25.5430001155847],[-80.7613600415719,25.5429600161249],[-80.7616000408731,25.5575400196409],[-80.7616000417714,25.558120019357],[-80.7486500364333,25.5582501198185],[-80.7453500366096,25.5580000197579]]]},"properties":{"OBJECTID":1383,"CATEGORY":3,"ZONEID":"C"}},{"type":"Feature","id":1384,"geometry":{"type":"Polygon","coordinates":[[[-80.7294300302623,25.5428949162761],[-80.7325301315792,25.5430800161944],[-80.7451051361002,25.5427550153907],[-80.7453500366096,25.5580000197579],[-80.7326000321864,25.5582201199626],[-80.7294201317262,25.5582501206289],[-80.7294100319674,25.5576600197007],[-80.7294300302623,25.5428949162761]]]},"properties":{"OBJECTID":1384,"CATEGORY":3,"ZONEID":"C"}},{"type":"Feature","id":1385,"geometry":{"type":"Polygon","coordinates":[[[-80.7456701368879,25.6176101353459],[-80.7322101337086,25.6181700352342],[-80.7294801328989,25.6181700352342],[-80.7294801328989,25.617159935464],[-80.7296801329154,25.6031900317936],[-80.7325400337084,25.6031900326037],[-80.7456101375117,25.6034000319411],[-80.7456600371292,25.6166599348583],[-80.7456701368879,25.6176101353459]]]},"properties":{"OBJECTID":1385,"CATEGORY":4,"ZONEID":"D"}},{"type":"Feature","id":1386,"geometry":{"type":"Polygon","coordinates":[[[-80.7294801328989,25.6181700352342],[-80.7160201288212,25.6181500353544],[-80.7134001276164,25.6181500361644],[-80.713390028756,25.6168999361878],[-80.713610128577,25.6031799313625],[-80.7164201288543,25.6031600318582],[-80.7296801329154,25.6031900317936],[-80.7294801328989,25.617159935464],[-80.7294801328989,25.6181700352342]]]},"properties":{"OBJECTID":1386,"CATEGORY":4,"ZONEID":"D"}},{"type":"Feature","id":1387,"geometry":{"type":"Polygon","coordinates":[[[-80.7457700376324,25.6313299389362],[-80.7322600342243,25.6315099389325],[-80.729580032745,25.631569938331],[-80.7295800336433,25.6305100387403],[-80.7294801328989,25.6181700352342],[-80.7322101337086,25.6181700352342],[-80.7456701368879,25.6176101353459],[-80.7457901383351,25.6305899376311],[-80.7457700376324,25.6313299389362]]]},"properties":{"OBJECTID":1387,"CATEGORY":4,"ZONEID":"D"}},{"type":"Feature","id":1388,"geometry":{"type":"Polygon","coordinates":[[[-80.7618500438132,25.6313599374696],[-80.748760038733,25.6312900383402],[-80.7457700376324,25.6313299389362],[-80.7457901383351,25.6305899376311],[-80.7456701368879,25.6176101353459],[-80.748500038442,25.6174900350133],[-80.7618500420165,25.6176000345133],[-80.7618500429149,25.6303200379104],[-80.7618500438132,25.6313599374696]]]},"properties":{"OBJECTID":1388,"CATEGORY":4,"ZONEID":"D"}},{"type":"Feature","id":1391,"geometry":{"type":"Polygon","coordinates":[[[-80.447005101115,25.6253526948341],[-80.455127650846,25.6250876187389],[-80.4633308854592,25.6248191466959],[-80.4635641842267,25.6322541517449],[-80.4637968254275,25.6396665020874],[-80.4557107167543,25.6398808656302],[-80.4476424818603,25.6400943225567],[-80.4473249929844,25.6327518857519],[-80.447005101115,25.6253526948341]]]},"properties":{"OBJECTID":1391,"CATEGORY":4,"ZONEID":"D"}},{"type":"Feature","id":1392,"geometry":{"type":"Polygon","coordinates":[[[-80.4633308854592,25.6248191466959],[-80.4714566430741,25.6244382769748],[-80.4795204187311,25.6240598448496],[-80.479600538573,25.6263302981248],[-80.4797508024655,25.6305883663812],[-80.4797747713139,25.6312675388202],[-80.4797782567772,25.6313662920811],[-80.4799901441999,25.6373707799148],[-80.4800070361205,25.6378494265556],[-80.4800360975183,25.6386722955422],[-80.4719371348517,25.6391683749664],[-80.4637968254275,25.6396665020874],[-80.4635641842267,25.6322541517449],[-80.4633308854592,25.6248191466959]]]},"properties":{"OBJECTID":1392,"CATEGORY":4,"ZONEID":"D"}},{"type":"Feature","id":1393,"geometry":{"type":"Polygon","coordinates":[[[-80.6211286158912,25.2878437622856],[-80.620977905536,25.273581554543],[-80.6371168735387,25.2736864276799],[-80.6372374696707,25.287889391068],[-80.6211286158912,25.2878437622856]]]},"properties":{"OBJECTID":1393,"CATEGORY":1,"ZONEID":"A"}},{"type":"Feature","id":1394,"geometry":{"type":"Polygon","coordinates":[[[-80.4770198269837,25.3602411855346],[-80.4850452131369,25.3602178461801],[-80.4930706154598,25.360194066854],[-80.493093053579,25.3673906297408],[-80.4931154872066,25.3745871885663],[-80.4850444360942,25.3746521165485],[-80.4769734379824,25.3747166053933],[-80.4769733858802,25.3747166045816],[-80.4769966055336,25.3674788979239],[-80.4770198269837,25.3602411855346]]]},"properties":{"OBJECTID":1394,"CATEGORY":2,"ZONEID":"B"}},{"type":"Feature","id":1395,"geometry":{"type":"Polygon","coordinates":[[[-80.4287360254527,25.3379136101165],[-80.4287562474279,25.3306041960606],[-80.4287597849935,25.3306042139234],[-80.4368673984363,25.3306471699188],[-80.4405520541698,25.3306665486255],[-80.4449785593262,25.3306897044993],[-80.4449501348339,25.3380184202854],[-80.4449216977654,25.3453471314311],[-80.4368187340025,25.3452852987065],[-80.4287157846127,25.3452230234931],[-80.4287360254527,25.3379136101165]]]},"properties":{"OBJECTID":1395,"CATEGORY":1,"ZONEID":"A"}},{"type":"Feature","id":1396,"geometry":{"type":"Polygon","coordinates":[[[-80.3794799162041,25.4481799620442],[-80.3875917023214,25.4481497091812],[-80.3957035001168,25.4481189006687],[-80.3957145341234,25.455578891641],[-80.3957289925079,25.4629276211291],[-80.3876319764905,25.462949866777],[-80.3795342040917,25.462972276254],[-80.3795073085321,25.4556228949308],[-80.3794799162041,25.4481799620442]]]},"properties":{"OBJECTID":1396,"CATEGORY":2,"ZONEID":"B"}},{"type":"Feature","id":1398,"geometry":{"type":"Polygon","coordinates":[[[-80.3714174628673,25.4334932996472],[-80.3794317188942,25.4335226419083],[-80.3794799162041,25.4481799620442],[-80.3713861278335,25.4482111339387],[-80.3632923744972,25.4482419156595],[-80.3633477753975,25.4408468905278],[-80.3634030999408,25.4334635785231],[-80.3714174628673,25.4334932996472]]]},"properties":{"OBJECTID":1398,"CATEGORY":2,"ZONEID":"B"}},{"type":"Feature","id":1399,"geometry":{"type":"Polygon","coordinates":[[[-80.3794317188942,25.4335226419083],[-80.3875824388942,25.4335036236718],[-80.395732950485,25.4334841332821],[-80.3957193032793,25.4408020487297],[-80.3957035001168,25.4481189006687],[-80.3875917023214,25.4481497091812],[-80.3794799162041,25.4481799620442],[-80.3794317188942,25.4335226419083]]]},"properties":{"OBJECTID":1399,"CATEGORY":2,"ZONEID":"B"}},{"type":"Feature","id":1401,"geometry":{"type":"Polygon","coordinates":[[[-80.3635059759055,25.4186851834255],[-80.3636183668256,25.4186851899163],[-80.3715985829915,25.4186854430588],[-80.3736233685739,25.4186854349453],[-80.3737538901914,25.4186854333226],[-80.3796887745076,25.4186852361635],[-80.3796907040889,25.4186852353521],[-80.3796913796219,25.4186852458998],[-80.3796363075052,25.4218330351561],[-80.3795615847415,25.4261039811681],[-80.3794450436047,25.4327616651065],[-80.3794327663297,25.4334628759765],[-80.3794317188942,25.4335226419083],[-80.3714174628673,25.4334932996472],[-80.3634030999408,25.4334635785231],[-80.3634544898633,25.4260810674996],[-80.3635054378146,25.4187613184453],[-80.3635059759055,25.4186851834255]]]},"properties":{"OBJECTID":1401,"CATEGORY":2,"ZONEID":"B"}},{"type":"Feature","id":1402,"geometry":{"type":"Polygon","coordinates":[[[-80.3796913796219,25.4186852458998],[-80.3877822331965,25.4186610342767],[-80.3958730625165,25.4186363966877],[-80.3958029427204,25.4260602218421],[-80.395732950485,25.4334841332821],[-80.3875824388942,25.4335036236718],[-80.3794317188942,25.4335226419083],[-80.3794327663297,25.4334628759765],[-80.3794450436047,25.4327616651065],[-80.3795615847415,25.4261039811681],[-80.3796363075052,25.4218330351561],[-80.3796913796219,25.4186852458998]]]},"properties":{"OBJECTID":1402,"CATEGORY":2,"ZONEID":"B"}},{"type":"Feature","id":1404,"geometry":{"type":"Polygon","coordinates":[[[-80.3636446632089,25.4037833615467],[-80.379811255305,25.4038408668758],[-80.3797769432544,25.408089301034],[-80.3797312306846,25.4137513309091],[-80.3796913796219,25.4186852458998],[-80.3796907040889,25.4186852353521],[-80.3796887745076,25.4186852361635],[-80.3737538901914,25.4186854333226],[-80.3736233685739,25.4186854349453],[-80.3715985829915,25.4186854430588],[-80.3636183668256,25.4186851899163],[-80.3635059759055,25.4186851834255],[-80.3636446632089,25.4037833615467]]]},"properties":{"OBJECTID":1404,"CATEGORY":1,"ZONEID":"A"}},{"type":"Feature","id":1405,"geometry":{"type":"Polygon","coordinates":[[[-80.3336009756556,25.6291008378696],[-80.335627334188,25.6290515510252],[-80.3376536909239,25.6290022366227],[-80.3396800485581,25.6289528922323],[-80.3417064034972,25.6289035210936],[-80.343732514993,25.6288535513931],[-80.3457586264888,25.6288035533239],[-80.3477847290014,25.6287535252663],[-80.3498108360056,25.6287034704598],[-80.3498860016387,25.630544372997],[-80.3499611699667,25.6323852755039],[-80.3500363355998,25.6342261771677],[-80.3501115066228,25.6360670787956],[-80.3501707828551,25.6379055710127],[-80.3502300563925,25.6397440656923],[-80.3502893308283,25.6415825555427],[-80.3503486070605,25.6434210494697],[-80.3483392841791,25.6434729088978],[-80.3463299648909,25.6435247415789],[-80.3443206411112,25.6435765458932],[-80.3423113164331,25.6436283226507],[-80.3402601203814,25.6436839201815],[-80.338208922533,25.6437394917718],[-80.3361577246846,25.6437950333723],[-80.334106520548,25.6438505474127],[-80.3340791048638,25.6419866261031],[-80.334051690078,25.6401227016018],[-80.3340242716989,25.6382587755313],[-80.3339968569131,25.6363948495141],[-80.33389788323,25.6345713486886],[-80.3337989113436,25.6327478467409],[-80.3336999430504,25.630924340434],[-80.3336009756556,25.6291008378696]]]},"properties":{"OBJECTID":1405,"CATEGORY":4,"ZONEID":"D"}},{"type":"Feature","id":1406,"geometry":{"type":"Polygon","coordinates":[[[-80.8577100654856,25.4230050835618],[-80.8576166649506,25.4087232790868],[-80.8619200667771,25.408789979516],[-80.8732200690591,25.408710079697],[-80.8732500700947,25.4231600830704],[-80.8618399666982,25.4232400836548],[-80.8577100654856,25.4230050835618]]]},"properties":{"OBJECTID":1406,"CATEGORY":2,"ZONEID":"B"}},{"type":"Feature","id":1407,"geometry":{"type":"Polygon","coordinates":[[[-80.8420700604192,25.4087666803775],[-80.8418467607991,25.3941699762823],[-80.8462301611949,25.3941999765168],[-80.8574300642049,25.3940133757163],[-80.8576166649506,25.4087232790868],[-80.8460801614071,25.4088199801726],[-80.8420700604192,25.4087666803775]]]},"properties":{"OBJECTID":1407,"CATEGORY":2,"ZONEID":"B"}},{"type":"Feature","id":1408,"geometry":{"type":"Polygon","coordinates":[[[-80.8099200543915,25.5428601151285],[-80.7978801511324,25.5428001158093],[-80.7940501497826,25.5428099157704],[-80.7940400500239,25.5421800151775],[-80.7941101491588,25.5283800121358],[-80.79758995038,25.5284199113853],[-80.8100900533726,25.5282499116808],[-80.809900154013,25.541980014034],[-80.8099200543915,25.5428601151285]]]},"properties":{"OBJECTID":1408,"CATEGORY":3,"ZONEID":"C"}},{"type":"Feature","id":1409,"geometry":{"type":"Polygon","coordinates":[[[-80.7614399395299,25.528840012284],[-80.7650001417656,25.5289101123153],[-80.7778901450325,25.528253411918],[-80.7779250445813,25.5426051149776],[-80.7649500418239,25.5429499154747],[-80.7613600415719,25.5429600161249],[-80.7613501403408,25.5423900161811],[-80.7614399395299,25.528840012284]]]},"properties":{"OBJECTID":1409,"CATEGORY":3,"ZONEID":"C"}},{"type":"Feature","id":1410,"geometry":{"type":"Polygon","coordinates":[[[-80.7614399395299,25.528840012284],[-80.7614399404282,25.5279901116032],[-80.761326640413,25.513086707595],[-80.7650400404389,25.513130008025],[-80.7778301447582,25.5131700071988],[-80.7778901450325,25.528253411918],[-80.7650001417656,25.5289101123153],[-80.7614399395299,25.528840012284]]]},"properties":{"OBJECTID":1410,"CATEGORY":3,"ZONEID":"C"}},{"type":"Feature","id":1411,"geometry":{"type":"Polygon","coordinates":[[[-80.6830273593267,25.5203088874264],[-80.683070015828,25.5139501100319],[-80.6968101208994,25.5137301101654],[-80.697050021386,25.5288200136887],[-80.6829701177785,25.5288400139052],[-80.6830273593267,25.5203088874264]]]},"properties":{"OBJECTID":1411,"CATEGORY":3,"ZONEID":"C"}},{"type":"Feature","id":1412,"geometry":{"type":"Polygon","coordinates":[[[-80.6969100207456,25.4994167060633],[-80.7000900218171,25.4995300061799],[-80.7132001258034,25.4991367062551],[-80.7130500263025,25.5135734088804],[-80.7002400216049,25.5136800096847],[-80.6968101208994,25.5137301101654],[-80.6969100207456,25.4994167060633]]]},"properties":{"OBJECTID":1412,"CATEGORY":3,"ZONEID":"C"}},{"type":"Feature","id":1413,"geometry":{"type":"Polygon","coordinates":[[[-80.7130500263025,25.5135734088804],[-80.7132001258034,25.4991367062551],[-80.7165101256729,25.499200105249],[-80.7295634291837,25.4988033047699],[-80.7293601305535,25.5133734086856],[-80.7166001269828,25.5135799091892],[-80.7130500263025,25.5135734088804]]]},"properties":{"OBJECTID":1413,"CATEGORY":3,"ZONEID":"C"}},{"type":"Feature","id":1414,"geometry":{"type":"Polygon","coordinates":[[[-80.7456367339326,25.4988734053156],[-80.7454101348005,25.4831700010183],[-80.7488901354476,25.4831100010532],[-80.7614500383903,25.4828567009652],[-80.761290139168,25.4987800052098],[-80.7490500355681,25.4989500052996],[-80.7456367339326,25.4988734053156]]]},"properties":{"OBJECTID":1414,"CATEGORY":3,"ZONEID":"C"}},{"type":"Feature","id":1415,"geometry":{"type":"Polygon","coordinates":[[[-80.6831220103167,25.505597172395],[-80.6831600162397,25.4994899059762],[-80.683164994703,25.4994898800303],[-80.6969100207456,25.4994167060633],[-80.6968101208994,25.5137301101654],[-80.683070015828,25.5139501100319],[-80.6831220103167,25.505597172395]]]},"properties":{"OBJECTID":1415,"CATEGORY":3,"ZONEID":"C"}},{"type":"Feature","id":1416,"geometry":{"type":"Polygon","coordinates":[[[-80.7132001258034,25.4991367062551],[-80.7130001239902,25.4833134015433],[-80.7166301262218,25.4834701009483],[-80.7291800300171,25.4833900017153],[-80.7295634291837,25.4988033047699],[-80.7165101256729,25.499200105249],[-80.7132001258034,25.4991367062551]]]},"properties":{"OBJECTID":1416,"CATEGORY":3,"ZONEID":"C"}},{"type":"Feature","id":1417,"geometry":{"type":"Polygon","coordinates":[[[-80.7452651350355,25.5284150120328],[-80.7457901356403,25.5133201081591],[-80.7488200363127,25.5133400088087],[-80.761326640413,25.513086707595],[-80.7614399404282,25.5279901116032],[-80.7614399395299,25.528840012284],[-80.7488800356888,25.5285999121927],[-80.7452651350355,25.5284150120328]]]},"properties":{"OBJECTID":1417,"CATEGORY":3,"ZONEID":"C"}},{"type":"Feature","id":1418,"geometry":{"type":"Polygon","coordinates":[[[-80.6968101208994,25.5137301101654],[-80.7002400216049,25.5136800096847],[-80.7130500263025,25.5135734088804],[-80.7132851252938,25.5285550131402],[-80.7004800227027,25.5288100139846],[-80.697050021386,25.5288200136887],[-80.6968101208994,25.5137301101654]]]},"properties":{"OBJECTID":1418,"CATEGORY":3,"ZONEID":"C"}},{"type":"Feature","id":1419,"geometry":{"type":"Polygon","coordinates":[[[-80.7457901356403,25.5133201081591],[-80.7456367339326,25.4988734053156],[-80.7490500355681,25.4989500052996],[-80.761290139168,25.4987800052098],[-80.761326640413,25.513086707595],[-80.7488200363127,25.5133400088087],[-80.7457901356403,25.5133201081591]]]},"properties":{"OBJECTID":1419,"CATEGORY":3,"ZONEID":"C"}},{"type":"Feature","id":1420,"geometry":{"type":"Polygon","coordinates":[[[-80.761326640413,25.513086707595],[-80.761290139168,25.4987800052098],[-80.7652700405927,25.4989101051732],[-80.7778001437226,25.4989034037993],[-80.7778301447582,25.5131700071988],[-80.7650400404389,25.513130008025],[-80.761326640413,25.513086707595]]]},"properties":{"OBJECTID":1420,"CATEGORY":3,"ZONEID":"C"}},{"type":"Feature","id":1421,"geometry":{"type":"Polygon","coordinates":[[[-80.5249970541696,25.2875348982606],[-80.5088713273341,25.2874769526129],[-80.5087684163352,25.2728035911152],[-80.5248941862898,25.2729206426019],[-80.5249970541696,25.2875348982606]]]},"properties":{"OBJECTID":1421,"CATEGORY":1,"ZONEID":"A"}},{"type":"Feature","id":1422,"geometry":{"type":"Polygon","coordinates":[[[-80.5088713273341,25.2874769526129],[-80.4927456481094,25.2874172435743],[-80.4926427128559,25.272684777563],[-80.5087684163352,25.2728035911152],[-80.5088713273341,25.2874769526129]]]},"properties":{"OBJECTID":1422,"CATEGORY":1,"ZONEID":"A"}},{"type":"Feature","id":1423,"geometry":{"type":"Polygon","coordinates":[[[-80.4450950914797,25.272423449401],[-80.4532146084984,25.272437920351],[-80.4613341327035,25.2724519461393],[-80.4612702292492,25.2798302803513],[-80.4612063078285,25.2872086069085],[-80.4530706777286,25.2871834771097],[-80.444935051222,25.2871579013875],[-80.4450150803341,25.2797906805771],[-80.4450950914797,25.272423449401]]]},"properties":{"OBJECTID":1423,"CATEGORY":1,"ZONEID":"A"}},{"type":"Feature","id":1424,"geometry":{"type":"Polygon","coordinates":[[[-80.428694960766,25.2868848383052],[-80.4287756043257,25.27961970064],[-80.4288562254275,25.2723545543656],[-80.4369756535129,25.2723892256868],[-80.4450950914797,25.272423449401],[-80.4450150803341,25.2797906805771],[-80.444935051222,25.2871579013875],[-80.4368149925193,25.2870215916643],[-80.428694960766,25.2868848383052]]]},"properties":{"OBJECTID":1424,"CATEGORY":1,"ZONEID":"A"}},{"type":"Feature","id":1425,"geometry":{"type":"Polygon","coordinates":[[[-80.6530555298096,25.2737882707476],[-80.6529257996078,25.2596434827214],[-80.6695535993472,25.2598088469174],[-80.6694066978488,25.2738909609859],[-80.6530555298096,25.2737882707476]]]},"properties":{"OBJECTID":1425,"CATEGORY":1,"ZONEID":"A"}},{"type":"Feature","id":1426,"geometry":{"type":"Polygon","coordinates":[[[-80.6371168735387,25.2736864276799],[-80.6369962792034,25.2594833048053],[-80.6529257996078,25.2596434827214],[-80.6530555298096,25.2737882707476],[-80.6371168735387,25.2736864276799]]]},"properties":{"OBJECTID":1426,"CATEGORY":1,"ZONEID":"A"}},{"type":"Feature","id":1427,"geometry":{"type":"Polygon","coordinates":[[[-80.620977905536,25.273581554543],[-80.6208272050622,25.2593189638196],[-80.6369962792034,25.2594833048053],[-80.6371168735387,25.2736864276799],[-80.620977905536,25.273581554543]]]},"properties":{"OBJECTID":1427,"CATEGORY":1,"ZONEID":"A"}},{"type":"Feature","id":1428,"geometry":{"type":"Polygon","coordinates":[[[-80.7648100465732,25.7344699639727],[-80.7784800507132,25.7343400635741],[-80.7783600510625,25.7497600678401],[-80.7620500465246,25.7501300679962],[-80.7621400451396,25.7344799642729],[-80.7648100465732,25.7344699639727]]]},"properties":{"OBJECTID":1428,"CATEGORY":5,"ZONEID":"E"}},{"type":"Feature","id":1430,"geometry":{"type":"Polygon","coordinates":[[[-80.5580171180759,25.4200363134521],[-80.5580014442708,25.4181959326061],[-80.5588045534062,25.4181988153593],[-80.5600086022124,25.4182031212333],[-80.5612142428333,25.4182074238617],[-80.5620157655439,25.4182102765944],[-80.5628180257713,25.4182131268929],[-80.5640229252821,25.4182174019348],[-80.565312478432,25.4182219682538],[-80.5660300886136,25.4182245053681],[-80.5693811693394,25.4182363171071],[-80.5740587104985,25.418252691106],[-80.5740764019197,25.4208634006827],[-80.5741079300913,25.4255166635991],[-80.5741571344125,25.4327806380296],[-80.5661420025282,25.4328500079824],[-80.5641382033875,25.432867276437],[-80.5621344087383,25.43288451325],[-80.5601306131908,25.4329017273453],[-80.5581268176433,25.4329189114217],[-80.5581111456349,25.4310785447428],[-80.5580954745247,25.4292381799726],[-80.5580798061096,25.4273978122461],[-80.5580641349994,25.4255574431885],[-80.558048460296,25.4237170671233],[-80.558032786491,25.4218766921663],[-80.5580171180759,25.4200363134521]]]},"properties":{"OBJECTID":1430,"CATEGORY":3,"ZONEID":"C"}},{"type":"Feature","id":1431,"geometry":{"type":"Polygon","coordinates":[[[-80.5740587104985,25.418252691106],[-80.5740587572109,25.4182526813697],[-80.590343751753,25.4180862272873],[-80.5903388846807,25.4326467412278],[-80.5741571344125,25.4327806380296],[-80.5741079300913,25.4255166635991],[-80.5740764019197,25.4208634006827],[-80.5740587104985,25.418252691106]]]},"properties":{"OBJECTID":1431,"CATEGORY":3,"ZONEID":"C"}},{"type":"Feature","id":1432,"geometry":{"type":"Polygon","coordinates":[[[-80.590343751753,25.4180862272873],[-80.6063382329289,25.4179209778437],[-80.6063259529588,25.4325127031177],[-80.5903388846807,25.4326467412278],[-80.590343751753,25.4180862272873]]]},"properties":{"OBJECTID":1432,"CATEGORY":3,"ZONEID":"C"}},{"type":"Feature","id":1433,"geometry":{"type":"Polygon","coordinates":[[[-80.6063382329289,25.4179209778437],[-80.6223356048832,25.4177539545396],[-80.6223149382418,25.4323769109101],[-80.6063259529588,25.4325127031177],[-80.6063382329289,25.4179209778437]]]},"properties":{"OBJECTID":1433,"CATEGORY":3,"ZONEID":"C"}},{"type":"Feature","id":1434,"geometry":{"type":"Polygon","coordinates":[[[-80.6969700201218,25.4546265945731],[-80.7004200197334,25.4546099943504],[-80.7128700236826,25.4543065941772],[-80.7129701247513,25.4688900983426],[-80.7004400198248,25.4690499989662],[-80.696870018766,25.469133398848],[-80.6969700201218,25.4546265945731]]]},"properties":{"OBJECTID":1434,"CATEGORY":3,"ZONEID":"C"}},{"type":"Feature","id":1435,"geometry":{"type":"Polygon","coordinates":[[[-80.6971900220263,25.5432466174668],[-80.697050021386,25.5288200136887],[-80.7004800227027,25.5288100139846],[-80.7132851252938,25.5285550131402],[-80.7133199269262,25.543193316432],[-80.7003101225364,25.5433801171567],[-80.6971900220263,25.5432466174668]]]},"properties":{"OBJECTID":1435,"CATEGORY":3,"ZONEID":"C"}},{"type":"Feature","id":1437,"geometry":{"type":"MultiPolygon","coordinates":[[[[-80.5355849655191,25.2009201325972],[-80.5361033662016,25.1998883334109],[-80.5366350664419,25.2008000327924],[-80.5378620672036,25.2015239339163],[-80.5382899662145,25.2023700334629],[-80.5389774666643,25.2030925337395],[-80.5395199673493,25.2040400337967],[-80.5399900674155,25.2045900341336],[-80.5404500668248,25.2051201341784],[-80.5419124675135,25.2060887344628],[-80.5415700683548,25.2140999365899],[-80.5388267670891,25.2140850360738],[-80.5394450676176,25.2136850361003],[-80.5399100670497,25.212590036253],[-80.5404050675174,25.2119449359842],[-80.540420067586,25.2101899351882],[-80.5405200671451,25.2094099354705],[-80.5406650678084,25.208752535893],[-80.5403167676165,25.2081000353685],[-80.5394601673993,25.2077300353262],[-80.5391000669378,25.2065299346615],[-80.5386100673914,25.206060033596],[-80.5381600671296,25.2056480341515],[-80.538510166647,25.2048200346016],[-80.5384599660939,25.2039699336315],[-80.5381550671067,25.2033651333231],[-80.5373700662108,25.2030799337237],[-80.5365899665232,25.2016101331776],[-80.5355849655191,25.2009201325972]]],[[[-80.5290201645594,25.214163336502],[-80.5288875651386,25.213595036941],[-80.5299000643801,25.2140000362911],[-80.5290201645594,25.214163336502]]]]},"properties":{"OBJECTID":1437,"CATEGORY":1,"ZONEID":"A"}},{"type":"Feature","id":1438,"geometry":{"type":"Polygon","coordinates":[[[-80.780585629874,25.2135789774111],[-80.7804558385868,25.199175628175],[-80.7812253372558,25.1991858275086],[-80.7897052404001,25.1989815277356],[-80.7971800428275,25.1990316523137],[-80.7971800419292,25.1995025282596],[-80.7972176427121,25.2016900282339],[-80.7971333421109,25.2089917297516],[-80.7973034426015,25.2123934312152],[-80.7972888710293,25.2128995801453],[-80.797044942497,25.2129751310467],[-80.7972701429522,25.2135501312067],[-80.7963132422402,25.2134787312743],[-80.7874331396369,25.2135140313827],[-80.780585629874,25.2135789774111]]]},"properties":{"OBJECTID":1438,"CATEGORY":1,"ZONEID":"A"}},{"type":"Feature","id":1439,"geometry":{"type":"Polygon","coordinates":[[[-80.3498108360056,25.6287034704598],[-80.3518613169984,25.6286208278638],[-80.3539117988895,25.6285381560529],[-80.3559622762891,25.6284554598867],[-80.3580127509937,25.6283727280259],[-80.360066076951,25.6282893400579],[-80.3621194002133,25.6282059180143],[-80.3641727216791,25.6281224699943],[-80.3662260413482,25.6280389903284],[-80.3663118071016,25.6298883757584],[-80.3663975773466,25.631737760087],[-80.3664833511849,25.6335871416915],[-80.3665691259215,25.6354365254288],[-80.3666549752182,25.6372858189697],[-80.3667408290066,25.6391351154503],[-80.3668266854898,25.6409844051492],[-80.3669125428714,25.6428336977821],[-80.3648135294971,25.642901573654],[-80.3627145161227,25.6429694179035],[-80.3606155027484,25.6430372337702],[-80.3585164821875,25.6431050188245],[-80.3564745190202,25.6431840694856],[-80.3544325495647,25.6432630909403],[-80.3523905792109,25.6433420848082],[-80.3503486070605,25.6434210494697],[-80.3502893308283,25.6415825555427],[-80.3502300563925,25.6397440656923],[-80.3501707828551,25.6379055710127],[-80.3501115066228,25.6360670787956],[-80.3500363355998,25.6342261771677],[-80.3499611699667,25.6323852755039],[-80.3498860016387,25.630544372997],[-80.3498108360056,25.6287034704598]]]},"properties":{"OBJECTID":1439,"CATEGORY":4,"ZONEID":"D"}},{"type":"Feature","id":1440,"geometry":{"type":"Polygon","coordinates":[[[-80.2546160284792,25.7498682275397],[-80.2627867090449,25.7494033886117],[-80.2709573393049,25.7489380931402],[-80.271209832375,25.7565562439092],[-80.2714623488014,25.7641743881632],[-80.2632994287815,25.7644360870508],[-80.2551364863037,25.7646973266523],[-80.2548762470608,25.7572827792073],[-80.2546160284792,25.7498682275397]]]},"properties":{"OBJECTID":1440,"CATEGORY":5,"ZONEID":"E"}},{"type":"Feature","id":1441,"geometry":{"type":"Polygon","coordinates":[[[-80.2791161773801,25.7486873479458],[-80.2872749965907,25.7484361442594],[-80.2875644508432,25.7560018323384],[-80.2878539266553,25.7635675117248],[-80.2878538646716,25.7635675141519],[-80.2796581543472,25.763871180497],[-80.2714623488014,25.7641743881632],[-80.271209832375,25.7565562439092],[-80.2709573393049,25.7489380931402],[-80.2791161773801,25.7486873479458]]]},"properties":{"OBJECTID":1441,"CATEGORY":5,"ZONEID":"E"}},{"type":"Feature","id":1442,"geometry":{"type":"Polygon","coordinates":[[[-80.2872749965907,25.7484361442594],[-80.2954447042809,25.7482259965721],[-80.3035358839439,25.748017414169],[-80.3037196909291,25.7558196522641],[-80.3038914973204,25.7631118384291],[-80.295872723666,25.7633398949445],[-80.2878539266553,25.7635675117248],[-80.2875644508432,25.7560018323384],[-80.2872749965907,25.7484361442594]]]},"properties":{"OBJECTID":1442,"CATEGORY":5,"ZONEID":"E"}},{"type":"Feature","id":1443,"geometry":{"type":"Polygon","coordinates":[[[-80.3035358839439,25.748017414169],[-80.3115781027289,25.7480685670088],[-80.3196203376836,25.7481192715719],[-80.3196711571759,25.7553524336761],[-80.3197219613968,25.7625855913238],[-80.3118067437317,25.7628489287502],[-80.3038914973204,25.7631118384291],[-80.3037196909291,25.7558196522641],[-80.3035358839439,25.748017414169]]]},"properties":{"OBJECTID":1443,"CATEGORY":4,"ZONEID":"D"}},{"type":"Feature","id":1444,"geometry":{"type":"Polygon","coordinates":[[[-80.2682377472744,25.6753089439289],[-80.2762955374566,25.6750778517067],[-80.2843533060792,25.6748463113154],[-80.2844146412502,25.6766933861056],[-80.2844356429632,25.6773258353005],[-80.2844759773194,25.6785404622239],[-80.2844980336546,25.6792046425079],[-80.284537314287,25.6803875356197],[-80.2845986530513,25.6822346103381],[-80.2845986539496,25.6822346475784],[-80.2847282763535,25.6860214414348],[-80.2848515440752,25.689622630143],[-80.2766817214006,25.689917957093],[-80.2685118780648,25.6902128073143],[-80.2683748140171,25.682760887653],[-80.2682377472744,25.6753089439289]]]},"properties":{"OBJECTID":1444,"CATEGORY":1,"ZONEID":"A"}},{"type":"Feature","id":1445,"geometry":{"type":"Polygon","coordinates":[[[-80.3006171264317,25.67439812386],[-80.3026249096008,25.6743427665302],[-80.30268848517,25.6761903551324],[-80.3027520589427,25.6780379458572],[-80.302815634512,25.6798855370826],[-80.3028792100813,25.6817331247579],[-80.3031586328471,25.6890043093077],[-80.301924368308,25.6890459796516],[-80.3008769102288,25.6890813389204],[-80.2951339994821,25.6892750598301],[-80.2951339159387,25.6892750630682],[-80.2928702153217,25.6893513485537],[-80.2848515440752,25.689622630143],[-80.2847282763535,25.6860214414348],[-80.2845986539496,25.6822346475784],[-80.2845986530513,25.6822346103381],[-80.284537314287,25.6803875356197],[-80.2844980336546,25.6792046425079],[-80.2844759773194,25.6785404622239],[-80.2844356429632,25.6773258353005],[-80.2844146412502,25.6766933861056],[-80.2843533060792,25.6748463113154],[-80.2843533932157,25.6748463088865],[-80.2868907961268,25.6747764352312],[-80.2894282870728,25.6747065153863],[-80.2919657744255,25.6746365534],[-80.2945032599816,25.6745665419856],[-80.2945937805179,25.6745640345797],[-80.2966015636869,25.6745087607184],[-80.2986093495509,25.674453455256],[-80.3006171264317,25.67439812386]]]},"properties":{"OBJECTID":1445,"CATEGORY":3,"ZONEID":"C"}},{"type":"Feature","id":1446,"geometry":{"type":"Polygon","coordinates":[[[-80.3026249096008,25.6743427665302],[-80.3046533953439,25.6742882406607],[-80.3066818765954,25.6742336864293],[-80.3087103605418,25.6741791046456],[-80.3107388426916,25.6741244969288],[-80.3127680830196,25.6740709514183],[-80.3147973251441,25.674017379166],[-80.316826565472,25.673963777743],[-80.3188558040033,25.6739101487685],[-80.3189183653746,25.6757554755329],[-80.3189809285425,25.6776007996332],[-80.3190434917105,25.6794461259241],[-80.3191060557767,25.681291451974],[-80.3193879623843,25.6884550567886],[-80.3173457548753,25.6885131793906],[-80.3112676952725,25.6887272268524],[-80.3112676198139,25.688727229281],[-80.3091121823583,25.6888030714962],[-80.3031586328471,25.6890043093077],[-80.3028792100813,25.6817331247579],[-80.302815634512,25.6798855370826],[-80.3027520589427,25.6780379458572],[-80.30268848517,25.6761903551324],[-80.3026249096008,25.6743427665302]]]},"properties":{"OBJECTID":1446,"CATEGORY":3,"ZONEID":"C"}},{"type":"Feature","id":1447,"geometry":{"type":"Polygon","coordinates":[[[-80.4913708053129,25.4477430712236],[-80.4933883352027,25.4477337307326],[-80.493410035805,25.4495793335945],[-80.493431735509,25.4514249373655],[-80.4934534406029,25.4532705339316],[-80.4934751394086,25.455116136268],[-80.4934803990446,25.4569410078788],[-80.4934856559857,25.458765874531],[-80.4934909147233,25.4605907459551],[-80.4934961707661,25.4624156148488],[-80.491465012535,25.4624259485596],[-80.4894338525073,25.4624362563156],[-80.4874026969712,25.4624465324394],[-80.4853715369435,25.4624567866637],[-80.4833496268684,25.4624665956156],[-80.4813277149965,25.4624763794238],[-80.4793058049214,25.462486132411],[-80.4772838993378,25.4624958602546],[-80.4772699781458,25.4606673800657],[-80.4772560623438,25.4588388988588],[-80.4772495226085,25.4579799434753],[-80.4772421438468,25.4570104166363],[-80.4772282253497,25.4551819293456],[-80.4772209597757,25.4542271665924],[-80.4772142691235,25.4533479213678],[-80.4772075712847,25.4524677409809],[-80.4772003111006,25.4515139130256],[-80.4771930607979,25.4505615505424],[-80.477186353976,25.4496799043217],[-80.4771794010157,25.4487664618047],[-80.4771723968515,25.4478458920143],[-80.4792088524477,25.447827193202],[-80.481245308044,25.4478084684299],[-80.4832817672335,25.4477897120196],[-80.4853182219315,25.4477709272159],[-80.4873357509231,25.4477616710876],[-80.4893532790163,25.4477523857568],[-80.4913708053129,25.4477430712236]]]},"properties":{"OBJECTID":1447,"CATEGORY":3,"ZONEID":"C"}},{"type":"Feature","id":1448,"geometry":{"type":"Polygon","coordinates":[[[-80.4933883352029,25.4477337307327],[-80.4954323797666,25.44772164528],[-80.4974764225338,25.447709533869],[-80.4995204653009,25.4476973908217],[-80.5015645107631,25.4476852201936],[-80.5035708997468,25.4476834989144],[-80.5055772923237,25.4476817500557],[-80.5075836840024,25.4476799703729],[-80.5095900783761,25.4476781720335],[-80.5096030716083,25.4495065437486],[-80.5096160693322,25.4513349160875],[-80.509629067056,25.4531632922922],[-80.5096420602883,25.4549916634374],[-80.509652373846,25.4568220450977],[-80.5096626838106,25.4586524273099],[-80.5096729973683,25.460482806016],[-80.5096833073329,25.4623131852686],[-80.5076536070675,25.4623298501246],[-80.5056239068022,25.4623464882133],[-80.5035942038419,25.4623630979127],[-80.5015645053732,25.4623796792227],[-80.499547421946,25.4623887071302],[-80.4975303376205,25.4623977050278],[-80.4955132541934,25.4624066721045],[-80.4934961707662,25.4624156148488],[-80.4934909147235,25.4605907459551],[-80.4934856559858,25.458765874531],[-80.4934803990448,25.4569410078788],[-80.4934751394088,25.455116136268],[-80.4934534406031,25.4532705339316],[-80.4934317355092,25.4514249373655],[-80.4934100358052,25.4495793335945],[-80.4933883352029,25.4477337307327]]]},"properties":{"OBJECTID":1448,"CATEGORY":3,"ZONEID":"C"}},{"type":"Feature","id":1449,"geometry":{"type":"Polygon","coordinates":[[[-80.375937104454,25.7465288309925],[-80.3841818843525,25.7464250553843],[-80.3843604299051,25.7518277719588],[-80.3844220336724,25.7536904470311],[-80.3846014865234,25.7591162162669],[-80.3846347376636,25.7598999725106],[-80.3846814464651,25.7610009672646],[-80.3765520300121,25.7611556605192],[-80.3684114627714,25.7613101092441],[-80.3680653436891,25.7542777189293],[-80.3676931545989,25.7467148962114],[-80.375937104454,25.7465288309925]]]},"properties":{"OBJECTID":1449,"CATEGORY":5,"ZONEID":"E"}},{"type":"Feature","id":1453,"geometry":{"type":"Polygon","coordinates":[[[-80.3809162432917,25.5976064776652],[-80.3815603748763,25.5975858351393],[-80.3829352437237,25.5975417712741],[-80.3849542459523,25.597477042164],[-80.3862437604747,25.5974356882015],[-80.3869732472826,25.5974122887144],[-80.38899222885,25.5973475044441],[-80.3910114206231,25.5972826893531],[-80.3930306007182,25.5972178499225],[-80.394346221181,25.5971755852629],[-80.395049774525,25.5971529796711],[-80.3970689168908,25.5970880834597],[-80.3970689483318,25.5970880834597],[-80.3974103350893,25.6045348121602],[-80.3977513158082,25.6119717210154],[-80.3896905216597,25.6122072084564],[-80.3817567349193,25.6124457622662],[-80.3816513427735,25.6105864428264],[-80.3815459533227,25.6087271252463],[-80.3814405620752,25.6068678079088],[-80.3813904953712,25.6059844273178],[-80.3813351780143,25.6050084900067],[-80.381318916711,25.6047211874916],[-80.3812304407404,25.6031579839038],[-80.3811257115513,25.6013075082999],[-80.3811257088564,25.6013074775153],[-80.3811168281115,25.6011505982745],[-80.3810209724808,25.5994569765149],[-80.3809162432917,25.5976064776652]]]},"properties":{"OBJECTID":1453,"CATEGORY":4,"ZONEID":"D"}},{"type":"Feature","id":1454,"geometry":{"type":"Polygon","coordinates":[[[-80.4129664662543,25.5965818595583],[-80.4133877554613,25.5965684061552],[-80.4138032352633,25.604164818212],[-80.4141520178505,25.6115166444412],[-80.4059503795435,25.6117444356806],[-80.3977513158082,25.6119717210154],[-80.3974103350893,25.6045348121602],[-80.3970689483318,25.5970880834597],[-80.3991090483932,25.5970232657977],[-80.4011490756911,25.5969584197453],[-80.401149143963,25.5969584165047],[-80.4031892377362,25.5968935420618],[-80.4046676886241,25.5968465071168],[-80.4052293324077,25.596828636798],[-80.4057833773423,25.5968109771159],[-80.4072689428873,25.5967636237487],[-80.4093085479769,25.5966985823088],[-80.4093086099607,25.5966985798783],[-80.4113481503716,25.5966335100477],[-80.4129664662543,25.5965818595583]]]},"properties":{"OBJECTID":1454,"CATEGORY":4,"ZONEID":"D"}},{"type":"Feature","id":1457,"geometry":{"type":"Polygon","coordinates":[[[-80.4449216977654,25.3453471314311],[-80.4449501348339,25.3380184202854],[-80.4449785593262,25.3306897044993],[-80.4531168520325,25.330784284737],[-80.4612543093057,25.3311079977603],[-80.4612277434278,25.3382016350917],[-80.4612003097774,25.3455248494966],[-80.4530609929916,25.3454362145661],[-80.4449216977654,25.3453471314311]]]},"properties":{"OBJECTID":1457,"CATEGORY":1,"ZONEID":"A"}},{"type":"Feature","id":1458,"geometry":{"type":"Polygon","coordinates":[[[-80.4930544026658,25.3316144637715],[-80.5091800091271,25.3314968624376],[-80.5091371783526,25.3455443597753],[-80.4930623581459,25.3456063076496],[-80.4930544026658,25.3316144637715]]]},"properties":{"OBJECTID":1458,"CATEGORY":2,"ZONEID":"B"}},{"type":"Feature","id":1459,"geometry":{"type":"Polygon","coordinates":[[[-80.5091800091271,25.3314968624376],[-80.5253056191815,25.3313774950182],[-80.5253094190552,25.3454802677835],[-80.5091371783526,25.3455443597753],[-80.5091800091271,25.3314968624376]]]},"properties":{"OBJECTID":1459,"CATEGORY":2,"ZONEID":"B"}},{"type":"Feature","id":1460,"geometry":{"type":"Polygon","coordinates":[[[-80.5253056191815,25.3313774950182],[-80.5414312220495,25.3312563598843],[-80.5415290854149,25.3454142086535],[-80.5253094190552,25.3454802677835],[-80.5253056191815,25.3313774950182]]]},"properties":{"OBJECTID":1460,"CATEGORY":2,"ZONEID":"B"}},{"type":"Feature","id":1461,"geometry":{"type":"Polygon","coordinates":[[[-80.6215812571998,25.3306729410728],[-80.6295910072774,25.3306713618388],[-80.6376007447784,25.3306693571452],[-80.6376638927495,25.3381040168536],[-80.6377270389241,25.3455386727957],[-80.6297336804056,25.3456294541698],[-80.621740315599,25.345719795456],[-80.6216607868486,25.3381963699523],[-80.6215812571998,25.3306729410728]]]},"properties":{"OBJECTID":1461,"CATEGORY":2,"ZONEID":"B"}},{"type":"Feature","id":1462,"geometry":{"type":"Polygon","coordinates":[[[-80.6057500466235,25.3455742551796],[-80.6056313540216,25.3307865078418],[-80.6215812571998,25.3306729410728],[-80.6216607868486,25.3381963699523],[-80.621740315599,25.345719795456],[-80.6137451694332,25.3456472416964],[-80.6057500466235,25.3455742551796]]]},"properties":{"OBJECTID":1462,"CATEGORY":2,"ZONEID":"B"}},{"type":"Feature","id":1463,"geometry":{"type":"Polygon","coordinates":[[[-80.5414312220495,25.3312563598843],[-80.5575568312057,25.3311334594662],[-80.5575708664837,25.3453471111349],[-80.5415290854149,25.3454142086535],[-80.5414312220495,25.3312563598843]]]},"properties":{"OBJECTID":1463,"CATEGORY":2,"ZONEID":"B"}},{"type":"Feature","id":1464,"geometry":{"type":"Polygon","coordinates":[[[-80.5897626253075,25.3454265454742],[-80.5896480164469,25.3308985813391],[-80.6056313540216,25.3307865078418],[-80.6057500466235,25.3455742551796],[-80.5977563278806,25.3455006175182],[-80.5897626253075,25.3454265454742]]]},"properties":{"OBJECTID":1464,"CATEGORY":2,"ZONEID":"B"}},{"type":"Feature","id":1465,"geometry":{"type":"Polygon","coordinates":[[[-80.5575568312057,25.3311334594662],[-80.5736824331753,25.3310087978183],[-80.5737722718903,25.3452775764128],[-80.5575708664837,25.3453471111349],[-80.5575568312057,25.3311334594662]]]},"properties":{"OBJECTID":1465,"CATEGORY":2,"ZONEID":"B"}},{"type":"Feature","id":1466,"geometry":{"type":"Polygon","coordinates":[[[-80.5817674351241,25.3453522769178],[-80.5737722718903,25.3452775764128],[-80.5736824331753,25.3310087978183],[-80.5896480164469,25.3308985813391],[-80.5897626253075,25.3454265454742],[-80.5817674351241,25.3453522769178]]]},"properties":{"OBJECTID":1466,"CATEGORY":2,"ZONEID":"B"}},{"type":"Feature","id":1467,"geometry":{"type":"Polygon","coordinates":[[[-80.7000900182239,25.3511300681119],[-80.7041201184049,25.3510500684405],[-80.7165000223209,25.3509667678993],[-80.7168900223082,25.3649900716472],[-80.7128100216115,25.3648500717998],[-80.7041101201558,25.3645600712522],[-80.7003461180299,25.3651340714602],[-80.7000900182239,25.3511300681119]]]},"properties":{"OBJECTID":1467,"CATEGORY":3,"ZONEID":"C"}},{"type":"Feature","id":1468,"geometry":{"type":"Polygon","coordinates":[[[-80.7325801264181,25.3366050638394],[-80.736770027905,25.3363500642755],[-80.7490000308479,25.3363800634402],[-80.7490200318377,25.3508400671232],[-80.7366800283916,25.3509199670809],[-80.7325400265221,25.350976667914],[-80.7325801264181,25.3366050638394]]]},"properties":{"OBJECTID":1468,"CATEGORY":3,"ZONEID":"C"}},{"type":"Feature","id":1469,"geometry":{"type":"Polygon","coordinates":[[[-80.7165000223209,25.3509667678993],[-80.7205301234002,25.3509000680007],[-80.7325400265221,25.350976667914],[-80.7327901273786,25.3647299710327],[-80.7282501263743,25.3646500712727],[-80.7205200236415,25.3645199715606],[-80.7168900223082,25.3649900716472],[-80.7165000223209,25.3509667678993]]]},"properties":{"OBJECTID":1469,"CATEGORY":3,"ZONEID":"C"}},{"type":"Feature","id":1470,"geometry":{"type":"Polygon","coordinates":[[[-80.7453700313112,25.3647799711625],[-80.7366900284374,25.3647199706796],[-80.7327901273786,25.3647299710327],[-80.7325400265221,25.350976667914],[-80.7366800283916,25.3509199670809],[-80.7490200318377,25.3508400671232],[-80.749124132206,25.3648000708874],[-80.7453700313112,25.3647799711625]]]},"properties":{"OBJECTID":1470,"CATEGORY":3,"ZONEID":"C"}},{"type":"Feature","id":1471,"geometry":{"type":"Polygon","coordinates":[[[-80.7490000308479,25.3363800634402],[-80.7529201323224,25.3360900636256],[-80.764770136222,25.3363000637567],[-80.764730036326,25.3507499667103],[-80.7533400336323,25.3508100674851],[-80.7490200318377,25.3508400671232],[-80.7490000308479,25.3363800634402]]]},"properties":{"OBJECTID":1471,"CATEGORY":3,"ZONEID":"C"}},{"type":"Feature","id":1472,"geometry":{"type":"Polygon","coordinates":[[[-80.6723001075985,25.2930799544582],[-80.6844701120636,25.2927100539592],[-80.6844701111653,25.2934300533239],[-80.6841700118766,25.306939957065],[-80.6720779677035,25.3071882545639],[-80.6719900091624,25.3071900574325],[-80.6721379077908,25.3020166560514],[-80.6721601087547,25.3012400558598],[-80.6723001075985,25.2930799544582]]]},"properties":{"OBJECTID":1472,"CATEGORY":2,"ZONEID":"B"}},{"type":"Feature","id":1473,"geometry":{"type":"Polygon","coordinates":[[[-80.7004500162773,25.3067500559852],[-80.6885801137959,25.306850156934],[-80.6841700118766,25.306939957065],[-80.6844701111653,25.2934300533239],[-80.6844701120636,25.2927100539592],[-80.6884901124859,25.2925899538841],[-80.7006200161567,25.292610053416],[-80.700620017055,25.2933399540417],[-80.7004500162773,25.3067500559852]]]},"properties":{"OBJECTID":1473,"CATEGORY":2,"ZONEID":"B"}},{"type":"Feature","id":1474,"geometry":{"type":"Polygon","coordinates":[[[-80.7004500162773,25.3067500559852],[-80.700620017055,25.2933399540417],[-80.7006200161567,25.292610053416],[-80.7046400174773,25.292610053416],[-80.7166400211647,25.2929400525402],[-80.7165901215472,25.3069699562076],[-80.704650017523,25.3067099566236],[-80.7004500162773,25.3067500559852]]]},"properties":{"OBJECTID":1474,"CATEGORY":2,"ZONEID":"B"}},{"type":"Feature","id":1475,"geometry":{"type":"Polygon","coordinates":[[[-80.7489700307107,25.3070232562362],[-80.7533001313657,25.3069500555861],[-80.7650601366502,25.306953355167],[-80.764900035307,25.3213266584643],[-80.7534500332371,25.3213900600495],[-80.7495700316586,25.3215033602562],[-80.7489700307107,25.3070232562362]]]},"properties":{"OBJECTID":1475,"CATEGORY":2,"ZONEID":"B"}},{"type":"Feature","id":1476,"geometry":{"type":"Polygon","coordinates":[[[-80.6720779677035,25.3071882545639],[-80.6841700118766,25.306939957065],[-80.6841600118309,25.3075499573923],[-80.6843851125731,25.322034961419],[-80.6720875015236,25.3218111901079],[-80.6720201090127,25.3218099615444],[-80.6719801088297,25.315629959578],[-80.6719900091624,25.3071900574325],[-80.6720779677035,25.3071882545639]]]},"properties":{"OBJECTID":1476,"CATEGORY":2,"ZONEID":"B"}},{"type":"Feature","id":1477,"geometry":{"type":"Polygon","coordinates":[[[-80.3154469445367,25.4188244482363],[-80.3232930557053,25.4187510410277],[-80.3252789208798,25.4187323920602],[-80.3265098140416,25.4187208172852],[-80.3311391677722,25.4186772143043],[-80.3311376424328,25.4189081052192],[-80.3310904045236,25.4260691250979],[-80.3310416215121,25.4334609662829],[-80.3230731678866,25.4334600974291],[-80.3151047250409,25.4334587929314],[-80.315275849611,25.4261416289253],[-80.3154433863098,25.4189767115611],[-80.3154469445367,25.4188244482363]]]},"properties":{"OBJECTID":1477,"CATEGORY":1,"ZONEID":"A"}},{"type":"Feature","id":1480,"geometry":{"type":"Polygon","coordinates":[[[-80.3801180829753,25.3596519847818],[-80.3882007295414,25.3597030950519],[-80.3962833895821,25.3597537604612],[-80.3962003807583,25.3670877203141],[-80.3961173539682,25.374421677449],[-80.388066948836,25.3744097258752],[-80.3800165508902,25.3743973303265],[-80.3800165508902,25.3743972938021],[-80.3800214404203,25.3736876984642],[-80.38006732906,25.367024669791],[-80.3801117327844,25.3605752011407],[-80.3801180829753,25.3596519847818]]]},"properties":{"OBJECTID":1480,"CATEGORY":1,"ZONEID":"A"}},{"type":"Feature","id":1481,"geometry":{"type":"Polygon","coordinates":[[[-80.3882007295414,25.3597030950519],[-80.3801180829753,25.3596519847818],[-80.3801180766871,25.359651595953],[-80.3801244313694,25.3560179918692],[-80.3801321568808,25.3515928604435],[-80.3801436400451,25.3450154329927],[-80.3963950582568,25.345002870436],[-80.3962833895821,25.3597537604612],[-80.3882007295414,25.3597030950519]]]},"properties":{"OBJECTID":1481,"CATEGORY":1,"ZONEID":"A"}},{"type":"Feature","id":1483,"geometry":{"type":"Polygon","coordinates":[[[-80.3161470160107,25.3307770673595],[-80.3319340115088,25.3307770072756],[-80.3319210865484,25.333013437519],[-80.3318521857662,25.344931951312],[-80.3160355117276,25.3449051537687],[-80.3161281145587,25.3331726487358],[-80.3161470160107,25.3307770673595]]]},"properties":{"OBJECTID":1483,"CATEGORY":1,"ZONEID":"A"}},{"type":"Feature","id":1484,"geometry":{"type":"Polygon","coordinates":[[[-80.3800295019017,25.3301192960679],[-80.3963247426279,25.3302292526213],[-80.3963598972982,25.337616064129],[-80.3963950582568,25.345002870436],[-80.3801436400451,25.3450154329927],[-80.3800295019017,25.3301192960679]]]},"properties":{"OBJECTID":1484,"CATEGORY":1,"ZONEID":"A"}},{"type":"Feature","id":1485,"geometry":{"type":"Polygon","coordinates":[[[-80.4771189902112,25.4038807733689],[-80.4771190791445,25.4038807652543],[-80.4851697717376,25.403875817009],[-80.4932205577555,25.4038704184065],[-80.4932389588458,25.4111836478682],[-80.4932573446647,25.4184968655351],[-80.4912437646672,25.4185036930911],[-80.4901947785537,25.4185072379029],[-80.4892301676016,25.4185104881926],[-80.4872166540793,25.4185172597643],[-80.4872165768242,25.4185172597643],[-80.4863768281034,25.4185200694878],[-80.485202983352,25.4185239940133],[-80.4831893925746,25.4185307022986],[-80.4823740097575,25.4185334114137],[-80.4811757973057,25.4185373854315],[-80.4791622047317,25.4185440369212],[-80.4771486067678,25.4185506632585],[-80.4771456360392,25.4170740828579],[-80.4771338052269,25.4112157218792],[-80.4771189902112,25.4038807733689]]]},"properties":{"OBJECTID":1485,"CATEGORY":2,"ZONEID":"B"}},{"type":"Feature","id":1486,"geometry":{"type":"Polygon","coordinates":[[[-80.3637378562331,25.3596835610815],[-80.3719279700533,25.359668009558],[-80.380020904126,25.3596521714845],[-80.3801180829753,25.3596519847818],[-80.3801117327844,25.3605752011407],[-80.38006732906,25.367024669791],[-80.3800214404203,25.3736876984642],[-80.3800165508902,25.3743972938021],[-80.3800165508902,25.3743973303265],[-80.3718526903342,25.3744296835825],[-80.3636888333715,25.3744615839282],[-80.3637133492939,25.367072578029],[-80.3637378562331,25.3596835610815]]]},"properties":{"OBJECTID":1486,"CATEGORY":1,"ZONEID":"A"}},{"type":"Feature","id":1487,"geometry":{"type":"Polygon","coordinates":[[[-80.3639692397926,25.3450028566345],[-80.3796691750649,25.3450150912042],[-80.3800251863951,25.3450153485604],[-80.3801436400451,25.3450154329927],[-80.3801321568808,25.3515928604435],[-80.3801244313694,25.3560179918692],[-80.3801180766871,25.359651595953],[-80.3801180829753,25.3596519847818],[-80.380020904126,25.3596521714845],[-80.3719279700533,25.359668009558],[-80.3637378562331,25.3596835610815],[-80.3639692397926,25.3450028566345]]]},"properties":{"OBJECTID":1487,"CATEGORY":1,"ZONEID":"A"}},{"type":"Feature","id":1488,"geometry":{"type":"Polygon","coordinates":[[[-80.4281057270251,25.4186010451545],[-80.4361536447223,25.4186115659912],[-80.4442015731993,25.4186216056938],[-80.4441805813677,25.4259632262865],[-80.4441595985193,25.4333047566488],[-80.4360832707029,25.4333301943826],[-80.4280067371723,25.4333552102581],[-80.4280563466339,25.4259781194153],[-80.4281057270251,25.4186010451545]]]},"properties":{"OBJECTID":1488,"CATEGORY":2,"ZONEID":"B"}},{"type":"Feature","id":1489,"geometry":{"type":"Polygon","coordinates":[[[-80.4442015731993,25.4186216056938],[-80.4442347982883,25.4186214831792],[-80.4462491562269,25.4186139968099],[-80.4524001859803,25.4185909721847],[-80.4605986891669,25.418559898102],[-80.4605998228408,25.425882515183],[-80.4606007481055,25.4332052309367],[-80.4523801813972,25.4332552286617],[-80.4441595985193,25.4333047566488],[-80.4441805813677,25.4259632262865],[-80.4442015731993,25.4186216056938]]]},"properties":{"OBJECTID":1489,"CATEGORY":2,"ZONEID":"B"}},{"type":"Feature","id":1490,"geometry":{"type":"Polygon","coordinates":[[[-80.379811255305,25.4038408668758],[-80.3960008047465,25.4038713945855],[-80.395936943513,25.4112538927731],[-80.3958730625165,25.4186363966877],[-80.3877822331965,25.4186610342767],[-80.3796913796219,25.4186852458998],[-80.3797312306846,25.4137513309091],[-80.3797769432544,25.408089301034],[-80.379811255305,25.4038408668758]]]},"properties":{"OBJECTID":1490,"CATEGORY":2,"ZONEID":"B"}},{"type":"Feature","id":1491,"geometry":{"type":"Polygon","coordinates":[[[-80.4283654560248,25.40384960299],[-80.4364354273622,25.4038651058179],[-80.4445054103778,25.4038801623442],[-80.4443535115514,25.4112508865205],[-80.4442015731993,25.4186216056938],[-80.4361536447223,25.4186115659912],[-80.4281057270251,25.4186010451545],[-80.4282356072454,25.4112253280962],[-80.4283654560248,25.40384960299]]]},"properties":{"OBJECTID":1491,"CATEGORY":2,"ZONEID":"B"}},{"type":"Feature","id":1492,"geometry":{"type":"Polygon","coordinates":[[[-80.4445054103778,25.4038801623442],[-80.4527058143995,25.4039003018144],[-80.4609062327943,25.4039199852445],[-80.4607524753537,25.4112399431113],[-80.4605986891669,25.418559898102],[-80.4524001859803,25.4185909721847],[-80.4462491562269,25.4186139968099],[-80.4442347982883,25.4186214831792],[-80.4442015731993,25.4186216056938],[-80.4443535115514,25.4112508865205],[-80.4445054103778,25.4038801623442]]]},"properties":{"OBJECTID":1492,"CATEGORY":2,"ZONEID":"B"}},{"type":"Feature","id":1493,"geometry":{"type":"Polygon","coordinates":[[[-80.3637204998836,25.3892305828627],[-80.3718254093974,25.3891554996426],[-80.3799303031906,25.3890799598771],[-80.3798112553051,25.4038407962793],[-80.3798112544068,25.403840829549],[-80.379811255305,25.4038408668758],[-80.3636446632089,25.4037833615467],[-80.3637204998836,25.3892305828627]]]},"properties":{"OBJECTID":1493,"CATEGORY":1,"ZONEID":"A"}},{"type":"Feature","id":1494,"geometry":{"type":"Polygon","coordinates":[[[-80.3798112553051,25.4038407962793],[-80.3799303171145,25.3890799578482],[-80.3799303539454,25.389079961906],[-80.3799304033528,25.389079961906],[-80.3880204574267,25.3890622578689],[-80.3961106031288,25.3890441074748],[-80.3960557124717,25.3964577543604],[-80.3960008047465,25.4038713945855],[-80.379811255305,25.4038408668758],[-80.3798112544068,25.403840829549],[-80.3798112553051,25.4038407962793]]]},"properties":{"OBJECTID":1494,"CATEGORY":2,"ZONEID":"B"}},{"type":"Feature","id":1495,"geometry":{"type":"Polygon","coordinates":[[[-80.4610507555539,25.3893131672092],[-80.4693302598297,25.3892620012948],[-80.4771523365729,25.3892132367423],[-80.4771499632239,25.3902589735134],[-80.4771479258448,25.3911555988123],[-80.4771356701294,25.3965470099986],[-80.4771189902112,25.4038807733689],[-80.4692552523001,25.4039000137484],[-80.4609062327943,25.4039199852445],[-80.4609785031572,25.3966165777066],[-80.4610507555539,25.3893131672092]]]},"properties":{"OBJECTID":1495,"CATEGORY":2,"ZONEID":"B"}},{"type":"Feature","id":1496,"geometry":{"type":"Polygon","coordinates":[[[-80.8290700539542,25.292200049758],[-80.8339199548669,25.2921899508202],[-80.8449700584134,25.2921866500251],[-80.8450633592354,25.3063932542792],[-80.8338800561936,25.3063399547857],[-80.8290400547153,25.3064933547107],[-80.8290700539542,25.292200049758]]]},"properties":{"OBJECTID":1496,"CATEGORY":1,"ZONEID":"A"}},{"type":"Feature","id":1497,"geometry":{"type":"Polygon","coordinates":[[[-80.8450633592354,25.3063932542792],[-80.8449700584134,25.2921866500251],[-80.8498700592678,25.2920900505614],[-80.8620000635498,25.2921100502751],[-80.8620499631672,25.306440054449],[-80.8498400600289,25.3063099538628],[-80.8450633592354,25.3063932542792]]]},"properties":{"OBJECTID":1497,"CATEGORY":1,"ZONEID":"A"}},{"type":"Feature","id":1498,"geometry":{"type":"Polygon","coordinates":[[[-80.8108400585997,25.6761199487297],[-80.7977001548005,25.6762500486992],[-80.7946501534254,25.6762700485593],[-80.7946801535626,25.6749300480819],[-80.7947600533172,25.6617599454165],[-80.7976000537318,25.6617500450787],[-80.810970058296,25.6616100451295],[-80.810830058554,25.6751800484562],[-80.8108400585997,25.6761199487297]]]},"properties":{"OBJECTID":1498,"CATEGORY":4,"ZONEID":"D"}},{"type":"Feature","id":1499,"geometry":{"type":"Polygon","coordinates":[[[-80.810970058296,25.6616100451295],[-80.7976000537318,25.6617500450787],[-80.7947600533172,25.6617599454165],[-80.79476995365,25.6605899452231],[-80.79469015271,25.6456899409367],[-80.797880152929,25.6456599411452],[-80.8111099574269,25.6455300410294],[-80.8109800583418,25.6606600450076],[-80.810970058296,25.6616100451295]]]},"properties":{"OBJECTID":1499,"CATEGORY":4,"ZONEID":"D"}},{"type":"Feature","id":1500,"geometry":{"type":"Polygon","coordinates":[[[-80.4122856771178,25.3157757169497],[-80.412321882817,25.3085049668544],[-80.4123580714482,25.3012342003096],[-80.4285153048957,25.3014481323678],[-80.4286363968977,25.3161002106844],[-80.4122856771178,25.3157757169497]]]},"properties":{"OBJECTID":1500,"CATEGORY":1,"ZONEID":"A"}},{"type":"Feature","id":1501,"geometry":{"type":"Polygon","coordinates":[[[-80.5734771510649,25.3021350664764],[-80.5894210525987,25.3021269556653],[-80.5895344765815,25.3165053481354],[-80.5735797934676,25.3165719459985],[-80.5734771510649,25.3021350664764]]]},"properties":{"OBJECTID":1501,"CATEGORY":2,"ZONEID":"B"}},{"type":"Feature","id":1502,"geometry":{"type":"Polygon","coordinates":[[[-80.5894210525987,25.3021269556653],[-80.6054012577481,25.3021170995712],[-80.6055161828157,25.3164369069026],[-80.5895344765815,25.3165053481354],[-80.5894210525987,25.3021269556653]]]},"properties":{"OBJECTID":1502,"CATEGORY":2,"ZONEID":"B"}},{"type":"Feature","id":1503,"geometry":{"type":"Polygon","coordinates":[[[-80.6054012577481,25.3021170995712],[-80.6212793298396,25.3021055875289],[-80.6214300545678,25.316367031566],[-80.6055161828157,25.3164369069026],[-80.6054012577481,25.3021170995712]]]},"properties":{"OBJECTID":1503,"CATEGORY":2,"ZONEID":"B"}},{"type":"Feature","id":1504,"geometry":{"type":"Polygon","coordinates":[[[-80.6214300545678,25.316367031566],[-80.6212793298396,25.3021055875289],[-80.6373580738874,25.3020921888909],[-80.6374786825958,25.3162948248165],[-80.6214300545678,25.316367031566]]]},"properties":{"OBJECTID":1504,"CATEGORY":2,"ZONEID":"B"}},{"type":"Feature","id":1505,"geometry":{"type":"Polygon","coordinates":[[[-80.6374786825958,25.3162948248165],[-80.6373580738874,25.3020921888909],[-80.6533150144675,25.3020771602919],[-80.6534447680255,25.316221258665],[-80.6374786825958,25.3162948248165]]]},"properties":{"OBJECTID":1505,"CATEGORY":2,"ZONEID":"B"}},{"type":"Feature","id":1506,"geometry":{"type":"Polygon","coordinates":[[[-80.6694687525702,25.30206018581],[-80.6694687840113,25.30206018581],[-80.6695173855631,25.3161454431098],[-80.6695173352575,25.3161454512303],[-80.6534447680255,25.316221258665],[-80.6533150144675,25.3020771602919],[-80.6694687525702,25.30206018581]]]},"properties":{"OBJECTID":1506,"CATEGORY":1,"ZONEID":"A"}},{"type":"Feature","id":1507,"geometry":{"type":"Polygon","coordinates":[[[-80.4927456481094,25.2874172435743],[-80.5088713273341,25.2874769526129],[-80.5089742293499,25.3021502842961],[-80.492848575278,25.3021496776299],[-80.4927456481094,25.2874172435743]]]},"properties":{"OBJECTID":1507,"CATEGORY":1,"ZONEID":"A"}},{"type":"Feature","id":1508,"geometry":{"type":"Polygon","coordinates":[[[-80.5088713273341,25.2874769526129],[-80.5249970541696,25.2875348982606],[-80.5250999139646,25.3021491278133],[-80.5089742293499,25.3021502842961],[-80.5088713273341,25.2874769526129]]]},"properties":{"OBJECTID":1508,"CATEGORY":1,"ZONEID":"A"}},{"type":"Feature","id":1509,"geometry":{"type":"Polygon","coordinates":[[[-80.5249970541696,25.2875348982606],[-80.5411228250226,25.2875910821444],[-80.5412256309186,25.3021462016845],[-80.5250999139646,25.3021491278133],[-80.5249970541696,25.2875348982606]]]},"properties":{"OBJECTID":1509,"CATEGORY":1,"ZONEID":"A"}},{"type":"Feature","id":1510,"geometry":{"type":"Polygon","coordinates":[[[-80.5412256309186,25.3021462016845],[-80.5411228250226,25.2875910821444],[-80.557248642588,25.2876455026424],[-80.5573513757204,25.3021415164673],[-80.5412256309186,25.3021462016845]]]},"properties":{"OBJECTID":1510,"CATEGORY":1,"ZONEID":"A"}},{"type":"Feature","id":1511,"geometry":{"type":"Polygon","coordinates":[[[-80.557248642588,25.2876455026424],[-80.5733745023741,25.2876981613813],[-80.5734771510649,25.3021350664764],[-80.5573513757204,25.3021415164673],[-80.557248642588,25.2876455026424]]]},"properties":{"OBJECTID":1511,"CATEGORY":1,"ZONEID":"A"}},{"type":"Feature","id":1512,"geometry":{"type":"Polygon","coordinates":[[[-80.5733745023741,25.2876981613813],[-80.5893076295144,25.2877484589354],[-80.5894210525987,25.3021269556653],[-80.5734771510649,25.3021350664764],[-80.5733745023741,25.2876981613813]]]},"properties":{"OBJECTID":1512,"CATEGORY":1,"ZONEID":"A"}},{"type":"Feature","id":1513,"geometry":{"type":"Polygon","coordinates":[[[-80.444935051222,25.2871579013875],[-80.4530706777286,25.2871834771097],[-80.4612063078285,25.2872086069085],[-80.4611671134343,25.2944408089664],[-80.4611279064637,25.3016730035742],[-80.4529517812092,25.3016780713275],[-80.4447756613445,25.3016826907793],[-80.4448553643681,25.2944202995827],[-80.444935051222,25.2871579013875]]]},"properties":{"OBJECTID":1513,"CATEGORY":1,"ZONEID":"A"}},{"type":"Feature","id":1514,"geometry":{"type":"Polygon","coordinates":[[[-80.4447756613445,25.3016826907793],[-80.4366454705437,25.3015656345629],[-80.4285153048957,25.3014481323678],[-80.4286051427123,25.294166487145],[-80.428694960766,25.2868848383052],[-80.4368149925193,25.2870215916643],[-80.444935051222,25.2871579013875],[-80.4448553643681,25.2944202995827],[-80.4447756613445,25.3016826907793]]]},"properties":{"OBJECTID":1514,"CATEGORY":1,"ZONEID":"A"}},{"type":"Feature","id":1515,"geometry":{"type":"Polygon","coordinates":[[[-80.5893076295144,25.2877484589354],[-80.6052863272907,25.2877971718021],[-80.6054012577481,25.3021170995712],[-80.5894210525987,25.3021269556653],[-80.5893076295144,25.2877484589354]]]},"properties":{"OBJECTID":1515,"CATEGORY":1,"ZONEID":"A"}},{"type":"Feature","id":1516,"geometry":{"type":"Polygon","coordinates":[[[-80.6052863272907,25.2877971718021],[-80.6211286158912,25.2878437622856],[-80.6212793298396,25.3021055875289],[-80.6054012577481,25.3021170995712],[-80.6052863272907,25.2877971718021]]]},"properties":{"OBJECTID":1516,"CATEGORY":1,"ZONEID":"A"}},{"type":"Feature","id":1517,"geometry":{"type":"Polygon","coordinates":[[[-80.6212793298396,25.3021055875289],[-80.6211286158912,25.2878437622856],[-80.6372374696707,25.287889391068],[-80.6373580738874,25.3020921888909],[-80.6212793298396,25.3021055875289]]]},"properties":{"OBJECTID":1517,"CATEGORY":2,"ZONEID":"B"}},{"type":"Feature","id":1518,"geometry":{"type":"Polygon","coordinates":[[[-80.4123580714482,25.3012342003096],[-80.4124457838509,25.2939691206914],[-80.4125334711007,25.2867040370119],[-80.428694960766,25.2868848383052],[-80.4286051427123,25.294166487145],[-80.4285153048957,25.3014481323678],[-80.4123580714482,25.3012342003096]]]},"properties":{"OBJECTID":1518,"CATEGORY":1,"ZONEID":"A"}},{"type":"Feature","id":1519,"geometry":{"type":"Polygon","coordinates":[[[-80.6373580738874,25.3020921888909],[-80.6372374696707,25.287889391068],[-80.6531852689945,25.2879328316803],[-80.6533150144675,25.3020771602919],[-80.6373580738874,25.3020921888909]]]},"properties":{"OBJECTID":1519,"CATEGORY":2,"ZONEID":"B"}},{"type":"Feature","id":1520,"geometry":{"type":"Polygon","coordinates":[[[-80.6533150144675,25.3020771602919],[-80.6531852689945,25.2879328316803],[-80.6694201662898,25.2879752797299],[-80.6694687840113,25.30206018581],[-80.6694687525702,25.30206018581],[-80.6533150144675,25.3020771602919]]]},"properties":{"OBJECTID":1520,"CATEGORY":1,"ZONEID":"A"}},{"type":"Feature","id":1521,"geometry":{"type":"Polygon","coordinates":[[[-80.6531852689945,25.2879328316803],[-80.6530555298096,25.2737882707476],[-80.6694066978488,25.2738909609859],[-80.6694201662898,25.2879752797299],[-80.6531852689945,25.2879328316803]]]},"properties":{"OBJECTID":1521,"CATEGORY":1,"ZONEID":"A"}},{"type":"Feature","id":1522,"geometry":{"type":"Polygon","coordinates":[[[-80.6372374696707,25.287889391068],[-80.6371168735387,25.2736864276799],[-80.6530555298096,25.2737882707476],[-80.6531852689945,25.2879328316803],[-80.6372374696707,25.287889391068]]]},"properties":{"OBJECTID":1522,"CATEGORY":1,"ZONEID":"A"}},{"type":"Feature","id":1523,"geometry":{"type":"Polygon","coordinates":[[[-80.4613763041145,25.5065269287778],[-80.4613763535219,25.5065269287778],[-80.4613805818919,25.5083657823167],[-80.4613848066687,25.5102046312076],[-80.4613890413269,25.5120434762585],[-80.4613932705953,25.5138823263848],[-80.4614195678769,25.5157350096928],[-80.4614458642602,25.5175876887273],[-80.4614721651351,25.5194403715925],[-80.4614984606201,25.5212930534214],[-80.4594633920227,25.5213115519247],[-80.4574283234252,25.5213300236734],[-80.4553932548277,25.5213484678567],[-80.4533581844336,25.5213668820426],[-80.4513233242453,25.5213851965144],[-80.4492884703452,25.5214034817995],[-80.4472536074619,25.5214217346554],[-80.4452187499685,25.5214399631887],[-80.4451944173024,25.5195875122377],[-80.4451700828397,25.5177350659322],[-80.4451457510719,25.515882613736],[-80.4451214211007,25.5140301613267],[-80.4450945066765,25.5121850319763],[-80.4450675904557,25.510339908319],[-80.4450406769297,25.5084947781968],[-80.4450137643021,25.5066496448551],[-80.4470629436361,25.5066340279706],[-80.4479300649219,25.5066274081038],[-80.4491121220717,25.5066183810858],[-80.4511613014056,25.5066027033901],[-80.451889589861,25.5065971245395],[-80.4532104807396,25.5065869981264],[-80.4540322451885,25.5065809733562],[-80.4552519507318,25.5065720257894],[-80.4564208260031,25.5065634398217],[-80.4572934144358,25.5065570258845],[-80.4580354165723,25.5065515662138],[-80.4593348808347,25.5065419943581],[-80.4607886532051,25.5065312720303],[-80.4613763041145,25.5065269287778]]]},"properties":{"OBJECTID":1523,"CATEGORY":4,"ZONEID":"D"}},{"type":"Feature","id":1524,"geometry":{"type":"Polygon","coordinates":[[[-80.4764386080117,25.5064051441417],[-80.4777587092711,25.5063921240993],[-80.4777733392338,25.5082261127666],[-80.4777879718915,25.5100600953133],[-80.4778026018542,25.511894083898],[-80.4778172336135,25.5137280728425],[-80.4778222587892,25.5142122980508],[-80.4778362841858,25.5155628931127],[-80.477846427962,25.5165396971946],[-80.4778553383513,25.5173977129012],[-80.47786734703,25.5185542123017],[-80.4778743916184,25.5192325370694],[-80.4778796764073,25.5197418749872],[-80.4778934448857,25.5210673550756],[-80.4696556089643,25.5211808949866],[-80.4676163227766,25.5212089787862],[-80.4655770338939,25.5212370293422],[-80.4635377468079,25.5212650539503],[-80.4614984606201,25.5212930534214],[-80.4614721651351,25.5194403715925],[-80.4614458642602,25.5175876887273],[-80.4614195678769,25.5157350096928],[-80.4613932705953,25.5138823263848],[-80.4613890413269,25.5120434762585],[-80.4613848066687,25.5102046312076],[-80.4613805818919,25.5083657823167],[-80.4613763535219,25.5065269287778],[-80.4634259110466,25.5065134141837],[-80.4649071682714,25.5065036217976],[-80.4654754721645,25.506499862293],[-80.4667929153091,25.5064911376798],[-80.4675250350791,25.5064862812133],[-80.4675251159275,25.5064862804025],[-80.469574598892,25.5064726725661],[-80.4764386080117,25.5064051441417]]]},"properties":{"OBJECTID":1524,"CATEGORY":4,"ZONEID":"D"}},{"type":"Feature","id":1525,"geometry":{"type":"Polygon","coordinates":[[[-80.3963950582568,25.345002870436],[-80.4044433280936,25.3450667394222],[-80.4124916167951,25.3451301651054],[-80.412452266094,25.352417424362],[-80.41241290102,25.359704677154],[-80.4043481417077,25.359729437171],[-80.3962833895821,25.3597537604612],[-80.3963950582568,25.345002870436]]]},"properties":{"OBJECTID":1525,"CATEGORY":1,"ZONEID":"A"}},{"type":"Feature","id":1526,"geometry":{"type":"Polygon","coordinates":[[[-80.7129701247513,25.4688900983426],[-80.7128700236826,25.4543065941772],[-80.7166301244252,25.4542899939104],[-80.7294300284657,25.4541699943371],[-80.72933342903,25.4687366978082],[-80.7165399254858,25.4689700977474],[-80.7129701247513,25.4688900983426]]]},"properties":{"OBJECTID":1526,"CATEGORY":3,"ZONEID":"C"}},{"type":"Feature","id":1527,"geometry":{"type":"Polygon","coordinates":[[[-80.4851213148145,25.3892122693718],[-80.4930902993443,25.3892108686324],[-80.4931554272024,25.3965406470025],[-80.4932205577555,25.4038704184065],[-80.4851697717376,25.403875817009],[-80.4771190791445,25.4038807652543],[-80.4771189902112,25.4038807733689],[-80.4771356701294,25.3965470099986],[-80.4771479258448,25.3911555988123],[-80.4771499632239,25.3902589735134],[-80.4771523365729,25.3892132367423],[-80.4771523671156,25.3892132367423],[-80.4851213148145,25.3892122693718]]]},"properties":{"OBJECTID":1527,"CATEGORY":2,"ZONEID":"B"}},{"type":"Feature","id":1528,"geometry":{"type":"Polygon","coordinates":[[[-80.4778934448857,25.5210673550756],[-80.4778796764073,25.5197418749872],[-80.4778743916184,25.5192325370694],[-80.47786734703,25.5185542123017],[-80.4778553383513,25.5173977129012],[-80.477846427962,25.5165396971946],[-80.4778362841858,25.5155628931127],[-80.4778222587892,25.5142122980508],[-80.4778172336135,25.5137280728425],[-80.4778026018542,25.511894083898],[-80.4777879718915,25.5100600953133],[-80.4777733392338,25.5082261127666],[-80.4777587092711,25.5063921240993],[-80.4777587811363,25.5063921240993],[-80.4797864009035,25.5063753526546],[-80.4797864754637,25.5063753526546],[-80.4818140979257,25.5063585617492],[-80.4838417931514,25.5063417400325],[-80.4849579894178,25.5063324681425],[-80.4858694847837,25.5063248931797],[-80.4870141603396,25.5063177787302],[-80.4878993251862,25.5063122744566],[-80.4899291027067,25.5062996330307],[-80.4899291682837,25.5062996330307],[-80.491959005093,25.5062869607945],[-80.4931998659612,25.5062791985425],[-80.493988852682,25.5062742472081],[-80.4940081556809,25.5081253947959],[-80.4940274550865,25.5099765276294],[-80.4940467553903,25.5118276611102],[-80.4940660592875,25.5136787960461],[-80.4940936995504,25.5155175773459],[-80.4941213353218,25.5173563539893],[-80.4941489755848,25.5191951316486],[-80.4941766122545,25.5210339070784],[-80.4921408070385,25.521037202428],[-80.4901050009242,25.521040467783],[-80.4880691957082,25.5210437023326],[-80.4860333904922,25.5210469117516],[-80.4839984036414,25.5210520651428],[-80.4819634203838,25.5210571925925],[-80.4799284299398,25.5210622868048],[-80.4778935194458,25.5210673648036],[-80.4778934448857,25.5210673550756]]]},"properties":{"OBJECTID":1528,"CATEGORY":4,"ZONEID":"D"}},{"type":"Feature","id":1530,"geometry":{"type":"Polygon","coordinates":[[[-80.8095301523205,25.4385666885163],[-80.80972005168,25.4234998845881],[-80.8138101521356,25.4235300836041],[-80.8258301568128,25.4233932841592],[-80.8260800564467,25.4381299875286],[-80.826070056401,25.4387200877536],[-80.8138800527428,25.4386699884604],[-80.8095301523205,25.4385666885163]]]},"properties":{"OBJECTID":1530,"CATEGORY":3,"ZONEID":"C"}},{"type":"Feature","id":1531,"geometry":{"type":"Polygon","coordinates":[[[-80.4455151104689,25.5509510480662],[-80.447547909922,25.5509300157669],[-80.4495807102734,25.5509089575291],[-80.4516135097264,25.5508878693005],[-80.4536463100778,25.5508667518915],[-80.4556879839876,25.5508444949684],[-80.4577296587956,25.5508222129168],[-80.4597713309088,25.550799897632],[-80.4618130048185,25.5507775555978],[-80.4618206315153,25.5526164709165],[-80.4618282519238,25.5544553790893],[-80.4618358759257,25.5562942898388],[-80.4618435008258,25.5581331982996],[-80.4618522234672,25.559976939321],[-80.4618609488035,25.5618206827621],[-80.4618696732416,25.5636644245683],[-80.4618783949848,25.5655081671678],[-80.4598395992772,25.5655331409463],[-80.4578007999763,25.565558088788],[-80.4557620015738,25.5655830050203],[-80.4537232049679,25.5656078920744],[-80.4517003058476,25.5656287799837],[-80.449677403134,25.5656496362853],[-80.4476545031153,25.5656704650308],[-80.445631603995,25.5656912662205],[-80.4456247453577,25.563848412179],[-80.4456178930088,25.5620055597684],[-80.4456110334733,25.5601627081811],[-80.445604180226,25.5583198525574],[-80.4455819127867,25.5564776542064],[-80.4455596462458,25.554635452655],[-80.4455373725183,25.5527932479058],[-80.4455151104689,25.5509510480662]]]},"properties":{"OBJECTID":1531,"CATEGORY":4,"ZONEID":"D"}},{"type":"Feature","id":1532,"geometry":{"type":"Polygon","coordinates":[[[-80.4618130048185,25.5507775555978],[-80.4638468849449,25.5507449093293],[-80.4658807650712,25.5507122395483],[-80.4679146416043,25.5506795405818],[-80.4699485181374,25.5506468124297],[-80.4780854229467,25.5505156120168],[-80.4780854534894,25.5505156120168],[-80.4780963302909,25.551647877963],[-80.4781030577741,25.5523483403084],[-80.4781206611604,25.554181068938],[-80.478129623652,25.5551142149307],[-80.478138265445,25.5560137979028],[-80.4781558670347,25.5578465247689],[-80.4781745699589,25.5596645844818],[-80.4781932701882,25.5614826449688],[-80.478204261974,25.5625511549207],[-80.4782119695191,25.5633007013649],[-80.4782306841215,25.5651187585297],[-80.4701008840878,25.5653118110784],[-80.4680452638333,25.5653609442958],[-80.4659896399855,25.5654100483199],[-80.4639340179343,25.5654591207198],[-80.4618783949848,25.5655081671678],[-80.4618696732416,25.5636644245683],[-80.4618609488035,25.5618206827621],[-80.4618522234672,25.559976939321],[-80.4618435008258,25.5581331982996],[-80.4618358759257,25.5562942898388],[-80.4618282519238,25.5544553790893],[-80.4618206315153,25.5526164709165],[-80.4618130048185,25.5507775555978]]]},"properties":{"OBJECTID":1532,"CATEGORY":4,"ZONEID":"D"}},{"type":"Feature","id":1533,"geometry":{"type":"Polygon","coordinates":[[[-80.4429866610663,25.5066682988489],[-80.4450137643021,25.5066496448551],[-80.4450406769297,25.5084947781968],[-80.4450675904557,25.510339908319],[-80.4450945066765,25.5121850319763],[-80.4451214211007,25.5140301613267],[-80.4451457510719,25.515882613736],[-80.4451700828397,25.5177350659322],[-80.4451944173024,25.5195875122377],[-80.4452187499685,25.5214399631887],[-80.4431819377411,25.521464538386],[-80.4411451246153,25.5214890803412],[-80.4391083123879,25.5215135963503],[-80.4370714992621,25.5215380839812],[-80.4350316094065,25.5215624038003],[-80.4329917231442,25.5215866960521],[-80.4309518359835,25.5216109599259],[-80.4289119488229,25.5216351954216],[-80.4289065804907,25.5198033045177],[-80.4289012112603,25.5179714132153],[-80.4288958438265,25.5161395190849],[-80.4288904763926,25.5143076286148],[-80.4288755158499,25.5124305399984],[-80.4288605544088,25.5105534512195],[-80.4288455929678,25.5086763614703],[-80.4288306315267,25.5067992683214],[-80.4308493103618,25.5067805154352],[-80.4323669259994,25.5067663976638],[-80.4328679856037,25.5067617268726],[-80.4334633683127,25.5067561845137],[-80.434886670727,25.5067429156058],[-80.4361497711867,25.5067311336316],[-80.4369053486638,25.5067240767702],[-80.4381860399334,25.5067123531689],[-80.4389324518996,25.5067055103472],[-80.4409595578304,25.5066869212201],[-80.4419518485713,25.5066778090767],[-80.4429866610663,25.5066682988489]]]},"properties":{"OBJECTID":1533,"CATEGORY":3,"ZONEID":"C"}},{"type":"Feature","id":1534,"geometry":{"type":"Polygon","coordinates":[[[-80.4612003097774,25.3455248494966],[-80.4612277434278,25.3382016350917],[-80.4612543093057,25.3311079977603],[-80.4769287962043,25.3317303022728],[-80.477030110897,25.3456663379145],[-80.4691151995574,25.3455958064297],[-80.4612003097774,25.3455248494966]]]},"properties":{"OBJECTID":1534,"CATEGORY":1,"ZONEID":"A"}},{"type":"Feature","id":1535,"geometry":{"type":"Polygon","coordinates":[[[-80.8260401577734,25.4825899990203],[-80.8260101576361,25.4680899951243],[-80.8300301589567,25.4684000952514],[-80.8419101620952,25.468190095401],[-80.8420200619871,25.4823450990229],[-80.8299400588321,25.4828398994746],[-80.8260401577734,25.4825899990203]]]},"properties":{"OBJECTID":1535,"CATEGORY":3,"ZONEID":"C"}},{"type":"Feature","id":1536,"geometry":{"type":"Polygon","coordinates":[[[-80.6833821983556,25.4692699776475],[-80.696870018766,25.469133398848],[-80.6969400199845,25.4832833018573],[-80.6832800167886,25.4837299024789],[-80.6833326733357,25.4761240366638],[-80.6833801151624,25.4692699987338],[-80.6833821983556,25.4692699776475]]]},"properties":{"OBJECTID":1536,"CATEGORY":3,"ZONEID":"C"}},{"type":"Feature","id":1537,"geometry":{"type":"Polygon","coordinates":[[[-80.6969400199845,25.4832833018573],[-80.696870018766,25.469133398848],[-80.7004400198248,25.4690499989662],[-80.7129701247513,25.4688900983426],[-80.7130001239902,25.4833134015433],[-80.7004500207689,25.4832701017178],[-80.6969400199845,25.4832833018573]]]},"properties":{"OBJECTID":1537,"CATEGORY":3,"ZONEID":"C"}},{"type":"Feature","id":1538,"geometry":{"type":"Polygon","coordinates":[[[-80.72933342903,25.4687366978082],[-80.7327601299364,25.468759997515],[-80.7454401340394,25.4684867972411],[-80.7454000341434,25.4825700016419],[-80.7454101348005,25.4831700010183],[-80.7329899306641,25.4833700012262],[-80.7291800300171,25.4833900017153],[-80.7291601287403,25.4827799017775],[-80.72933342903,25.4687366978082]]]},"properties":{"OBJECTID":1538,"CATEGORY":3,"ZONEID":"C"}},{"type":"Feature","id":1539,"geometry":{"type":"Polygon","coordinates":[[[-80.4766200209866,25.2873557727668],[-80.4765170740551,25.2725641986907],[-80.4926427128557,25.272684777563],[-80.4927456481091,25.2874172435743],[-80.4766200209866,25.2873557727668]]]},"properties":{"OBJECTID":1539,"CATEGORY":1,"ZONEID":"A"}},{"type":"Feature","id":1540,"geometry":{"type":"Polygon","coordinates":[[[-80.5397136540061,25.4182985059991],[-80.5417416852016,25.4182880808752],[-80.5417526239868,25.4201232336332],[-80.5417635573821,25.4219583892867],[-80.5417744961673,25.4237935421535],[-80.5417854349526,25.4256286962875],[-80.5417964258401,25.4274639052316],[-80.5418074203208,25.4292991121906],[-80.5418184112083,25.4311343163506],[-80.5418294020958,25.4329695233878],[-80.5398205975423,25.4329670539183],[-80.5378117947854,25.4329645552435],[-80.535802984842,25.4329620289858],[-80.5337941865767,25.4329594751453],[-80.5317760395442,25.4329736145621],[-80.5297578880201,25.4329877247719],[-80.527739741886,25.4330018122649],[-80.5257215948535,25.4330158681171],[-80.525695693729,25.4311766533002],[-80.5256697997909,25.429337434748],[-80.5256439049545,25.4274982189534],[-80.5256180092198,25.4256590034854],[-80.5255924638281,25.4238369153031],[-80.525566920233,25.4220148304071],[-80.5255413757395,25.4201927366301],[-80.5255158294495,25.4183706510129],[-80.5275442630903,25.4183604352251],[-80.5295726895446,25.4183501877935],[-80.5316011267786,25.418339912775],[-80.5328361432076,25.418333643423],[-80.5336295613177,25.4183296117921],[-80.5356575916149,25.4183192718633],[-80.5376856228104,25.4183089027247],[-80.5397136540061,25.4182985059991]]]},"properties":{"OBJECTID":1540,"CATEGORY":4,"ZONEID":"D"}},{"type":"Feature","id":1541,"geometry":{"type":"Polygon","coordinates":[[[-80.5417416852016,25.4182880808752],[-80.5437741594645,25.4182766553472],[-80.5451213790658,25.4182690740276],[-80.5458066310325,25.4182652103455],[-80.5470152594501,25.4182583892668],[-80.5478391061938,25.4182537296431],[-80.5498715804567,25.4182422310897],[-80.5513121161514,25.418234061534],[-80.5519040457365,25.4182307000809],[-80.5531580058382,25.4182235739299],[-80.5539365119146,25.4182191422963],[-80.5559689780927,25.4182075544903],[-80.5573673369865,25.4181995658649],[-80.5580014442708,25.4181959326061],[-80.5580171180759,25.4200363134521],[-80.558032786491,25.4218766921663],[-80.558048460296,25.4237170671233],[-80.5580641349994,25.4255574431885],[-80.5580798061096,25.4273978122461],[-80.5580954745247,25.4292381799726],[-80.5581111456349,25.4310785447428],[-80.5581268176433,25.4329189114217],[-80.5560896398016,25.4329253422667],[-80.5540524601632,25.4329317422836],[-80.5520152832197,25.4329381163399],[-80.549978105378,25.432944462813],[-80.5479409293329,25.4329507695342],[-80.5459037532877,25.4329570502948],[-80.5438665772426,25.4329633018497],[-80.5418294020958,25.4329695233878],[-80.5418184112083,25.4311343163506],[-80.5418074203208,25.4292991121906],[-80.5417964258401,25.4274639052316],[-80.5417854349526,25.4256286962875],[-80.5417744961673,25.4237935421535],[-80.5417635573821,25.4219583892867],[-80.5417526239868,25.4201232336332],[-80.5417416852016,25.4182880808752]]]},"properties":{"OBJECTID":1541,"CATEGORY":3,"ZONEID":"C"}},{"type":"Feature","id":1542,"geometry":{"type":"Polygon","coordinates":[[[-80.4453689060633,25.5361746189791],[-80.4474260121313,25.5361522936727],[-80.4494831173011,25.5361299391819],[-80.4515402188775,25.5361075563173],[-80.4535973249455,25.5360851442683],[-80.4556136663643,25.5360543834202],[-80.4576300149696,25.5360235893311],[-80.4596463599816,25.5359927709173],[-80.4616627014002,25.5359619241258],[-80.4616835521962,25.5378204704893],[-80.4617044029923,25.5396790220916],[-80.4617252537884,25.5415375667716],[-80.4617461045844,25.5433961118214],[-80.461762831215,25.5452414712058],[-80.4617795542523,25.5470868370352],[-80.4617962808829,25.5489321963388],[-80.4618130048186,25.5507775555978],[-80.4597713309088,25.550799897632],[-80.4577296587957,25.5508222129168],[-80.4556879839876,25.5508444949684],[-80.4536463100779,25.5508667518915],[-80.4516135097265,25.5508878693005],[-80.4495807102734,25.5509089575291],[-80.447547909922,25.5509300157669],[-80.445515110469,25.5509510480662],[-80.4454971342819,25.5491040210906],[-80.445479158993,25.5472569964503],[-80.4454611801109,25.5454099709062],[-80.4454432084154,25.543562944461],[-80.4454246339503,25.5417158628125],[-80.4454060594851,25.5398687835088],[-80.4453874805284,25.5380216992581],[-80.4453689060633,25.5361746189791]]]},"properties":{"OBJECTID":1542,"CATEGORY":4,"ZONEID":"D"}},{"type":"Feature","id":1543,"geometry":{"type":"Polygon","coordinates":[[[-80.6225980512866,25.5791791202569],[-80.6227154170767,25.5644824970904],[-80.6386664736918,25.5644663585628],[-80.6385344761423,25.5791719461177],[-80.6225980512866,25.5791791202569]]]},"properties":{"OBJECTID":1543,"CATEGORY":4,"ZONEID":"D"}},{"type":"Feature","id":1544,"geometry":{"type":"Polygon","coordinates":[[[-80.6386664736918,25.5644663585628],[-80.6546776141246,25.5644484072339],[-80.654591058752,25.5791629634532],[-80.6385344761423,25.5791719461177],[-80.6386664736918,25.5644663585628]]]},"properties":{"OBJECTID":1544,"CATEGORY":4,"ZONEID":"D"}},{"type":"Feature","id":1545,"geometry":{"type":"Polygon","coordinates":[[[-80.6708198016893,25.5644285434274],[-80.6708198582832,25.5644285434274],[-80.6709098847461,25.5791520272244],[-80.6709098101859,25.5791520264141],[-80.654591058752,25.5791629634532],[-80.6546776141246,25.5644484072339],[-80.6708198016893,25.5644285434274]]]},"properties":{"OBJECTID":1545,"CATEGORY":4,"ZONEID":"D"}},{"type":"Feature","id":1546,"geometry":{"type":"Polygon","coordinates":[[[-80.606301193593,25.4618281799292],[-80.6063135687843,25.4471946043149],[-80.6222941440396,25.44706731018],[-80.6222733749903,25.4617214203875],[-80.606301193593,25.4618281799292]]]},"properties":{"OBJECTID":1546,"CATEGORY":3,"ZONEID":"C"}},{"type":"Feature","id":1547,"geometry":{"type":"Polygon","coordinates":[[[-80.6222941440396,25.44706731018],[-80.6382761952269,25.4469382662299],[-80.6382455527942,25.4616129226387],[-80.6222733749903,25.4617214203875],[-80.6222941440396,25.44706731018]]]},"properties":{"OBJECTID":1547,"CATEGORY":3,"ZONEID":"C"}},{"type":"Feature","id":1548,"geometry":{"type":"Polygon","coordinates":[[[-80.6382761952269,25.4469382662299],[-80.654254006366,25.4468075113949],[-80.6542177198184,25.4615026858669],[-80.6382455527942,25.4616129226387],[-80.6382761952269,25.4469382662299]]]},"properties":{"OBJECTID":1548,"CATEGORY":3,"ZONEID":"C"}},{"type":"Feature","id":1549,"geometry":{"type":"Polygon","coordinates":[[[-80.6700998594815,25.4466761196528],[-80.6700999205669,25.4466761196528],[-80.6701898868426,25.4613906792469],[-80.6701898868426,25.4613907125006],[-80.6542177198184,25.4615026858669],[-80.654254006366,25.4468075113949],[-80.6700998594815,25.4466761196528]]]},"properties":{"OBJECTID":1549,"CATEGORY":3,"ZONEID":"C"}},{"type":"Feature","id":1550,"geometry":{"type":"Polygon","coordinates":[[[-80.3151047250409,25.4334587929314],[-80.3230731678866,25.4334600974291],[-80.3310416215121,25.4334609662829],[-80.3309927783135,25.4408614078515],[-80.3309435218899,25.4483167860706],[-80.3230311968,25.4483194288125],[-80.3151188851849,25.4483216505651],[-80.3151118091554,25.4408902242796],[-80.3151047250409,25.4334587929314]]]},"properties":{"OBJECTID":1550,"CATEGORY":1,"ZONEID":"A"}},{"type":"Feature","id":1552,"geometry":{"type":"Polygon","coordinates":[[[-80.3390369599175,25.4483010196561],[-80.3309435218899,25.4483167860706],[-80.3309927783135,25.4408614078515],[-80.3310416215121,25.4334609662829],[-80.3391312390048,25.4334586744882],[-80.3472207720559,25.4334559900462],[-80.3471756990865,25.4408407018447],[-80.3471302272652,25.4482847519458],[-80.3390369599175,25.4483010196561]]]},"properties":{"OBJECTID":1552,"CATEGORY":1,"ZONEID":"A"}},{"type":"Feature","id":1553,"geometry":{"type":"Polygon","coordinates":[[[-80.3552112838132,25.4482630324605],[-80.3471302272652,25.4482847519458],[-80.3471756990865,25.4408407018447],[-80.3472207720559,25.4334559900462],[-80.3556037074552,25.4334664998513],[-80.3634030999408,25.4334635785231],[-80.3633477753975,25.4408468905278],[-80.3632923744972,25.4482419156595],[-80.3552112838132,25.4482630324605]]]},"properties":{"OBJECTID":1553,"CATEGORY":1,"ZONEID":"A"}},{"type":"Feature","id":1559,"geometry":{"type":"Polygon","coordinates":[[[-80.2338130847764,25.8536881222663],[-80.22563979191,25.8539361636133],[-80.2254455518911,25.8465618210515],[-80.2252498143806,25.8391302642186],[-80.2333248611993,25.8388809968501],[-80.2414645409045,25.8386359323808],[-80.2417254341209,25.8460377222108],[-80.2419863569816,25.8534396171829],[-80.2338130847764,25.8536881222663]]]},"properties":{"OBJECTID":1559,"CATEGORY":5,"ZONEID":"E"}},{"type":"Feature","id":1562,"geometry":{"type":"Polygon","coordinates":[[[-80.2819037485214,25.8373124931685],[-80.2899285561596,25.8369959452492],[-80.2899898356351,25.8391969220305],[-80.2900314734468,25.8406923664161],[-80.2901412673375,25.8444254799734],[-80.2902474230512,25.8480348722704],[-80.2902930125519,25.8495849761716],[-80.2903597789371,25.8518548714521],[-80.2825298527148,25.8520996433755],[-80.2746997055071,25.852343995226],[-80.27428928861,25.8449863014971],[-80.2738789067472,25.8376285939417],[-80.2819037485214,25.8373124931685]]]},"properties":{"OBJECTID":1562,"CATEGORY":5,"ZONEID":"E"}},{"type":"Feature","id":1564,"geometry":{"type":"Polygon","coordinates":[[[-80.1115820432667,25.8276608351421],[-80.1194144533306,25.827446463074],[-80.1272468553097,25.8272316677281],[-80.127531593407,25.8346056175691],[-80.1278177733003,25.8419795210897],[-80.119897751445,25.8422017721691],[-80.1119777170133,25.8424235902939],[-80.1117798738517,25.8350422169432],[-80.1115820432667,25.8276608351421]]]},"properties":{"OBJECTID":1564,"CATEGORY":2,"ZONEID":"B"}},{"type":"Feature","id":1565,"geometry":{"type":"Polygon","coordinates":[[[-80.136111167327,25.8417463299824],[-80.1278177733003,25.8419795210897],[-80.127531593407,25.8346056175691],[-80.1272468553097,25.8272316677281],[-80.1355547607215,25.8270003614806],[-80.1438627200322,25.8267705433905],[-80.1441219414839,25.8341405019133],[-80.1443811853934,25.8415104542398],[-80.136111167327,25.8417463299824]]]},"properties":{"OBJECTID":1565,"CATEGORY":2,"ZONEID":"B"}},{"type":"Feature","id":1566,"geometry":{"type":"Polygon","coordinates":[[[-80.1438627200322,25.8267705433905],[-80.1515598330346,25.8265571998523],[-80.1592569307656,25.8263434443572],[-80.1595899811572,25.833707237674],[-80.1599230593965,25.8410710207217],[-80.1521521318273,25.8412909458705],[-80.1443811853934,25.8415104542398],[-80.1441219414839,25.8341405019133],[-80.1438627200322,25.8267705433905]]]},"properties":{"OBJECTID":1566,"CATEGORY":2,"ZONEID":"B"}},{"type":"Feature","id":1567,"geometry":{"type":"Polygon","coordinates":[[[-80.1592569307656,25.8263434443572],[-80.1673818385742,25.826116762328],[-80.1755067248233,25.8258896238182],[-80.1758109168364,25.8332125541037],[-80.1761151340023,25.8405354735433],[-80.168019109725,25.8408034734089],[-80.1599230593965,25.8410710207217],[-80.1595899811572,25.833707237674],[-80.1592569307656,25.8263434443572]]]},"properties":{"OBJECTID":1567,"CATEGORY":2,"ZONEID":"B"}},{"type":"Feature","id":1568,"geometry":{"type":"Polygon","coordinates":[[[-80.1836879435255,25.8256462159417],[-80.1918691415665,25.8254023426216],[-80.1921121223761,25.8309336584155],[-80.1921933983497,25.8327838377742],[-80.1925176802858,25.8401653237086],[-80.1925175940476,25.8401653261341],[-80.1843164138814,25.8403506300002],[-80.1761151340023,25.8405354735433],[-80.1758109168364,25.8332125541037],[-80.1755067248233,25.8258896238182],[-80.1836879435255,25.8256462159417]]]},"properties":{"OBJECTID":1568,"CATEGORY":3,"ZONEID":"C"}},{"type":"Feature","id":1569,"geometry":{"type":"Polygon","coordinates":[[[-80.2976658283468,25.8262349250251],[-80.3057021919128,25.8262161163882],[-80.3058985142266,25.8334621075087],[-80.3060948491167,25.8407080956314],[-80.2980631558919,25.8407004529551],[-80.2900314734468,25.8406923664161],[-80.2899898356351,25.8391969220305],[-80.2899285561596,25.8369959452492],[-80.2898304673171,25.8334728303874],[-80.2897756925427,25.8315054084452],[-80.2897255764313,25.8297052068714],[-80.2896294755605,25.8262532873168],[-80.2976658283468,25.8262349250251]]]},"properties":{"OBJECTID":1569,"CATEGORY":4,"ZONEID":"D"}},{"type":"Feature","id":1583,"geometry":{"type":"Polygon","coordinates":[[[-80.2361712037198,25.6906456872629],[-80.2443215859532,25.6905368762745],[-80.2484618384528,25.6904814317292],[-80.2524719654918,25.6904276207622],[-80.2525957371682,25.6980166771419],[-80.2527195097431,25.7056057249503],[-80.2447065311205,25.7058077980074],[-80.2366935372266,25.7060094304022],[-80.2364323601426,25.6983275565281],[-80.2361712037198,25.6906456872629]]]},"properties":{"OBJECTID":1583,"CATEGORY":1,"ZONEID":"A"}},{"type":"Feature","id":1584,"geometry":{"type":"Polygon","coordinates":[[[-80.2524719654918,25.6904276207622],[-80.2604919285157,25.6903204415609],[-80.2685118780648,25.6902128073143],[-80.268766926842,25.6976657016154],[-80.2690219872973,25.7051185802724],[-80.2608707615457,25.7053623811156],[-80.2527195097431,25.7056057249503],[-80.2525957371682,25.6980166771419],[-80.2524719654918,25.6904276207622]]]},"properties":{"OBJECTID":1584,"CATEGORY":1,"ZONEID":"A"}},{"type":"Feature","id":1585,"geometry":{"type":"Polygon","coordinates":[[[-80.4625981287837,25.6983949288933],[-80.4786297903309,25.6978704302472],[-80.4788305655935,25.703144443304],[-80.4789761528566,25.7069685487192],[-80.4791826252348,25.7123916180823],[-80.47918253181,25.7123916213197],[-80.4631585284006,25.7129162113772],[-80.4625981287837,25.6983949288933]]]},"properties":{"OBJECTID":1585,"CATEGORY":5,"ZONEID":"E"}},{"type":"Feature","id":1586,"geometry":{"type":"Polygon","coordinates":[[[-80.1496284740383,25.6929713052007],[-80.1575645564234,25.6929497907379],[-80.1576085123377,25.7002161813785],[-80.1576524642096,25.7074825797745],[-80.1496696501159,25.7074767245721],[-80.141686852192,25.7074704298649],[-80.1416896351727,25.700231423317],[-80.1416924037805,25.6929924185529],[-80.1496284740383,25.6929713052007]]]},"properties":{"OBJECTID":1586,"CATEGORY":1,"ZONEID":"A"}},{"type":"Feature","id":1588,"geometry":{"type":"Polygon","coordinates":[[[-80.6065704474297,25.5057972844564],[-80.6064804533063,25.4910999228627],[-80.6224440306397,25.4910325406718],[-80.6225298961062,25.5057815871951],[-80.6065704833623,25.505797289321],[-80.6065704474297,25.5057972844564]]]},"properties":{"OBJECTID":1588,"CATEGORY":4,"ZONEID":"D"}},{"type":"Feature","id":1589,"geometry":{"type":"Polygon","coordinates":[[[-80.6225298961062,25.5057815871951],[-80.6224440306397,25.4910325406718],[-80.6384076349226,25.4909634207548],[-80.6384893663422,25.5057641492144],[-80.6225298961062,25.5057815871951]]]},"properties":{"OBJECTID":1589,"CATEGORY":4,"ZONEID":"D"}},{"type":"Feature","id":1590,"geometry":{"type":"Polygon","coordinates":[[[-80.6384076349226,25.4909634207548],[-80.6543712634601,25.4908925655414],[-80.6544488509512,25.5057449388938],[-80.6544488509512,25.5057449753783],[-80.6397211461412,25.5057627303718],[-80.6384894471905,25.5057641500252],[-80.6384893663422,25.5057641492144],[-80.6384076349226,25.4909634207548]]]},"properties":{"OBJECTID":1590,"CATEGORY":4,"ZONEID":"D"}},{"type":"Feature","id":1591,"geometry":{"type":"Polygon","coordinates":[[[-80.670369756512,25.4908198096113],[-80.6703698122076,25.4908198096113],[-80.6704504773268,25.5040132967472],[-80.6704597820766,25.5055343208035],[-80.6659904596205,25.5055932944898],[-80.6544488509512,25.5057449753783],[-80.6544488509512,25.5057449388938],[-80.6543712634601,25.4908925655414],[-80.670369756512,25.4908198096113]]]},"properties":{"OBJECTID":1591,"CATEGORY":3,"ZONEID":"C"}},{"type":"Feature","id":1592,"geometry":{"type":"Polygon","coordinates":[[[-80.3392610689196,25.4931062753774],[-80.3311542927067,25.4932282989138],[-80.3311484752169,25.4856892629691],[-80.3311426469474,25.4781502180074],[-80.3392112977613,25.4781378079842],[-80.34727996205,25.4781249543679],[-80.3473246253876,25.4856278654535],[-80.347367837946,25.4929838073694],[-80.3392610689196,25.4931062753774]]]},"properties":{"OBJECTID":1592,"CATEGORY":1,"ZONEID":"A"}},{"type":"Feature","id":1593,"geometry":{"type":"Polygon","coordinates":[[[-80.6374786825958,25.3162948248165],[-80.6534447680255,25.316221258665],[-80.6535773306155,25.3306707333929],[-80.6535772623435,25.330670732581],[-80.6516824710675,25.3306706676253],[-80.6455890403919,25.3306702624645],[-80.6376007447784,25.3306693571452],[-80.6374786825958,25.3162948248165]]]},"properties":{"OBJECTID":1593,"CATEGORY":2,"ZONEID":"B"}},{"type":"Feature","id":1594,"geometry":{"type":"Polygon","coordinates":[[[-80.6535773306155,25.3306707333929],[-80.6534447680255,25.316221258665],[-80.6695173352575,25.3161454512303],[-80.6695173855631,25.3161454431098],[-80.6695673947751,25.3306409049455],[-80.6695673265031,25.3306409041336],[-80.6615723608986,25.3306560396134],[-80.6535773306155,25.3306707333929]]]},"properties":{"OBJECTID":1594,"CATEGORY":1,"ZONEID":"A"}},{"type":"Feature","id":1595,"geometry":{"type":"Polygon","coordinates":[[[-80.492848575278,25.3021496776299],[-80.5089742293499,25.3021502842961],[-80.5090771223826,25.3168235872198],[-80.4929514934635,25.3168820848289],[-80.492848575278,25.3021496776299]]]},"properties":{"OBJECTID":1595,"CATEGORY":1,"ZONEID":"A"}},{"type":"Feature","id":1596,"geometry":{"type":"Polygon","coordinates":[[[-80.5089742293499,25.3021502842961],[-80.5250999139646,25.3021491278133],[-80.5252027683697,25.3167633201498],[-80.5090771223826,25.3168235872198],[-80.5089742293499,25.3021502842961]]]},"properties":{"OBJECTID":1596,"CATEGORY":1,"ZONEID":"A"}},{"type":"Feature","id":1597,"geometry":{"type":"Polygon","coordinates":[[[-80.7454200414213,25.7632500718349],[-80.7478800418942,25.7631799725959],[-80.7621700461753,25.7632299717134],[-80.762300146483,25.7777099744156],[-80.7623001473812,25.7791099750079],[-80.7479801420647,25.7792500761622],[-80.7454000422281,25.779300074981],[-80.7453801427479,25.7779399758377],[-80.7454200414213,25.7632500718349]]]},"properties":{"OBJECTID":1597,"CATEGORY":5,"ZONEID":"E"}},{"type":"Feature","id":1598,"geometry":{"type":"Polygon","coordinates":[[[-80.7623001473812,25.7791099750079],[-80.762300146483,25.7777099744156],[-80.7621700461753,25.7632299717134],[-80.7782500514577,25.763170070985],[-80.7783900520981,25.7791099750079],[-80.7647000469684,25.7790799756711],[-80.7623001473812,25.7791099750079]]]},"properties":{"OBJECTID":1598,"CATEGORY":5,"ZONEID":"E"}},{"type":"Feature","id":1599,"geometry":{"type":"Polygon","coordinates":[[[-80.7782500514577,25.763170070985],[-80.7783600510625,25.7497600678401],[-80.7949701548892,25.7498500670219],[-80.7947699554466,25.7615999703795],[-80.7947600560122,25.7630099712317],[-80.7782500514577,25.763170070985]]]},"properties":{"OBJECTID":1599,"CATEGORY":5,"ZONEID":"E"}},{"type":"Feature","id":1600,"geometry":{"type":"Polygon","coordinates":[[[-80.4614984606201,25.5212930534214],[-80.4635377468079,25.5212650539503],[-80.4655770338939,25.5212370293422],[-80.4676163227766,25.5212089787862],[-80.4696556089643,25.5211808949866],[-80.4778934448857,25.5210673550756],[-80.4779028556366,25.5223134176568],[-80.4779073723659,25.522911334575],[-80.477913754896,25.5237565605695],[-80.4779213007444,25.524755310869],[-80.4779264822269,25.5254414102377],[-80.4779352309195,25.5265992855762],[-80.4779479573521,25.528283997242],[-80.4779491610946,25.5284432538304],[-80.4779698492956,25.5302705342572],[-80.4779905446831,25.5320978046835],[-80.4780112364773,25.533925074834],[-80.4780319318648,25.5357523447059],[-80.469834963899,25.5358603021456],[-80.4677919011939,25.5358857514191],[-80.4657488313021,25.5359111698859],[-80.4637057676986,25.5359365632198],[-80.4616627014002,25.5359619241258],[-80.4616423464742,25.534123702517],[-80.4616219834633,25.5322854794842],[-80.4616016222491,25.5304472509769],[-80.4615812655264,25.5286090275357],[-80.4615605629524,25.526780035701],[-80.4615398648699,25.5249510427354],[-80.4615191596009,25.52312204702],[-80.4614984606201,25.5212930534214]]]},"properties":{"OBJECTID":1600,"CATEGORY":4,"ZONEID":"D"}},{"type":"Feature","id":1601,"geometry":{"type":"Polygon","coordinates":[[[-80.2533498476964,25.3545813047763],[-80.2531810713225,25.3405948960991],[-80.2689609413837,25.3404889840057],[-80.2692101421284,25.3544171138244],[-80.2533498476964,25.3545813047763]]]},"properties":{"OBJECTID":1601,"CATEGORY":1,"ZONEID":"A"}},{"type":"Feature","id":1602,"geometry":{"type":"Polygon","coordinates":[[[-80.1914470295026,25.4825654020822],[-80.1752911300533,25.4826268100821],[-80.1754490583719,25.4683180484533],[-80.1914151689544,25.4682656354712],[-80.1914470295026,25.4825654020822]]]},"properties":{"OBJECTID":1602,"CATEGORY":1,"ZONEID":"A"}},{"type":"Feature","id":1603,"geometry":{"type":"Polygon","coordinates":[[[-80.1752911300533,25.4826268100821],[-80.1914470295026,25.4825654020822],[-80.1913744339495,25.4969705603508],[-80.1750191875589,25.4970662127162],[-80.1752911300533,25.4826268100821]]]},"properties":{"OBJECTID":1603,"CATEGORY":1,"ZONEID":"A"}},{"type":"Feature","id":1604,"geometry":{"type":"Polygon","coordinates":[[[-80.1914470295026,25.4825654020822],[-80.1914151689544,25.4682656354712],[-80.2075189777953,25.4680837648577],[-80.2074204559648,25.4823637713871],[-80.1914470295026,25.4825654020822]]]},"properties":{"OBJECTID":1604,"CATEGORY":1,"ZONEID":"A"}},{"type":"Feature","id":1605,"geometry":{"type":"Polygon","coordinates":[[[-80.2533498476964,25.3545813047763],[-80.2377189578351,25.3548620043107],[-80.2373989698461,25.340736330204],[-80.2531810713225,25.3405948960991],[-80.2533498476964,25.3545813047763]]]},"properties":{"OBJECTID":1605,"CATEGORY":1,"ZONEID":"A"}},{"type":"Feature","id":1606,"geometry":{"type":"Polygon","coordinates":[[[-80.1751040567937,25.5116574417053],[-80.1912237721033,25.5117506161433],[-80.1914636195892,25.5260528450418],[-80.1753630554632,25.5262012770178],[-80.1751040567937,25.5116574417053]]]},"properties":{"OBJECTID":1606,"CATEGORY":1,"ZONEID":"A"}},{"type":"Feature","id":1607,"geometry":{"type":"Polygon","coordinates":[[[-80.191589036081,25.4398349559064],[-80.2071394386895,25.4397501915432],[-80.2075539528026,25.4535897908522],[-80.191542240143,25.4536174135117],[-80.191589036081,25.4398349559064]]]},"properties":{"OBJECTID":1607,"CATEGORY":1,"ZONEID":"A"}},{"type":"Feature","id":1608,"geometry":{"type":"Polygon","coordinates":[[[-80.1915328931724,25.425564215987],[-80.2071084315408,25.4255646200184],[-80.2071394386895,25.4397501915432],[-80.191589036081,25.4398349559064],[-80.1915328931724,25.425564215987]]]},"properties":{"OBJECTID":1608,"CATEGORY":1,"ZONEID":"A"}},{"type":"Feature","id":1609,"geometry":{"type":"Polygon","coordinates":[[[-80.2381389157389,25.3965591403467],[-80.2539888876299,25.3965248324278],[-80.2540918049171,25.4104819738985],[-80.2384662070312,25.4105566730356],[-80.2381389157389,25.3965591403467]]]},"properties":{"OBJECTID":1609,"CATEGORY":1,"ZONEID":"A"}},{"type":"Feature","id":1610,"geometry":{"type":"Polygon","coordinates":[[[-80.1914151689544,25.4682656354712],[-80.1754490583719,25.4683180484533],[-80.1755413854201,25.4535965839749],[-80.191542240143,25.4536174135117],[-80.1914151689544,25.4682656354712]]]},"properties":{"OBJECTID":1610,"CATEGORY":1,"ZONEID":"A"}},{"type":"Feature","id":1611,"geometry":{"type":"Polygon","coordinates":[[[-80.1751040567937,25.5116574417053],[-80.1750191875589,25.4970662127162],[-80.1913744339495,25.4969705603508],[-80.1912237721033,25.5117506161433],[-80.1751040567937,25.5116574417053]]]},"properties":{"OBJECTID":1611,"CATEGORY":1,"ZONEID":"A"}},{"type":"Feature","id":1612,"geometry":{"type":"Polygon","coordinates":[[[-80.2381389157389,25.3965591403467],[-80.2379874993079,25.382669986161],[-80.2537731176886,25.3826560697166],[-80.2539888876299,25.3965248324278],[-80.2381389157389,25.3965591403467]]]},"properties":{"OBJECTID":1612,"CATEGORY":1,"ZONEID":"A"}},{"type":"Feature","id":1613,"geometry":{"type":"Polygon","coordinates":[[[-80.2071084315408,25.4255646200184],[-80.2227772913925,25.4255467412249],[-80.2231259545037,25.4397850339212],[-80.2071394386895,25.4397501915432],[-80.2071084315408,25.4255646200184]]]},"properties":{"OBJECTID":1613,"CATEGORY":1,"ZONEID":"A"}},{"type":"Feature","id":1614,"geometry":{"type":"Polygon","coordinates":[[[-80.1909994457089,25.4111326843412],[-80.2067727913062,25.4109386066533],[-80.2071084315408,25.4255646200184],[-80.1915328931724,25.425564215987],[-80.1909994457089,25.4111326843412]]]},"properties":{"OBJECTID":1614,"CATEGORY":1,"ZONEID":"A"}},{"type":"Feature","id":1615,"geometry":{"type":"Polygon","coordinates":[[[-80.2062774009698,25.3970556696321],[-80.2067727913062,25.4109386066533],[-80.1909994457089,25.4111326843412],[-80.1908158354547,25.3972986567427],[-80.2062774009698,25.3970556696321]]]},"properties":{"OBJECTID":1615,"CATEGORY":1,"ZONEID":"A"}},{"type":"Feature","id":1616,"geometry":{"type":"Polygon","coordinates":[[[-80.1753630554632,25.5262012770178],[-80.1593459978276,25.5262472948085],[-80.1590014867296,25.511770624069],[-80.1751040567937,25.5116574417053],[-80.1753630554632,25.5262012770178]]]},"properties":{"OBJECTID":1616,"CATEGORY":1,"ZONEID":"A"}},{"type":"Feature","id":1617,"geometry":{"type":"Polygon","coordinates":[[[-80.1914470295026,25.4825654020822],[-80.2074204559648,25.4823637713871],[-80.2073693831477,25.4969604971814],[-80.1913744339495,25.4969705603508],[-80.1914470295026,25.4825654020822]]]},"properties":{"OBJECTID":1617,"CATEGORY":1,"ZONEID":"A"}},{"type":"Feature","id":1618,"geometry":{"type":"Polygon","coordinates":[[[-80.253772911076,25.382588342781],[-80.2697696793626,25.3824955828943],[-80.269993911434,25.3964131508617],[-80.2539888876299,25.3965248324278],[-80.2537731176886,25.3826560697166],[-80.253772911076,25.382588342781]]]},"properties":{"OBJECTID":1618,"CATEGORY":1,"ZONEID":"A"}},{"type":"Feature","id":1619,"geometry":{"type":"Polygon","coordinates":[[[-80.395732950485,25.4334841332821],[-80.4038509673171,25.4334129343143],[-80.4119688044862,25.4333413402229],[-80.411925812015,25.440710507422],[-80.4118826560504,25.4480797810415],[-80.403769000539,25.4480996730251],[-80.3957035001168,25.4481189006687],[-80.3957193032793,25.4408020487297],[-80.395732950485,25.4334841332821]]]},"properties":{"OBJECTID":1619,"CATEGORY":2,"ZONEID":"B"}},{"type":"Feature","id":1620,"geometry":{"type":"Polygon","coordinates":[[[-80.4119688044862,25.4333413402229],[-80.4199877811599,25.4333484533113],[-80.4280067371723,25.4333552102581],[-80.428034228315,25.4406876095105],[-80.4280615344046,25.4480201107488],[-80.4199720929817,25.4480501259756],[-80.4118826560504,25.4480797810415],[-80.411925812015,25.440710507422],[-80.4119688044862,25.4333413402229]]]},"properties":{"OBJECTID":1620,"CATEGORY":2,"ZONEID":"B"}},{"type":"Feature","id":1621,"geometry":{"type":"Polygon","coordinates":[[[-80.4280067371723,25.4333552102581],[-80.4360832707029,25.4333301943826],[-80.4441595985193,25.4333047566488],[-80.4442069864472,25.4406421397793],[-80.4442543707818,25.4479795399297],[-80.436159447839,25.4479999940616],[-80.4280615344046,25.4480201107488],[-80.428034228315,25.4406876095105],[-80.4280067371723,25.4333552102581]]]},"properties":{"OBJECTID":1621,"CATEGORY":2,"ZONEID":"B"}},{"type":"Feature","id":1622,"geometry":{"type":"Polygon","coordinates":[[[-80.4441595985193,25.4333047566488],[-80.4523801813972,25.4332552286617],[-80.4606007481055,25.4332052309367],[-80.4606361641856,25.4405594551077],[-80.4606717734035,25.4479137412935],[-80.4524540822024,25.4479468673345],[-80.4442543707818,25.4479795399297],[-80.4442069864472,25.4406421397793],[-80.4441595985193,25.4333047566488]]]},"properties":{"OBJECTID":1622,"CATEGORY":2,"ZONEID":"B"}},{"type":"Feature","id":1623,"geometry":{"type":"Polygon","coordinates":[[[-80.4688449306244,25.4332092215071],[-80.4771609029074,25.4332130133196],[-80.4771612424706,25.4336056883618],[-80.4771625189766,25.4350411552089],[-80.4771641386391,25.436869288827],[-80.4771650279712,25.4378679986251],[-80.4771657636914,25.4386974214725],[-80.4771673851505,25.4405255563876],[-80.47716782263,25.4411645969228],[-80.4771686356054,25.4423556428708],[-80.4771690739832,25.4429963926084],[-80.4771698932468,25.4441857258805],[-80.4771711454983,25.4460158102812],[-80.4771715174008,25.4465642152325],[-80.4771723968515,25.4478458920143],[-80.4771723501391,25.447845900937],[-80.4689224390637,25.4478798373432],[-80.4606717734035,25.4479137412935],[-80.4606361641856,25.4405594551077],[-80.4606007481055,25.4332052309367],[-80.4688449306244,25.4332092215071]]]},"properties":{"OBJECTID":1623,"CATEGORY":2,"ZONEID":"B"}},{"type":"Feature","id":1624,"geometry":{"type":"Polygon","coordinates":[[[-80.4912810222935,25.4331604503832],[-80.4932986330318,25.4331529722182],[-80.4933098763459,25.4349870857779],[-80.4933211232532,25.4368212006197],[-80.4933323629741,25.4386553151184],[-80.4933436089831,25.440489427649],[-80.4933547894151,25.442300504323],[-80.4933659707455,25.4441115805319],[-80.4933771538724,25.4459226587065],[-80.4933883352027,25.4477337307326],[-80.4913708053129,25.4477430712236],[-80.4893532790163,25.4477523857568],[-80.4873357509231,25.4477616710876],[-80.4853182219315,25.4477709272159],[-80.4832817672335,25.4477897120196],[-80.481245308044,25.4478084684299],[-80.4792088524477,25.447827193202],[-80.4771723968515,25.4478458920143],[-80.4771715174008,25.4465642152325],[-80.4771711454983,25.4460158102812],[-80.4771698932468,25.4441857258805],[-80.4771690739832,25.4429963926084],[-80.4771686356054,25.4423556428708],[-80.47716782263,25.4411645969228],[-80.4771673851505,25.4405255563876],[-80.4771657636914,25.4386974214725],[-80.4771650279712,25.4378679986251],[-80.4771641386391,25.436869288827],[-80.4771625189766,25.4350411552089],[-80.4771612424706,25.4336056883618],[-80.4771609029074,25.4332130133196],[-80.4791777150434,25.4332054832374],[-80.4811945451456,25.4331979198933],[-80.4832113680614,25.4331903289659],[-80.4852281927737,25.4331827128891],[-80.4872458026137,25.4331753199074],[-80.4892634124536,25.4331678985313],[-80.4912810222935,25.4331604503832]]]},"properties":{"OBJECTID":1624,"CATEGORY":2,"ZONEID":"B"}},{"type":"Feature","id":1625,"geometry":{"type":"Polygon","coordinates":[[[-80.4932986330319,25.4331529722182],[-80.4953369921583,25.4331412422554],[-80.4973753503863,25.4331294757849],[-80.4994137059194,25.4331176874094],[-80.5014520650458,25.4331058706387],[-80.5034640505337,25.433094499247],[-80.50547603692,25.4330831010828],[-80.5074880233062,25.433071669656],[-80.5095000096924,25.4330602155128],[-80.5095116644349,25.4348825106431],[-80.5095233209741,25.4367048082257],[-80.5095349784115,25.4385271033903],[-80.5095466367473,25.4403493969456],[-80.5095574964808,25.4421815911592],[-80.5095683553159,25.4440137826466],[-80.5095792150494,25.4458459762723],[-80.5095900783761,25.4476781720335],[-80.5075836840024,25.4476799703729],[-80.5055772923237,25.4476817500557],[-80.5035708997468,25.4476834989144],[-80.5015645107631,25.4476852201936],[-80.4995204653009,25.4476973908217],[-80.4974764225338,25.447709533869],[-80.4954323797666,25.44772164528],[-80.4933883352029,25.4477337307327],[-80.4933771538725,25.4459226587065],[-80.4933659707455,25.4441115805319],[-80.4933547894152,25.442300504323],[-80.4933436089832,25.440489427649],[-80.4933323629741,25.4386553151184],[-80.4933211232533,25.4368212006197],[-80.4933098763459,25.4349870857779],[-80.4932986330319,25.4331529722182]]]},"properties":{"OBJECTID":1625,"CATEGORY":3,"ZONEID":"C"}},{"type":"Feature","id":1626,"geometry":{"type":"Polygon","coordinates":[[[-80.5095000096924,25.4330602155128],[-80.5115446417544,25.4330600686752],[-80.5135892711214,25.4330598893873],[-80.5156339058784,25.4330596792716],[-80.5176785388387,25.4330594464408],[-80.5196893044145,25.4330485901932],[-80.521700066397,25.4330377120408],[-80.5237108310745,25.4330268038708],[-80.5257215948535,25.4330158681171],[-80.5257378453771,25.4348377850666],[-80.5257540959006,25.4366596988011],[-80.5257703518139,25.4384816174304],[-80.5257866023374,25.4403035304058],[-80.525802850166,25.4421254466482],[-80.5258190944013,25.4439473669658],[-80.5258353422298,25.4457692808105],[-80.52585158916,25.4475911954805],[-80.5237900193634,25.4475984204785],[-80.5217284468718,25.4476056089739],[-80.5196668752785,25.4476127715118],[-80.5176053027869,25.4476199048475],[-80.5156014955613,25.4476345146381],[-80.513597691929,25.4476490903582],[-80.5115938811101,25.4476636417418],[-80.5095900783761,25.4476781720335],[-80.5095792150494,25.4458459762723],[-80.5095683553159,25.4440137826466],[-80.5095574964808,25.4421815911592],[-80.5095466367473,25.4403493969456],[-80.5095349784115,25.4385271033903],[-80.5095233209741,25.4367048082257],[-80.5095116644349,25.4348825106431],[-80.5095000096924,25.4330602155128]]]},"properties":{"OBJECTID":1626,"CATEGORY":4,"ZONEID":"D"}},{"type":"Feature","id":1627,"geometry":{"type":"Polygon","coordinates":[[[-80.5902619125357,25.4911665995626],[-80.6064804533063,25.4910999228627],[-80.6065704474297,25.5057972844564],[-80.590276988961,25.5058209385819],[-80.5902619125357,25.4911665995626]]]},"properties":{"OBJECTID":1627,"CATEGORY":4,"ZONEID":"D"}},{"type":"Feature","id":1628,"geometry":{"type":"Polygon","coordinates":[[[-80.8290801528146,25.2429000376184],[-80.8289600525527,25.2282801346027],[-80.8447901573029,25.2282300334481],[-80.844890057149,25.242790037615],[-80.8290801528146,25.2429000376184]]]},"properties":{"OBJECTID":1628,"CATEGORY":1,"ZONEID":"A"}},{"type":"Feature","id":1629,"geometry":{"type":"MultiPolygon","coordinates":[[[[-80.7970401419003,25.1845200233433],[-80.7968848420523,25.1807386227716],[-80.7986251428623,25.1813862231474],[-80.7996200423108,25.1815500231614],[-80.8017400430251,25.181560023174],[-80.802995143089,25.1820251224379],[-80.8040800447458,25.1824700225096],[-80.8063651441313,25.183899923888],[-80.8074100456051,25.1838951227386],[-80.8079233456534,25.184133323255],[-80.8084551447084,25.1838750231057],[-80.8081151449497,25.1832001238801],[-80.8078400448771,25.1824700233226],[-80.807925045266,25.1816650228501],[-80.8083701443196,25.1810900225085],[-80.8092300449472,25.180750022748],[-80.8106100449715,25.1800200221375],[-80.8113867454341,25.1796867222102],[-80.811785046753,25.1803800225285],[-80.8102801458699,25.181799922425],[-80.8098300458951,25.1828400228869],[-80.8093300454046,25.1835900241818],[-80.8107001459945,25.1836500232405],[-80.8115951455969,25.1833799231885],[-80.8122826460468,25.1831700234401],[-80.8123101470709,25.1844699236842],[-80.7970401419003,25.1845200233433]]],[[[-80.8088301455254,25.1705900193699],[-80.8090567446575,25.1698100197085],[-80.8103500455788,25.1699199198259],[-80.8109213453534,25.1699048195923],[-80.8122001456693,25.1698800200174],[-80.8121417452944,25.1756149217448],[-80.8111401462105,25.175239921524],[-80.8106300459613,25.174910020633],[-80.8099599449801,25.1742100210392],[-80.8094800451924,25.1734801210936],[-80.8089801444149,25.1721901206736],[-80.8088500450056,25.1716199203558],[-80.8088301455254,25.1705900193699]]]]},"properties":{"OBJECTID":1629,"CATEGORY":1,"ZONEID":"A"}},{"type":"Feature","id":1630,"geometry":{"type":"Polygon","coordinates":[[[-80.8140956466144,25.1698254199588],[-80.8284900504028,25.1698299200316],[-80.8286100509517,25.1844101233827],[-80.8123101470709,25.1844699236842],[-80.8122826460468,25.1831700234401],[-80.8132287463141,25.1825575229475],[-80.8141915471609,25.1825439233341],[-80.8136750464153,25.1819401222227],[-80.8134351459288,25.180740021856],[-80.8130601469084,25.1797201224833],[-80.8130601469084,25.1788200215546],[-80.8127300456859,25.1780899215833],[-80.8125451463492,25.1775149214463],[-80.8129100465092,25.1765500214079],[-80.8128851461079,25.1759750213233],[-80.8121417452944,25.1756149217448],[-80.8122001456693,25.1698800200174],[-80.8140956466144,25.1698254199588]]]},"properties":{"OBJECTID":1630,"CATEGORY":1,"ZONEID":"A"}},{"type":"Feature","id":1631,"geometry":{"type":"Polygon","coordinates":[[[-80.8581099595176,25.198759925759],[-80.8445800557311,25.1988100268562],[-80.8444800552736,25.1843599228758],[-80.8581601591723,25.1843100231304],[-80.8581500603119,25.1853700235272],[-80.8581099595176,25.198759925759]]]},"properties":{"OBJECTID":1631,"CATEGORY":1,"ZONEID":"A"}},{"type":"Feature","id":1632,"geometry":{"type":"Polygon","coordinates":[[[-80.8445800557311,25.1988100268562],[-80.8287200505566,25.1988700265468],[-80.8286100509517,25.1844101233827],[-80.8444800552736,25.1843599228758],[-80.8445800557311,25.1988100268562]]]},"properties":{"OBJECTID":1632,"CATEGORY":1,"ZONEID":"A"}},{"type":"Feature","id":1633,"geometry":{"type":"Polygon","coordinates":[[[-80.8025500431371,25.199102526694],[-80.8007234429743,25.199040027677],[-80.7979400418126,25.199036726789],[-80.7971800428275,25.1990316523137],[-80.7971800428275,25.1932634262105],[-80.7970401419003,25.1845200233433],[-80.8123101470709,25.1844699236842],[-80.8124100460187,25.1989300270206],[-80.8025500431371,25.199102526694]]]},"properties":{"OBJECTID":1633,"CATEGORY":1,"ZONEID":"A"}},{"type":"Feature","id":1634,"geometry":{"type":"Polygon","coordinates":[[[-80.7804558385868,25.199175628175],[-80.7804588380615,25.1923606258037],[-80.7804677367728,25.1917620253443],[-80.7804333375856,25.191156726259],[-80.7803800369465,25.1876899252205],[-80.780360136568,25.1845700246181],[-80.7970401419003,25.1845200233433],[-80.7971800428275,25.1932634262105],[-80.7971800428275,25.1990316523137],[-80.7897052404001,25.1989815277356],[-80.7812253372558,25.1991858275086],[-80.7804558385868,25.199175628175]]]},"properties":{"OBJECTID":1634,"CATEGORY":1,"ZONEID":"A"}},{"type":"Feature","id":1635,"geometry":{"type":"Polygon","coordinates":[[[-80.8445800557311,25.1988100268562],[-80.8581099595176,25.198759925759],[-80.8580600607985,25.2133300292318],[-80.8447226614857,25.2133046931542],[-80.8447234564947,25.2014766275641],[-80.8445800557311,25.1988100268562]]]},"properties":{"OBJECTID":1635,"CATEGORY":1,"ZONEID":"A"}},{"type":"Feature","id":1636,"geometry":{"type":"Polygon","coordinates":[[[-80.8287200505566,25.1988700265468],[-80.8124100460187,25.1989300270206],[-80.8123101470709,25.1844699236842],[-80.8286100509517,25.1844101233827],[-80.8287200505566,25.1988700265468]]]},"properties":{"OBJECTID":1636,"CATEGORY":1,"ZONEID":"A"}},{"type":"Feature","id":1637,"geometry":{"type":"Polygon","coordinates":[[[-80.7133199269262,25.543193316432],[-80.7132851252938,25.5285550131402],[-80.7166001269828,25.5287800132458],[-80.7291601305369,25.5287600122087],[-80.7294300302623,25.5428949162761],[-80.7166201270743,25.5432301170213],[-80.7133199269262,25.543193316432]]]},"properties":{"OBJECTID":1637,"CATEGORY":3,"ZONEID":"C"}},{"type":"Feature","id":1647,"geometry":{"type":"Polygon","coordinates":[[[-80.3799303171145,25.3890799578482],[-80.3799563934106,25.3846414075431],[-80.3799734416381,25.3817386464729],[-80.3800165508902,25.3743973303265],[-80.388066948836,25.3744097258752],[-80.3961173539682,25.374421677449],[-80.3961139843876,25.3817328922098],[-80.3961106031288,25.3890441074748],[-80.3880204574267,25.3890622578689],[-80.3799304033528,25.389079961906],[-80.3799303539454,25.389079961906],[-80.3799303171145,25.3890799578482]]]},"properties":{"OBJECTID":1647,"CATEGORY":1,"ZONEID":"A"}},{"type":"Feature","id":1649,"geometry":{"type":"Polygon","coordinates":[[[-80.8454000603802,25.3504234657031],[-80.8453701590576,25.3360933616008],[-80.849960161189,25.3360699607523],[-80.8621301647557,25.3360300602737],[-80.8621800652714,25.3504200650184],[-80.8500000616589,25.3504500647532],[-80.8454000603802,25.3504234657031]]]},"properties":{"OBJECTID":1649,"CATEGORY":1,"ZONEID":"A"}},{"type":"Feature","id":1650,"geometry":{"type":"Polygon","coordinates":[[[-80.4939888526821,25.5062742472081],[-80.4954315443335,25.5062645334466],[-80.4960174516129,25.5062605793511],[-80.4960174992236,25.5062605785404],[-80.4980461421719,25.5062468677114],[-80.4995173427571,25.5062369115292],[-80.5000747851201,25.506233135801],[-80.5010452584777,25.506226554018],[-80.5021034343566,25.5062193698369],[-80.5026885250674,25.5062139871734],[-80.5041340697681,25.5062006849643],[-80.5061647042813,25.5061819749552],[-80.5073037438071,25.5061714690693],[-80.5081953325064,25.5061632349448],[-80.5102259742061,25.5061444681762],[-80.5102259742061,25.5061445079037],[-80.5102440716658,25.5079829902988],[-80.5102621691255,25.5098215126485],[-80.510280262992,25.511660033601],[-80.5102983649433,25.5134985572072],[-80.5103089875215,25.5153396704163],[-80.5103196065065,25.5171807853834],[-80.5103302335763,25.5190218972415],[-80.5103408552561,25.5208630124734],[-80.5083216580931,25.520886844409],[-80.5063024609301,25.5209106463453],[-80.5042832673603,25.5209344255782],[-80.5022640701973,25.5209581772437],[-80.5002422059361,25.5209771508481],[-80.498220341675,25.5209960985082],[-80.4961984801089,25.5210150153601],[-80.4941766122545,25.5210339070784],[-80.4941489755848,25.5191951316487],[-80.4941213353218,25.5173563539893],[-80.4940936995504,25.5155175773459],[-80.4940660592874,25.5136787960462],[-80.4940467553902,25.5118276611102],[-80.4940274550864,25.5099765276294],[-80.4940081556808,25.5081253947959],[-80.4939888526821,25.5062742472081]]]},"properties":{"OBJECTID":1650,"CATEGORY":4,"ZONEID":"D"}},{"type":"Feature","id":1651,"geometry":{"type":"Polygon","coordinates":[[[-80.4307090581931,25.6256884600675],[-80.4388267444452,25.625440458623],[-80.447005101115,25.6253526948341],[-80.4473249929844,25.6327518857519],[-80.4476424818603,25.6400943225567],[-80.4395421600427,25.6403009746856],[-80.4314381281829,25.6405093830329],[-80.4310207026298,25.6332270351132],[-80.4307090581931,25.6256884600675]]]},"properties":{"OBJECTID":1651,"CATEGORY":4,"ZONEID":"D"}},{"type":"Feature","id":1655,"geometry":{"type":"Polygon","coordinates":[[[-80.7783000462966,25.6173500341777],[-80.7650101427095,25.6176199348538],[-80.7618500420165,25.6176000345133],[-80.7618500429148,25.6166800346196],[-80.7617501421704,25.6028100312451],[-80.765029943375,25.6026500309939],[-80.7783300473321,25.6026500301838],[-80.7783000471949,25.6164601342668],[-80.7783000462966,25.6173500341777]]]},"properties":{"OBJECTID":1655,"CATEGORY":4,"ZONEID":"D"}},{"type":"Feature","id":1681,"geometry":{"type":"Polygon","coordinates":[[[-80.8109399602425,25.7483200668022],[-80.8108100602591,25.7344699631635],[-80.8136200605365,25.7345200633802],[-80.8248561692456,25.734403280448],[-80.824793669858,25.7473244463714],[-80.8247829987708,25.7495301542185],[-80.8136200614348,25.7497199674023],[-80.810930160521,25.7497400665742],[-80.8109399602425,25.7483200668022]]]},"properties":{"OBJECTID":1681,"CATEGORY":5,"ZONEID":"E"}},{"type":"Feature","id":1682,"geometry":{"type":"Polygon","coordinates":[[[-80.6834389745765,25.4614104498042],[-80.6834901156656,25.4545799953592],[-80.6969700201218,25.4546265945731],[-80.696870018766,25.469133398848],[-80.6833821983556,25.4692699776475],[-80.6833801151624,25.4692699987338],[-80.6834389718815,25.4614107563872],[-80.6834389745765,25.4614104498042]]]},"properties":{"OBJECTID":1682,"CATEGORY":3,"ZONEID":"C"}},{"type":"Feature","id":1683,"geometry":{"type":"Polygon","coordinates":[[[-80.6835822558643,25.4398600539859],[-80.6971201196226,25.4396266908845],[-80.6969700201218,25.4546265945731],[-80.6834901156656,25.4545799953592],[-80.6835380282096,25.4467446055447],[-80.6835822558643,25.4398600539859]]]},"properties":{"OBJECTID":1683,"CATEGORY":3,"ZONEID":"C"}},{"type":"Feature","id":1684,"geometry":{"type":"Polygon","coordinates":[[[-80.6971201196226,25.4396266908845],[-80.700550120041,25.4395200901201],[-80.7128400244436,25.4393599904547],[-80.7128700236826,25.4543065941772],[-80.7004200197334,25.4546099943504],[-80.6969700201218,25.4546265945731],[-80.6971201196226,25.4396266908845]]]},"properties":{"OBJECTID":1684,"CATEGORY":3,"ZONEID":"C"}},{"type":"Feature","id":1685,"geometry":{"type":"Polygon","coordinates":[[[-80.7874331396369,25.2135140313827],[-80.7963132422402,25.2134787312743],[-80.7972701429522,25.2135501312067],[-80.7973901426028,25.2283800345514],[-80.780710138169,25.2284300348781],[-80.7806100379986,25.2162874318652],[-80.780585629874,25.2135789774111],[-80.7874331396369,25.2135140313827]]]},"properties":{"OBJECTID":1685,"CATEGORY":1,"ZONEID":"A"}},{"type":"Feature","id":1686,"geometry":{"type":"Polygon","coordinates":[[[-80.7652200340758,25.2433499397567],[-80.7651701335601,25.2284699358212],[-80.780710138169,25.2284300348781],[-80.7808300381066,25.2432400392893],[-80.7652200340758,25.2433499397567]]]},"properties":{"OBJECTID":1686,"CATEGORY":1,"ZONEID":"A"}},{"type":"Feature","id":1687,"geometry":{"type":"Polygon","coordinates":[[[-80.7975100434388,25.2431300379686],[-80.7973901426028,25.2283800345514],[-80.8126299473119,25.2283299350632],[-80.8127300474823,25.2430200381733],[-80.7975100434388,25.2431300379686]]]},"properties":{"OBJECTID":1687,"CATEGORY":1,"ZONEID":"A"}},{"type":"Feature","id":1688,"geometry":{"type":"Polygon","coordinates":[[[-80.8127300474823,25.2430200381733],[-80.8126299473119,25.2283299350632],[-80.8289600525527,25.2282801346027],[-80.8290801528146,25.2429000376184],[-80.8127300474823,25.2430200381733]]]},"properties":{"OBJECTID":1688,"CATEGORY":1,"ZONEID":"A"}},{"type":"Feature","id":1689,"geometry":{"type":"Polygon","coordinates":[[[-80.7802401369175,25.169979919923],[-80.7964000410563,25.1699300199812],[-80.7957000405492,25.1710800199928],[-80.7951101411567,25.1726900212976],[-80.7946100409532,25.1748200212705],[-80.7943300405707,25.1755299211238],[-80.7940551408224,25.1765876215627],[-80.794760040741,25.1784299230743],[-80.7954113417799,25.1796163226804],[-80.7960700413434,25.1802600227873],[-80.7968848420523,25.1807386227716],[-80.7970401419003,25.1845200233433],[-80.780360136568,25.1845700246181],[-80.7803190368472,25.1734827210578],[-80.7802401369175,25.169979919923]]]},"properties":{"OBJECTID":1689,"CATEGORY":1,"ZONEID":"A"}},{"type":"Feature","id":1690,"geometry":{"type":"Polygon","coordinates":[[[-80.8284900504028,25.1698299200316],[-80.8317267522367,25.1698100197085],[-80.8322201519065,25.170730019865],[-80.8332501521265,25.1719700203678],[-80.8340100522966,25.1726100202299],[-80.835472452087,25.1733050201302],[-80.8372100534596,25.1740599198502],[-80.8377401529021,25.1744700213111],[-80.8394800539618,25.1755299203109],[-80.8403601550052,25.1758699216262],[-80.841500055117,25.1761301207895],[-80.8435100553282,25.1759901208051],[-80.8446701558558,25.1761049208692],[-80.8444800552736,25.1843599228758],[-80.8286100509517,25.1844101233827],[-80.8284900504028,25.1698299200316]]]},"properties":{"OBJECTID":1690,"CATEGORY":1,"ZONEID":"A"}},{"type":"Feature","id":1691,"geometry":{"type":"Polygon","coordinates":[[[-80.8255401491981,25.1605500178745],[-80.8267650496987,25.1605350173029],[-80.827170050653,25.1622550185163],[-80.827860050216,25.1631400179034],[-80.8281099507482,25.1637400183827],[-80.8284300510267,25.165390017896],[-80.8285413504938,25.1662617183219],[-80.8284900504028,25.1698299200316],[-80.8140956466144,25.1698254199588],[-80.8122001456693,25.1698800200174],[-80.8121800458648,25.1664300193448],[-80.8129100456108,25.1659600180686],[-80.8152100471485,25.1647401177773],[-80.8175501476839,25.1638501182924],[-80.8194201481529,25.1634801188153],[-80.8209950493562,25.1629750182704],[-80.8217100481353,25.1626099173208],[-80.8227350492307,25.1619650174259],[-80.8241099495191,25.1610500174423],[-80.8249101490113,25.1607101179032],[-80.8255401491981,25.1605500178745]]]},"properties":{"OBJECTID":1691,"CATEGORY":1,"ZONEID":"A"}},{"type":"Feature","id":1692,"geometry":{"type":"Polygon","coordinates":[[[-80.7650827571273,25.1991074345371],[-80.7651064573794,25.1980854698978],[-80.7650500323998,25.1980900282638],[-80.7651046742236,25.1976829544543],[-80.7652867330873,25.1963266269301],[-80.7651950330631,25.1955075272847],[-80.7650621515713,25.1880779357953],[-80.7650001327824,25.1846101244746],[-80.7650467984648,25.184610004975],[-80.780360136568,25.1845700246181],[-80.7803800369465,25.1876899252205],[-80.7804333375856,25.191156726259],[-80.7804677367728,25.1917620253443],[-80.7804588380615,25.1923606258037],[-80.7804558385868,25.199175628175],[-80.7793400375792,25.1990470277376],[-80.7785799361863,25.199049127268],[-80.7778998369561,25.199330227482],[-80.7689999336872,25.1991550287373],[-80.7682699339413,25.1991213281699],[-80.7651109812952,25.1991075572738],[-80.7650827571273,25.1991074345371]]]},"properties":{"OBJECTID":1692,"CATEGORY":1,"ZONEID":"A"}},{"type":"Feature","id":1693,"geometry":{"type":"Polygon","coordinates":[[[-80.8446701558558,25.1761049208692],[-80.8457051552003,25.1764701204307],[-80.84643015672,25.176929920644],[-80.8479201563491,25.1770000209253],[-80.8489800569933,25.1772300206513],[-80.8501150567952,25.1772650215259],[-80.8515000577407,25.1772100215407],[-80.8524600585388,25.1767899207652],[-80.8537200580141,25.1765400209843],[-80.8548501584045,25.176449921203],[-80.8581800595508,25.176449921203],[-80.8581700595051,25.1793100208014],[-80.8581601591723,25.1843100231304],[-80.8444800552736,25.1843599228758],[-80.8446701558558,25.1761049208692]]]},"properties":{"OBJECTID":1693,"CATEGORY":1,"ZONEID":"A"}},{"type":"Feature","id":1694,"geometry":{"type":"Polygon","coordinates":[[[-80.8285413504938,25.1662617183219],[-80.8299300515999,25.1680000190212],[-80.830330051633,25.1684801192143],[-80.8309801516243,25.1690301191246],[-80.8317267522367,25.1698100197085],[-80.8284900504028,25.1698299200316],[-80.8285413504938,25.1662617183219]]]},"properties":{"OBJECTID":1694,"CATEGORY":1,"ZONEID":"A"}},{"type":"Feature","id":1695,"geometry":{"type":"Polygon","coordinates":[[[-80.7808300381066,25.2432400392893],[-80.780710138169,25.2284300348781],[-80.7973901426028,25.2283800345514],[-80.7975100434388,25.2431300379686],[-80.7808300381066,25.2432400392893]]]},"properties":{"OBJECTID":1695,"CATEGORY":1,"ZONEID":"A"}},{"type":"Feature","id":1696,"geometry":{"type":"Polygon","coordinates":[[[-80.713400129413,25.6625200471248],[-80.6998801259592,25.6625000473869],[-80.6973201259271,25.6624899471131],[-80.697340024509,25.6619200470517],[-80.6975001240556,25.6466399428527],[-80.6999300246783,25.6466000433244],[-80.7135701292923,25.6467100427365],[-80.713400129413,25.6616600464604],[-80.713400129413,25.6625200471248]]]},"properties":{"OBJECTID":1696,"CATEGORY":4,"ZONEID":"D"}},{"type":"Feature","id":1697,"geometry":{"type":"Polygon","coordinates":[[[-80.8132700508508,25.3645600696288],[-80.8134000505471,25.3505600661526],[-80.8176300528284,25.3505999650864],[-80.8293701559378,25.3505333656502],[-80.8298061559559,25.3644798686088],[-80.8298059556315,25.3644798661737],[-80.8255000537936,25.3644099682514],[-80.817710052296,25.3642901698184],[-80.8140000505968,25.3645799688959],[-80.8132700508508,25.3645600696288]]]},"properties":{"OBJECTID":1697,"CATEGORY":2,"ZONEID":"B"}},{"type":"Feature","id":1698,"geometry":{"type":"Polygon","coordinates":[[[-80.8293701559378,25.3505333656502],[-80.8339701563182,25.3505499655862],[-80.8454000603802,25.3504234657031],[-80.8459119608532,25.3644399685735],[-80.8416600594421,25.3644300680378],[-80.8340601567299,25.3644200692833],[-80.8298061559559,25.3644798686088],[-80.8293701559378,25.3505333656502]]]},"properties":{"OBJECTID":1698,"CATEGORY":1,"ZONEID":"A"}},{"type":"Feature","id":1700,"geometry":{"type":"Polygon","coordinates":[[[-80.781050141521,25.3361433630168],[-80.7809500404523,25.3218000591432],[-80.7809500413506,25.3211199591595],[-80.7856201417642,25.3210899594609],[-80.7981733459699,25.3213633587943],[-80.7968800450486,25.3361399627426],[-80.7854100419889,25.3361200628548],[-80.781050141521,25.3361433630168]]]},"properties":{"OBJECTID":1700,"CATEGORY":2,"ZONEID":"B"}},{"type":"Feature","id":1701,"geometry":{"type":"Polygon","coordinates":[[[-80.8290400547153,25.3064933547107],[-80.8338800561936,25.3063399547857],[-80.8450633592354,25.3063932542792],[-80.8453099593573,25.3212133572804],[-80.8340601558317,25.3212500584567],[-80.8293401549023,25.3213300575307],[-80.8290400547153,25.3064933547107]]]},"properties":{"OBJECTID":1701,"CATEGORY":1,"ZONEID":"A"}},{"type":"Feature","id":1702,"geometry":{"type":"Polygon","coordinates":[[[-80.7650601366502,25.306953355167],[-80.769310136328,25.3068599549837],[-80.7810201404855,25.3069366550473],[-80.7809500413506,25.3211199591595],[-80.7691401364487,25.3211900591165],[-80.764900035307,25.3213266584643],[-80.7650601366502,25.306953355167]]]},"properties":{"OBJECTID":1702,"CATEGORY":2,"ZONEID":"B"}},{"type":"Feature","id":1703,"geometry":{"type":"Polygon","coordinates":[[[-80.7649667352168,25.292506651291],[-80.7694001358413,25.2923500514553],[-80.7809966396593,25.2924300517431],[-80.7810201404855,25.3069366550473],[-80.769310136328,25.3068599549837],[-80.7650601366502,25.306953355167],[-80.7649667352168,25.292506651291]]]},"properties":{"OBJECTID":1703,"CATEGORY":2,"ZONEID":"B"}},{"type":"Feature","id":1704,"geometry":{"type":"Polygon","coordinates":[[[-80.8449980580024,25.2774200462869],[-80.8497500587188,25.2773600463673],[-80.8619601630798,25.2772599462514],[-80.8619500633211,25.2792250467813],[-80.8607300631303,25.2798900467354],[-80.8605533627173,25.2806566464103],[-80.8612300627225,25.2811500474683],[-80.8618550628865,25.281125047191],[-80.86198006256,25.2835100478479],[-80.8620000635498,25.2921100502751],[-80.8498700592678,25.2920900505614],[-80.8449700584134,25.2921866500251],[-80.8449980580024,25.2774200462869]]]},"properties":{"OBJECTID":1704,"CATEGORY":1,"ZONEID":"A"}},{"type":"Feature","id":1705,"geometry":{"type":"Polygon","coordinates":[[[-80.7165000223209,25.3509667678993],[-80.7167901224621,25.3364799645264],[-80.7208201238285,25.3364400641829],[-80.7325801264181,25.3366050638394],[-80.7325400265221,25.350976667914],[-80.7205301234002,25.3509000680007],[-80.7165000223209,25.3509667678993]]]},"properties":{"OBJECTID":1705,"CATEGORY":3,"ZONEID":"C"}},{"type":"Feature","id":1706,"geometry":{"type":"Polygon","coordinates":[[[-80.7490200318377,25.3508400671232],[-80.7533400336323,25.3508100674851],[-80.764730036326,25.3507499667103],[-80.7648841360248,25.364267970089],[-80.7610100363777,25.3642599705877],[-80.7531400336157,25.3642699709789],[-80.749124132206,25.3648000708874],[-80.7490200318377,25.3508400671232]]]},"properties":{"OBJECTID":1706,"CATEGORY":3,"ZONEID":"C"}},{"type":"Feature","id":1707,"geometry":{"type":"Polygon","coordinates":[[[-80.6723987515999,25.3514995312281],[-80.6842601128996,25.351469969317],[-80.6841680131251,25.3654039726328],[-80.6721500098944,25.3651998722443],[-80.6725001094117,25.3591800707683],[-80.6722201099276,25.3514999687914],[-80.6723987515999,25.3514995312281]]]},"properties":{"OBJECTID":1707,"CATEGORY":3,"ZONEID":"C"}},{"type":"Feature","id":1708,"geometry":{"type":"Polygon","coordinates":[[[-80.6842601128996,25.351469969317],[-80.6879801137463,25.3513700692439],[-80.7000900182239,25.3511300681119],[-80.7003461180299,25.3651340714602],[-80.6966401174269,25.3650399718284],[-80.6922100154162,25.3649299722393],[-80.6877100145948,25.3647799711625],[-80.6841680131251,25.3654039726328],[-80.6842601128996,25.351469969317]]]},"properties":{"OBJECTID":1708,"CATEGORY":3,"ZONEID":"C"}},{"type":"Feature","id":1709,"geometry":{"type":"Polygon","coordinates":[[[-80.8328648916504,25.820046350289],[-80.8409289745311,25.8199744377017],[-80.8411829606012,25.8344319047581],[-80.8371598475165,25.8344640432119],[-80.8274477863824,25.8345411652778],[-80.8250905073639,25.8345597858205],[-80.8248524187793,25.8226911143585],[-80.8248008024814,25.8201178164673],[-80.8273631435231,25.8200951569573],[-80.8288328466167,25.8200821395835],[-80.8328648916504,25.820046350289]]]},"properties":{"OBJECTID":1709,"CATEGORY":5,"ZONEID":"E"}},{"type":"Feature","id":1710,"geometry":{"type":"Polygon","coordinates":[[[-80.5094038162953,25.418447522131],[-80.5114169354571,25.418438002493],[-80.5125206505309,25.4184327635681],[-80.5134300555172,25.4184284430979],[-80.5154431719841,25.4184188617954],[-80.5174562650948,25.4184092472265],[-80.5174562956375,25.4184092472265],[-80.5194711781922,25.4183996391477],[-80.5214860598486,25.4183900034821],[-80.5214861254256,25.4183900034821],[-80.521641674107,25.418389256223],[-80.5235009459966,25.4183803426636],[-80.5255157989069,25.4183706510128],[-80.5255158294495,25.4183706510129],[-80.5255413757395,25.4201927366301],[-80.525566920233,25.4220148304071],[-80.5255924638281,25.4238369153031],[-80.5256180092198,25.4256590034854],[-80.5256439049545,25.4274982189534],[-80.5256697997909,25.429337434748],[-80.525695693729,25.4311766533002],[-80.5257215948535,25.4330158681171],[-80.5237108310745,25.4330268038708],[-80.521700066397,25.4330377120408],[-80.5196893044145,25.4330485901932],[-80.5176785388387,25.4330594464408],[-80.5156339058784,25.4330596792716],[-80.5135892711214,25.4330598893873],[-80.5115446417544,25.4330600686752],[-80.5095000096924,25.4330602155128],[-80.5094857983446,25.4312318480498],[-80.5094715887935,25.4294034804267],[-80.5094573774457,25.4275751085897],[-80.5094431687929,25.4257467398431],[-80.5094333286472,25.423921938314],[-80.5094234929932,25.4220971383663],[-80.5094136555425,25.4202723359461],[-80.5094038162953,25.418447522131]]]},"properties":{"OBJECTID":1710,"CATEGORY":4,"ZONEID":"D"}},{"type":"Feature","id":1711,"geometry":{"type":"Polygon","coordinates":[[[-80.6092066084281,25.6664321426853],[-80.6172258006974,25.6664054775121],[-80.6252449929668,25.6663783726769],[-80.6255330188981,25.6736412586743],[-80.6258210699821,25.680904142552],[-80.6097805061305,25.6809521490795],[-80.6094935447028,25.6736921463624],[-80.6092066084281,25.6664321426853]]]},"properties":{"OBJECTID":1711,"CATEGORY":5,"ZONEID":"E"}},{"type":"Feature","id":1712,"geometry":{"type":"Polygon","coordinates":[[[-80.6252449929668,25.6663783726769],[-80.6332641906261,25.6663508273697],[-80.641283390082,25.6663228407804],[-80.6415723888887,25.673585705872],[-80.6418614146448,25.6808485332262],[-80.6418614146448,25.6808485631807],[-80.6378151807212,25.6808627502848],[-80.6338412423135,25.6808765714565],[-80.6258210699821,25.680904142552],[-80.6255330188981,25.6736412586743],[-80.6252449929668,25.6663783726769]]]},"properties":{"OBJECTID":1712,"CATEGORY":5,"ZONEID":"E"}},{"type":"Feature","id":1713,"geometry":{"type":"Polygon","coordinates":[[[-80.641283390082,25.6663228407804],[-80.6493025922328,25.6662944145282],[-80.6573217961803,25.6662655437546],[-80.6576117669642,25.6735283896672],[-80.6579017557143,25.6807912350868],[-80.6533801737665,25.6808075683989],[-80.6498815887728,25.6808201152955],[-80.6418614146448,25.6808485631807],[-80.6418614146448,25.6808485332262],[-80.6415723888887,25.673585705872],[-80.641283390082,25.6663228407804]]]},"properties":{"OBJECTID":1713,"CATEGORY":5,"ZONEID":"E"}},{"type":"Feature","id":1714,"geometry":{"type":"Polygon","coordinates":[[[-80.6573217961803,25.6662655437546],[-80.6653410046194,25.6662362365562],[-80.6733602049736,25.6662064961712],[-80.6736511477346,25.673469308438],[-80.6739421201399,25.6807321080736],[-80.6708854927912,25.6807435231824],[-80.6659219424187,25.6807618934094],[-80.6579017557143,25.6807912350868],[-80.6576117669642,25.6735283896672],[-80.6573217961803,25.6662655437546]]]},"properties":{"OBJECTID":1714,"CATEGORY":5,"ZONEID":"E"}},{"type":"Feature","id":1715,"geometry":{"type":"Polygon","coordinates":[[[-80.1416174788958,25.6636034959281],[-80.1496488208794,25.663718477117],[-80.1576801916091,25.6638330161005],[-80.1576579592041,25.6712128819764],[-80.157635703443,25.6785927362786],[-80.1496456794709,25.6785842136533],[-80.1416556716685,25.678575253845],[-80.1416365815704,25.6710893775667],[-80.1416174788958,25.6636034959281]]]},"properties":{"OBJECTID":1715,"CATEGORY":1,"ZONEID":"A"}},{"type":"Feature","id":1719,"geometry":{"type":"Polygon","coordinates":[[[-80.1576801916091,25.6638330161005],[-80.1657823370067,25.6639481144741],[-80.1738845075572,25.6640627665943],[-80.1738748093454,25.6713350066212],[-80.173865094964,25.6786072385844],[-80.1657503938137,25.678600213714],[-80.157635703443,25.6785927362786],[-80.1576579592041,25.6712128819764],[-80.1576801916091,25.6638330161005]]]},"properties":{"OBJECTID":1719,"CATEGORY":1,"ZONEID":"A"}},{"type":"Feature","id":1723,"geometry":{"type":"Polygon","coordinates":[[[-80.3163992171284,25.6148162902503],[-80.3184404068462,25.6147603196259],[-80.320481593869,25.6147043206242],[-80.3225227764003,25.6146482964853],[-80.3245639607283,25.614592240729],[-80.3266057217746,25.6145358568836],[-80.3286474810243,25.6144794398004],[-80.3306892375791,25.6144229991995],[-80.3327309977271,25.6143665302209],[-80.3328603479415,25.6162019916542],[-80.3329896999525,25.6180374532462],[-80.3331190564551,25.619872915804],[-80.3332484147543,25.621708376085],[-80.3333365529584,25.6235564931128],[-80.3334246920608,25.6254046082781],[-80.3335128329599,25.6272527240079],[-80.3336009756556,25.6291008378696],[-80.3315602332987,25.6291551592332],[-80.3295194864504,25.629209457084],[-80.3274787378054,25.6292637233228],[-80.3254379918553,25.6293179611893],[-80.3233935008288,25.6293714247373],[-80.321349008904,25.6294248615337],[-80.3193045151826,25.6294782683387],[-80.3172600205628,25.6295316483922],[-80.3171542187853,25.6276928190856],[-80.317048423296,25.6258539881968],[-80.3169426269084,25.6240151605885],[-80.3168368359106,25.6221763289736],[-80.3167274273972,25.6203363204862],[-80.3166180206804,25.6184963112014],[-80.3165086184552,25.6166563003118],[-80.3163992171284,25.6148162902503]]]},"properties":{"OBJECTID":1723,"CATEGORY":2,"ZONEID":"B"}},{"type":"Feature","id":1724,"geometry":{"type":"Polygon","coordinates":[[[-80.3327309977271,25.6143665302209],[-80.3347730668956,25.6143185284899],[-80.3368151378607,25.6142705040588],[-80.3388572070291,25.6142224512572],[-80.3408992735026,25.6141743668449],[-80.3429468376657,25.614098396982],[-80.3449943982355,25.6140223995296],[-80.3470419570087,25.6139463688175],[-80.349089510392,25.6138703129459],[-80.3491813469602,25.6157252630644],[-80.34927318263,25.6175802151705],[-80.349365024588,25.6194351627812],[-80.3494568620544,25.6212901115638],[-80.3495453479065,25.6231434529088],[-80.3496338445384,25.6249967906102],[-80.3497223411703,25.6268501303347],[-80.3498108360056,25.6287034704598],[-80.3477847290014,25.6287535252663],[-80.3457586264888,25.6288035533239],[-80.343732514993,25.6288535513931],[-80.3417064034972,25.6289035210936],[-80.3396800485581,25.6289528922323],[-80.3376536909239,25.6290022366227],[-80.335627334188,25.6290515510252],[-80.3336009756556,25.6291008378696],[-80.3335128329599,25.6272527240079],[-80.3334246920608,25.6254046082781],[-80.3333365529584,25.6235564931128],[-80.3332484147543,25.621708376085],[-80.3331190564551,25.619872915804],[-80.3329896999525,25.6180374532462],[-80.3328603479415,25.6162019916542],[-80.3327309977271,25.6143665302209]]]},"properties":{"OBJECTID":1724,"CATEGORY":3,"ZONEID":"C"}},{"type":"Feature","id":1725,"geometry":{"type":"Polygon","coordinates":[[[-80.349089510392,25.6138703129459],[-80.3511361780364,25.6137880740173],[-80.353182837596,25.6137058058709],[-80.355229495359,25.6136235093165],[-80.357276150427,25.613541185164],[-80.3593293676882,25.613457524391],[-80.3613825786611,25.6133738352081],[-80.3634357887358,25.6132901143749],[-80.3654889952171,25.6132063659418],[-80.3655810392961,25.6150598877562],[-80.3656730842734,25.6169134067434],[-80.3657651301489,25.6187669261408],[-80.3658571787195,25.6206204467554],[-80.3659493907834,25.6224750831136],[-80.3660416055423,25.6243297174088],[-80.3661338220978,25.6261843553079],[-80.3662260413482,25.6280389903284],[-80.3641727216791,25.6281224699943],[-80.3621194002133,25.6282059180143],[-80.360066076951,25.6282893400579],[-80.3580127509937,25.6283727280259],[-80.3559622762891,25.6284554598867],[-80.3539117988895,25.6285381560529],[-80.3518613169984,25.6286208278638],[-80.3498108360056,25.6287034704598],[-80.3497223411703,25.6268501303347],[-80.3496338445384,25.6249967906102],[-80.3495453479065,25.6231434529088],[-80.3494568620544,25.6212901115638],[-80.349365024588,25.6194351627812],[-80.34927318263,25.6175802151705],[-80.3491813469602,25.6157252630644],[-80.349089510392,25.6138703129459]]]},"properties":{"OBJECTID":1725,"CATEGORY":4,"ZONEID":"D"}},{"type":"Feature","id":1726,"geometry":{"type":"Polygon","coordinates":[[[-80.3817566477827,25.6124457646963],[-80.3817567349193,25.6124457622662],[-80.3817946896383,25.6134104198183],[-80.3818297185445,25.6143008673409],[-80.3819027048647,25.6161559719706],[-80.3819756911849,25.6180110761523],[-80.382048682895,25.6198661831232],[-80.3821214275684,25.6217152528389],[-80.3821591029114,25.6226728495162],[-80.3821941803267,25.6235643247153],[-80.3822669285934,25.6254133914597],[-80.3822669312883,25.6254134335775],[-80.3823396813515,25.6272624627889],[-80.3744156539084,25.627702105073],[-80.3723682541371,25.627786368188],[-80.3703208516707,25.6278706045154],[-80.3682734483061,25.6279548132454],[-80.3662260413482,25.6280389903284],[-80.3661338220978,25.6261843553079],[-80.3660416055423,25.6243297174088],[-80.3659493907834,25.6224750831136],[-80.3658571787195,25.6206204467554],[-80.3657651301489,25.6187669261408],[-80.3656730842734,25.6169134067434],[-80.3655810392961,25.6150598877562],[-80.3654889952171,25.6132063659418],[-80.3675406179686,25.6131101897999],[-80.3695922290421,25.6130139836091],[-80.3716438455054,25.6129177465593],[-80.3736954538839,25.6128214827005],[-80.3817566477827,25.6124457646963]]]},"properties":{"OBJECTID":1726,"CATEGORY":4,"ZONEID":"D"}},{"type":"Feature","id":1727,"geometry":{"type":"Polygon","coordinates":[[[-80.3896905216597,25.6122072084564],[-80.3977513158082,25.6119717210154],[-80.3980038322345,25.6193379418938],[-80.3982563684237,25.626704663593],[-80.3902166541417,25.6269895336361],[-80.3823397406403,25.627262460359],[-80.3823396813515,25.6272624627889],[-80.3822669312883,25.6254134335775],[-80.3822669285934,25.6254133914597],[-80.3821941803267,25.6235643247153],[-80.3821591029114,25.6226728495162],[-80.3821214275684,25.6217152528389],[-80.382048682895,25.6198661831232],[-80.3819756911849,25.6180110761523],[-80.3819027048647,25.6161559719706],[-80.3818297185445,25.6143008673409],[-80.3817946896383,25.6134104198183],[-80.3817567349193,25.6124457622662],[-80.3896905216597,25.6122072084564]]]},"properties":{"OBJECTID":1727,"CATEGORY":4,"ZONEID":"D"}},{"type":"Feature","id":1728,"geometry":{"type":"Polygon","coordinates":[[[-80.3977513158082,25.6119717210154],[-80.4059503795435,25.6117444356806],[-80.4141520178505,25.6115166444412],[-80.4145600712801,25.6189081921591],[-80.4144878000187,25.6262768688534],[-80.4063695604045,25.6264906667908],[-80.3982563684237,25.626704663593],[-80.3980038322345,25.6193379418938],[-80.3977513158082,25.6119717210154]]]},"properties":{"OBJECTID":1728,"CATEGORY":4,"ZONEID":"D"}},{"type":"Feature","id":1729,"geometry":{"type":"Polygon","coordinates":[[[-80.4227755346592,25.6260127473145],[-80.4144878000187,25.6262768688534],[-80.4145600712801,25.6189081921591],[-80.4141520178505,25.6115166444412],[-80.4220922068839,25.611314191237],[-80.4300293730864,25.611112644951],[-80.4303644312126,25.618320179622],[-80.4307090581931,25.6256884600675],[-80.4227755346592,25.6260127473145]]]},"properties":{"OBJECTID":1729,"CATEGORY":4,"ZONEID":"D"}},{"type":"Feature","id":1730,"geometry":{"type":"Polygon","coordinates":[[[-80.4388267444452,25.625440458623],[-80.4307090581931,25.6256884600675],[-80.4303644312126,25.618320179622],[-80.4300293730864,25.611112644951],[-80.4381587068944,25.6108439600541],[-80.4464092270275,25.6106758489176],[-80.4467146003252,25.6179087818325],[-80.447005101115,25.6253526948341],[-80.4388267444452,25.625440458623]]]},"properties":{"OBJECTID":1730,"CATEGORY":4,"ZONEID":"D"}},{"type":"Feature","id":1731,"geometry":{"type":"Polygon","coordinates":[[[-80.4464092270275,25.6106758489176],[-80.4545915497592,25.6103495864312],[-80.4626717888404,25.6099839111],[-80.4629996712241,25.6173639996001],[-80.4633308854592,25.6248191466959],[-80.455127650846,25.6250876187389],[-80.447005101115,25.6253526948341],[-80.4467146003252,25.6179087818325],[-80.4464092270275,25.6106758489176]]]},"properties":{"OBJECTID":1731,"CATEGORY":4,"ZONEID":"D"}},{"type":"Feature","id":1732,"geometry":{"type":"Polygon","coordinates":[[[-80.4790037922213,25.6094447040687],[-80.4790038335438,25.6094447048788],[-80.4792378743197,25.6160664039245],[-80.4792621153576,25.6167521576934],[-80.4792621153576,25.6167521941442],[-80.4794945167082,25.623327316659],[-80.4795204187311,25.6240598448496],[-80.4714566430741,25.6244382769748],[-80.4633308854592,25.6248191466959],[-80.4629996712241,25.6173639996001],[-80.4626717888404,25.6099839111],[-80.4708314362977,25.6097147627394],[-80.4790037922213,25.6094447040687]]]},"properties":{"OBJECTID":1732,"CATEGORY":4,"ZONEID":"D"}},{"type":"Feature","id":1733,"geometry":{"type":"Polygon","coordinates":[[[-80.4869929358444,25.6087735123222],[-80.4950045059086,25.6087410997771],[-80.4952626646532,25.6160015665804],[-80.4955208476525,25.6232620272407],[-80.487507681282,25.6232948894318],[-80.4794945634206,25.623327316659],[-80.4794945167082,25.623327316659],[-80.4792621153576,25.6167521941442],[-80.4792621153576,25.6167521576934],[-80.4792378743197,25.6160664039245],[-80.4790038335438,25.6094447048788],[-80.4789813666785,25.6088054849903],[-80.4869929358444,25.6087735123222]]]},"properties":{"OBJECTID":1733,"CATEGORY":5,"ZONEID":"E"}},{"type":"Feature","id":1735,"geometry":{"type":"Polygon","coordinates":[[[-80.3478999029024,25.3305020280407],[-80.364138550664,25.330320183513],[-80.3641113020665,25.3326836766385],[-80.3639692397926,25.3450028566345],[-80.3478736379601,25.3449030721852],[-80.3478956215317,25.3328506706472],[-80.3478999029024,25.3305020280407]]]},"properties":{"OBJECTID":1735,"CATEGORY":1,"ZONEID":"A"}},{"type":"Feature","id":1736,"geometry":{"type":"Polygon","coordinates":[[[-80.2212647072189,25.3550225424508],[-80.2377189578351,25.3548620043107],[-80.2379257634883,25.3688422246766],[-80.2215264448515,25.3689136378935],[-80.2212647072189,25.3550225424508]]]},"properties":{"OBJECTID":1736,"CATEGORY":1,"ZONEID":"A"}},{"type":"Feature","id":1737,"geometry":{"type":"Polygon","coordinates":[[[-80.2379257634883,25.3688422246766],[-80.2535543635438,25.3687315962419],[-80.253554369832,25.3687319988402],[-80.253772911076,25.382588342781],[-80.2537731176886,25.3826560697166],[-80.2379874993079,25.382669986161],[-80.2379257634883,25.3688422246766]]]},"properties":{"OBJECTID":1737,"CATEGORY":1,"ZONEID":"A"}},{"type":"Feature","id":1738,"geometry":{"type":"Polygon","coordinates":[[[-80.2377189578351,25.3548620043107],[-80.2533498476964,25.3545813047763],[-80.2535543635438,25.3687315962419],[-80.2379257634883,25.3688422246766],[-80.2377189578351,25.3548620043107]]]},"properties":{"OBJECTID":1738,"CATEGORY":1,"ZONEID":"A"}},{"type":"Feature","id":1739,"geometry":{"type":"Polygon","coordinates":[[[-80.2062774009698,25.3970556696321],[-80.2222002819259,25.3967940580752],[-80.2223971270592,25.4107972384926],[-80.2067727913062,25.4109386066533],[-80.2062774009698,25.3970556696321]]]},"properties":{"OBJECTID":1739,"CATEGORY":1,"ZONEID":"A"}},{"type":"Feature","id":1740,"geometry":{"type":"Polygon","coordinates":[[[-80.191542240143,25.4536174135117],[-80.2075539528026,25.4535897908522],[-80.2075189777953,25.4680837648577],[-80.1914151689544,25.4682656354712],[-80.191542240143,25.4536174135117]]]},"properties":{"OBJECTID":1740,"CATEGORY":1,"ZONEID":"A"}},{"type":"Feature","id":1741,"geometry":{"type":"Polygon","coordinates":[[[-80.7454500415585,25.7501199686834],[-80.7454500415584,25.74908996858],[-80.7457200409969,25.7346199651497],[-80.7479701420188,25.734580064334],[-80.7621400451396,25.7344799642729],[-80.7620500465246,25.7501300679962],[-80.7479100420314,25.7500699680912],[-80.7454500415585,25.7501199686834]]]},"properties":{"OBJECTID":1741,"CATEGORY":5,"ZONEID":"E"}},{"type":"Feature","id":1742,"geometry":{"type":"Polygon","coordinates":[[[-80.7620500465246,25.7501300679962],[-80.7783600510625,25.7497600678401],[-80.7782500514577,25.763170070985],[-80.7621700461753,25.7632299717134],[-80.7620500465246,25.7501300679962]]]},"properties":{"OBJECTID":1742,"CATEGORY":5,"ZONEID":"E"}},{"type":"Feature","id":1743,"geometry":{"type":"Polygon","coordinates":[[[-80.7454200414213,25.7632500718349],[-80.7454500415585,25.7501199686834],[-80.7479100420314,25.7500699680912],[-80.7620500465246,25.7501300679962],[-80.7621700461753,25.7632299717134],[-80.7478800418942,25.7631799725959],[-80.7454200414213,25.7632500718349]]]},"properties":{"OBJECTID":1743,"CATEGORY":5,"ZONEID":"E"}},{"type":"Feature","id":1744,"geometry":{"type":"Polygon","coordinates":[[[-80.3957035001168,25.4481189006687],[-80.403769000539,25.4480996730251],[-80.4118826560504,25.4480797810415],[-80.4119027468717,25.4555214150519],[-80.4119224693838,25.46288126358],[-80.4037964117316,25.4629152087241],[-80.3957289925079,25.4629276211291],[-80.3957145341234,25.455578891641],[-80.3957035001168,25.4481189006687]]]},"properties":{"OBJECTID":1744,"CATEGORY":2,"ZONEID":"B"}},{"type":"Feature","id":1745,"geometry":{"type":"Polygon","coordinates":[[[-80.4932573446649,25.418496865535],[-80.4952799194934,25.4184906675905],[-80.4973024772539,25.4184844485504],[-80.4993250359127,25.4184781938103],[-80.5013475981648,25.4184719122951],[-80.501347672725,25.4184719122951],[-80.5033616524728,25.4184658603933],[-80.5045078470798,25.4184624032067],[-80.5053757067809,25.4184597792824],[-80.5073896739523,25.4184536689623],[-80.5073897574956,25.4184536697737],[-80.5094038162953,25.418447522131],[-80.5094136555425,25.4202723359461],[-80.5094234929932,25.4220971383663],[-80.5094333286472,25.423921938314],[-80.5094431687929,25.4257467398431],[-80.5094573774457,25.4275751085897],[-80.5094715887935,25.4294034804267],[-80.5094857983446,25.4312318480498],[-80.5095000096924,25.4330602155128],[-80.5074880233062,25.433071669656],[-80.50547603692,25.4330831010828],[-80.5034640505337,25.433094499247],[-80.5014520650458,25.4331058706387],[-80.4994137059194,25.4331176874094],[-80.4973753503863,25.4331294757849],[-80.4953369921583,25.4331412422554],[-80.4932986330319,25.4331529722182],[-80.4932952445867,25.4313192079779],[-80.4932918525482,25.4294854401682],[-80.4932884623063,25.4276516760933],[-80.4932850720644,25.4258179076431],[-80.4932781433586,25.4239876510746],[-80.4932712128562,25.422157391054],[-80.493264285947,25.4203271316407],[-80.4932573446649,25.418496865535]]]},"properties":{"OBJECTID":1745,"CATEGORY":3,"ZONEID":"C"}},{"type":"Feature","id":1755,"geometry":{"type":"Polygon","coordinates":[[[-80.2814350264707,25.8226727976054],[-80.2895398560345,25.8224140986358],[-80.2896042706302,25.8251734456571],[-80.2896294755605,25.8262532873168],[-80.2897255764313,25.8297052068714],[-80.2897756925427,25.8315054084452],[-80.2898304673171,25.8334728303874],[-80.2899285561596,25.8369959452492],[-80.2819037485214,25.8373124931685],[-80.2738789067472,25.8376285939417],[-80.2736045271235,25.830279822724],[-80.2733301708559,25.8229310415688],[-80.2814350264707,25.8226727976054]]]},"properties":{"OBJECTID":1755,"CATEGORY":4,"ZONEID":"D"}},{"type":"Feature","id":1757,"geometry":{"type":"Polygon","coordinates":[[[-80.1111878697065,25.8129528423786],[-80.1189856506145,25.8127231361177],[-80.1267834144546,25.8124930048517],[-80.1270151276956,25.8198623399847],[-80.1272468553097,25.8272316677281],[-80.1194144533306,25.827446463074],[-80.1115820432667,25.8276608351421],[-80.1113849484018,25.8203068455503],[-80.1111878697065,25.8129528423786]]]},"properties":{"OBJECTID":1757,"CATEGORY":2,"ZONEID":"B"}},{"type":"Feature","id":1758,"geometry":{"type":"Polygon","coordinates":[[[-80.1355547607215,25.8270003614806],[-80.1272468553097,25.8272316677281],[-80.1270151276956,25.8198623399847],[-80.1267834144546,25.8124930048517],[-80.1350515730083,25.8122437218255],[-80.1433197100025,25.8119939595312],[-80.1435912033392,25.8193822551183],[-80.1438627200322,25.8267705433905],[-80.1355547607215,25.8270003614806]]]},"properties":{"OBJECTID":1758,"CATEGORY":2,"ZONEID":"B"}},{"type":"Feature","id":1759,"geometry":{"type":"Polygon","coordinates":[[[-80.1433197100025,25.8119939595312],[-80.1509519340986,25.8117651482478],[-80.1585841375335,25.8115359386463],[-80.1589205233697,25.8189396957151],[-80.1592569307656,25.8263434443572],[-80.1515598330346,25.8265571998523],[-80.1438627200322,25.8267705433905],[-80.1435912033392,25.8193822551183],[-80.1433197100025,25.8119939595312]]]},"properties":{"OBJECTID":1759,"CATEGORY":2,"ZONEID":"B"}},{"type":"Feature","id":1760,"geometry":{"type":"Polygon","coordinates":[[[-80.1585841375335,25.8115359386463],[-80.166740668735,25.8112905369501],[-80.1748945813476,25.8110427774004],[-80.1752006409581,25.8184662064526],[-80.1755067248233,25.8258896238182],[-80.1673818385742,25.826116762328],[-80.1592569307656,25.8263434443572],[-80.1589205233697,25.8189396957151],[-80.1585841375335,25.8115359386463]]]},"properties":{"OBJECTID":1760,"CATEGORY":2,"ZONEID":"B"}},{"type":"Feature","id":1761,"geometry":{"type":"Polygon","coordinates":[[[-80.1748945813476,25.8110427774004],[-80.1830768385023,25.8108257631584],[-80.1912590408597,25.8106071796452],[-80.1915640772893,25.818004766567],[-80.1918691415665,25.8254023426216],[-80.1836879435255,25.8256462159417],[-80.1755067248233,25.8258896238182],[-80.1752006409581,25.8184662064526],[-80.1748945813476,25.8110427774004]]]},"properties":{"OBJECTID":1761,"CATEGORY":3,"ZONEID":"C"}},{"type":"Feature","id":1762,"geometry":{"type":"Polygon","coordinates":[[[-80.7946501534254,25.6762700485593],[-80.7813800505038,25.6764001491745],[-80.7783701481263,25.6763799493621],[-80.7783600483676,25.675380048702],[-80.7782700488542,25.661929945756],[-80.7813999490857,25.6618400460582],[-80.7947600533172,25.6617599454165],[-80.7946801535626,25.6749300480819],[-80.7946501534254,25.6762700485593]]]},"properties":{"OBJECTID":1762,"CATEGORY":4,"ZONEID":"D"}},{"type":"Feature","id":1763,"geometry":{"type":"Polygon","coordinates":[[[-80.7947600533172,25.6617599454165],[-80.7813999490857,25.6618400460582],[-80.7782700488542,25.661929945756],[-80.7782700488542,25.6610999456598],[-80.7784101483093,25.645910040945],[-80.7813099495723,25.6458299409441],[-80.79469015271,25.6456899409367],[-80.79476995365,25.6605899452231],[-80.7947600533172,25.6617599454165]]]},"properties":{"OBJECTID":1763,"CATEGORY":4,"ZONEID":"D"}},{"type":"Feature","id":1764,"geometry":{"type":"Polygon","coordinates":[[[-80.8106799590531,25.7052299551152],[-80.7974000555119,25.705550056739],[-80.7947201537456,25.7055699553593],[-80.7947101545982,25.7043001562455],[-80.7944900538788,25.6911200523067],[-80.7975601550585,25.6911001528903],[-80.8109601588616,25.6908199522069],[-80.8106501592402,25.7039800553074],[-80.8106799590531,25.7052299551152]]]},"properties":{"OBJECTID":1764,"CATEGORY":4,"ZONEID":"D"}},{"type":"Feature","id":1765,"geometry":{"type":"Polygon","coordinates":[[[-80.7947201537456,25.7055699553593],[-80.7812000496805,25.7056499569421],[-80.7784301492991,25.7056599564279],[-80.7784301492991,25.7041700569635],[-80.7784599500104,25.6912499529476],[-80.7811101498801,25.6912100529659],[-80.7944900538788,25.6911200523067],[-80.7947101545982,25.7043001562455],[-80.7947201537456,25.7055699553593]]]},"properties":{"OBJECTID":1765,"CATEGORY":4,"ZONEID":"D"}},{"type":"Feature","id":1766,"geometry":{"type":"Polygon","coordinates":[[[-80.7944900538788,25.6911200523067],[-80.7811101498801,25.6912100529659],[-80.7784599500104,25.6912499529476],[-80.7784700488708,25.6901199523492],[-80.7783701481263,25.6763799493621],[-80.7813800505038,25.6764001491745],[-80.7946501534254,25.6762700485593],[-80.7944700537873,25.6896800519394],[-80.7944900538788,25.6911200523067]]]},"properties":{"OBJECTID":1766,"CATEGORY":4,"ZONEID":"D"}},{"type":"Feature","id":1767,"geometry":{"type":"Polygon","coordinates":[[[-80.8109601588616,25.6908199522069],[-80.7975601550585,25.6911001528903],[-80.7944900538788,25.6911200523067],[-80.7944700537873,25.6896800519394],[-80.7946501534254,25.6762700485593],[-80.7977001548005,25.6762500486992],[-80.8108400585997,25.6761199487297],[-80.8109901581006,25.6895199519722],[-80.8109601588616,25.6908199522069]]]},"properties":{"OBJECTID":1767,"CATEGORY":4,"ZONEID":"D"}},{"type":"Feature","id":1768,"geometry":{"type":"Polygon","coordinates":[[[-80.79469015271,25.6456899409367],[-80.7813099495723,25.6458299409441],[-80.7784101483093,25.645910040945],[-80.7784200477437,25.6449600413169],[-80.7782599481972,25.6312400380514],[-80.7813999481874,25.631210037868],[-80.7948100517494,25.6308300373234],[-80.7946901536084,25.6449200408086],[-80.79469015271,25.6456899409367]]]},"properties":{"OBJECTID":1768,"CATEGORY":4,"ZONEID":"D"}},{"type":"Feature","id":1769,"geometry":{"type":"Polygon","coordinates":[[[-80.8111099574269,25.6455300410294],[-80.797880152929,25.6456599411452],[-80.79469015271,25.6456899409367],[-80.7946901536084,25.6449200408086],[-80.7948100517494,25.6308300373234],[-80.7978300538856,25.630750037353],[-80.8110300576722,25.6308499370799],[-80.8111200580839,25.6443399404213],[-80.8111099574269,25.6455300410294]]]},"properties":{"OBJECTID":1769,"CATEGORY":4,"ZONEID":"D"}},{"type":"Feature","id":1770,"geometry":{"type":"Polygon","coordinates":[[[-80.7784301492991,25.7056599564279],[-80.7650101454044,25.7056899573086],[-80.7619799446948,25.7057600572729],[-80.7619700452604,25.7045099566295],[-80.7620600447737,25.6914799533466],[-80.7647900455834,25.6914799533466],[-80.7784599500104,25.6912499529476],[-80.7784301492991,25.7041700569635],[-80.7784301492991,25.7056599564279]]]},"properties":{"OBJECTID":1770,"CATEGORY":4,"ZONEID":"D"}},{"type":"Feature","id":1771,"geometry":{"type":"Polygon","coordinates":[[[-80.7293800354234,25.7057800578441],[-80.715700131849,25.7058100578851],[-80.7134100297457,25.7058100578851],[-80.7134200306898,25.7050201576191],[-80.7135801302364,25.6915200548056],[-80.7159401320485,25.6914799549656],[-80.7296400348161,25.6914499537421],[-80.7293701350906,25.7048801575132],[-80.7293800354234,25.7057800578441]]]},"properties":{"OBJECTID":1771,"CATEGORY":5,"ZONEID":"E"}},{"type":"Feature","id":1772,"geometry":{"type":"Polygon","coordinates":[[[-80.7133101307979,25.72075996152],[-80.6992801268079,25.72063996182],[-80.697000026547,25.7206200624826],[-80.6969902268255,25.7197499609411],[-80.6971400253908,25.7058199577998],[-80.6995701263378,25.705780057844],[-80.7134100297457,25.7058100578851],[-80.7133101307979,25.7193700621119],[-80.7133101307979,25.72075996152]]]},"properties":{"OBJECTID":1772,"CATEGORY":5,"ZONEID":"E"}},{"type":"Feature","id":1773,"geometry":{"type":"Polygon","coordinates":[[[-80.7294100355606,25.720510062498],[-80.7157500305681,25.7207800615429],[-80.7133101307979,25.72075996152],[-80.7133101307979,25.7193700621119],[-80.7134100297457,25.7058100578851],[-80.715700131849,25.7058100578851],[-80.7293800354234,25.7057800578441],[-80.7294100355606,25.7196299618408],[-80.7294100355606,25.720510062498]]]},"properties":{"OBJECTID":1773,"CATEGORY":5,"ZONEID":"E"}},{"type":"Feature","id":1774,"geometry":{"type":"Polygon","coordinates":[[[-80.7454500406601,25.7204300603852],[-80.7318701366449,25.7204599620431],[-80.7294100355606,25.720510062498],[-80.7294100355606,25.7196299618408],[-80.7293800354234,25.7057800578441],[-80.7320300358671,25.7057800578441],[-80.7454401403274,25.7060400576783],[-80.7454300396703,25.7195400603637],[-80.7454500406601,25.7204300603852]]]},"properties":{"OBJECTID":1774,"CATEGORY":5,"ZONEID":"E"}},{"type":"Feature","id":1775,"geometry":{"type":"Polygon","coordinates":[[[-80.6818996565397,25.6807108792068],[-80.6819301202076,25.6764700510239],[-80.6971100252535,25.6766000510291],[-80.6971900256195,25.6907799541299],[-80.6971900256195,25.6917500554925],[-80.6818206074897,25.6917800542119],[-80.6818201206028,25.6917800550214],[-80.6818454000932,25.6882623432209],[-80.681899628692,25.6807147854416],[-80.6818996565397,25.6807108792068]]]},"properties":{"OBJECTID":1775,"CATEGORY":5,"ZONEID":"E"}},{"type":"Feature","id":1776,"geometry":{"type":"Polygon","coordinates":[[[-80.6971100252535,25.6766000510291],[-80.6999000263377,25.6768901510457],[-80.7133701301741,25.6768099504088],[-80.7135900305691,25.6906800535919],[-80.7135801302364,25.6915200548056],[-80.6996201265665,25.691750054683],[-80.6971900256195,25.6917500554925],[-80.6971900256195,25.6907799541299],[-80.6971100252535,25.6766000510291]]]},"properties":{"OBJECTID":1776,"CATEGORY":4,"ZONEID":"D"}},{"type":"Feature","id":1777,"geometry":{"type":"Polygon","coordinates":[[[-80.7783701481263,25.6763799493621],[-80.7647900446851,25.6762800488929],[-80.7619100440876,25.6763600499123],[-80.7618901437091,25.6754299495327],[-80.7618800439504,25.6623200455465],[-80.7645900437703,25.6623099460672],[-80.7782700488542,25.661929945756],[-80.7783600483676,25.675380048702],[-80.7783701481263,25.6763799493621]]]},"properties":{"OBJECTID":1777,"CATEGORY":4,"ZONEID":"D"}},{"type":"Feature","id":1778,"geometry":{"type":"Polygon","coordinates":[[[-80.7621501448984,25.7202300613424],[-80.7482100407087,25.7204200613313],[-80.7454500406601,25.7204300603852],[-80.7454300396703,25.7195400603637],[-80.7454401403274,25.7060400576783],[-80.748170141137,25.7060899578059],[-80.7619799446948,25.7057600572729],[-80.7621501448984,25.7193700613026],[-80.7621501448984,25.7202300613424]]]},"properties":{"OBJECTID":1778,"CATEGORY":5,"ZONEID":"E"}},{"type":"Feature","id":1779,"geometry":{"type":"Polygon","coordinates":[[[-80.7134100297457,25.7058100578851],[-80.6995701263378,25.705780057844],[-80.6971400253908,25.7058199577998],[-80.6971501260478,25.7051699579709],[-80.6971900256195,25.6917500554925],[-80.6996201265665,25.691750054683],[-80.7135801302364,25.6915200548056],[-80.7134200306898,25.7050201576191],[-80.7134100297457,25.7058100578851]]]},"properties":{"OBJECTID":1779,"CATEGORY":5,"ZONEID":"E"}},{"type":"Feature","id":1780,"geometry":{"type":"Polygon","coordinates":[[[-80.6818206074897,25.6917800542119],[-80.6971900256195,25.6917500554925],[-80.6971501260478,25.7051699579709],[-80.6971400253908,25.7058199577998],[-80.6817202171634,25.7060700552255],[-80.681720022229,25.7060700584631],[-80.6817437224812,25.7026871760605],[-80.6818201206028,25.6917800550214],[-80.6818206074897,25.6917800542119]]]},"properties":{"OBJECTID":1780,"CATEGORY":5,"ZONEID":"E"}},{"type":"Feature","id":1781,"geometry":{"type":"Polygon","coordinates":[[[-80.7457301398573,25.6914600539902],[-80.7322600351226,25.6914400542514],[-80.7296400348161,25.6914499537421],[-80.7296700349533,25.6905299532969],[-80.7292700349202,25.6766699495229],[-80.7322201355509,25.6766500501215],[-80.7458201393707,25.6767199502051],[-80.7457500393375,25.6905599539427],[-80.7457301398573,25.6914600539902]]]},"properties":{"OBJECTID":1781,"CATEGORY":4,"ZONEID":"D"}},{"type":"Feature","id":1782,"geometry":{"type":"Polygon","coordinates":[[[-80.7620600447737,25.6914799533466],[-80.7484001403925,25.6914699542888],[-80.7457301398573,25.6914600539902],[-80.7457500393375,25.6905599539427],[-80.7458201393707,25.6767199502051],[-80.7484200398727,25.6767300500829],[-80.7619100440876,25.6763600499123],[-80.7620701436342,25.6901100527479],[-80.7620600447737,25.6914799533466]]]},"properties":{"OBJECTID":1782,"CATEGORY":4,"ZONEID":"D"}},{"type":"Feature","id":1783,"geometry":{"type":"Polygon","coordinates":[[[-80.7784800489165,25.7204099603032],[-80.7646501464526,25.7202000600811],[-80.7621501448984,25.7202300613424],[-80.7621501448984,25.7193700613026],[-80.7619799446948,25.7057600572729],[-80.7650101454044,25.7056899573086],[-80.7784301492991,25.7056599564279],[-80.7784800498148,25.7190899603448],[-80.7784800489165,25.7204099603032]]]},"properties":{"OBJECTID":1783,"CATEGORY":5,"ZONEID":"E"}},{"type":"Feature","id":1784,"geometry":{"type":"Polygon","coordinates":[[[-80.7619799446948,25.7057600572729],[-80.748170141137,25.7060899578059],[-80.7454401403274,25.7060400576783],[-80.745440139429,25.7046799566872],[-80.7457301398573,25.6914600539902],[-80.7484001403925,25.6914699542888],[-80.7620600447737,25.6914799533466],[-80.7619700452604,25.7045099566295],[-80.7619799446948,25.7057600572729]]]},"properties":{"OBJECTID":1784,"CATEGORY":4,"ZONEID":"D"}},{"type":"Feature","id":1785,"geometry":{"type":"Polygon","coordinates":[[[-80.7454401403274,25.7060400576783],[-80.7320300358671,25.7057800578441],[-80.7293800354234,25.7057800578441],[-80.7293701350906,25.7048801575132],[-80.7296400348161,25.6914499537421],[-80.7322600351226,25.6914400542514],[-80.7457301398573,25.6914600539902],[-80.745440139429,25.7046799566872],[-80.7454401403274,25.7060400576783]]]},"properties":{"OBJECTID":1785,"CATEGORY":4,"ZONEID":"D"}},{"type":"Feature","id":1786,"geometry":{"type":"Polygon","coordinates":[[[-80.7296400348161,25.6914499537421],[-80.7159401320485,25.6914799549656],[-80.7135801302364,25.6915200548056],[-80.7135900305691,25.6906800535919],[-80.7133701301741,25.6768099504088],[-80.7160300309506,25.6767999509292],[-80.7292700349202,25.6766699495229],[-80.7296700349533,25.6905299532969],[-80.7296400348161,25.6914499537421]]]},"properties":{"OBJECTID":1786,"CATEGORY":4,"ZONEID":"D"}},{"type":"Feature","id":1787,"geometry":{"type":"Polygon","coordinates":[[[-80.7784599500104,25.6912499529476],[-80.7647900455834,25.6914799533466],[-80.7620600447737,25.6914799533466],[-80.7620701436342,25.6901100527479],[-80.7619100440876,25.6763600499123],[-80.7647900446851,25.6762800488929],[-80.7783701481263,25.6763799493621],[-80.7784700488708,25.6901199523492],[-80.7784599500104,25.6912499529476]]]},"properties":{"OBJECTID":1787,"CATEGORY":4,"ZONEID":"D"}},{"type":"Feature","id":1788,"geometry":{"type":"Polygon","coordinates":[[[-80.7458201393707,25.6767199502051],[-80.7322201355509,25.6766500501215],[-80.7292700349202,25.6766699495229],[-80.7292501345417,25.6758599499589],[-80.7295101339344,25.6623000465848],[-80.7323801344862,25.6622599458185],[-80.745690039063,25.6623699461761],[-80.7458300397034,25.6756400501389],[-80.7458201393707,25.6767199502051]]]},"properties":{"OBJECTID":1788,"CATEGORY":4,"ZONEID":"D"}},{"type":"Feature","id":1789,"geometry":{"type":"Polygon","coordinates":[[[-80.7292700349202,25.6766699495229],[-80.7160300309506,25.6767999509292],[-80.7133701301741,25.6768099504088],[-80.7133500294713,25.6758800502768],[-80.713400129413,25.6625200471248],[-80.7162000299316,25.6625200463151],[-80.7295101339344,25.6623000465848],[-80.7292501345417,25.6758599499589],[-80.7292700349202,25.6766699495229]]]},"properties":{"OBJECTID":1789,"CATEGORY":4,"ZONEID":"D"}},{"type":"Feature","id":1790,"geometry":{"type":"Polygon","coordinates":[[[-80.745690039063,25.6623699461761],[-80.7323801344862,25.6622599458185],[-80.7295101339344,25.6623000465848],[-80.7295401340716,25.661400046112],[-80.7295200333688,25.6465201421912],[-80.7324401338623,25.6464700421953],[-80.7454101383936,25.6463501417559],[-80.7456801387303,25.6614799461866],[-80.745690039063,25.6623699461761]]]},"properties":{"OBJECTID":1790,"CATEGORY":4,"ZONEID":"D"}},{"type":"Feature","id":1791,"geometry":{"type":"Polygon","coordinates":[[[-80.7941901504229,25.5717999222978],[-80.7815200466527,25.5717900226071],[-80.77810004628,25.5718299236145],[-80.7781100454275,25.5711800227852],[-80.7781701454149,25.5580499193843],[-80.7815800460289,25.5580400193675],[-80.7943401502107,25.5579200180674],[-80.7941701503314,25.5710300226053],[-80.7941901504229,25.5717999222978]]]},"properties":{"OBJECTID":1791,"CATEGORY":3,"ZONEID":"C"}},{"type":"Feature","id":1792,"geometry":{"type":"Polygon","coordinates":[[[-80.7774801413604,25.4094098814885],[-80.7816599430886,25.4094600813893],[-80.7935099460899,25.4090732810677],[-80.7936100471587,25.4235665841456],[-80.7815600432425,25.4237900851197],[-80.7773300418596,25.4238599851715],[-80.7774801413604,25.4094098814885]]]},"properties":{"OBJECTID":1792,"CATEGORY":3,"ZONEID":"C"}},{"type":"Feature","id":1794,"geometry":{"type":"Polygon","coordinates":[[[-80.4690439757319,25.3747894314661],[-80.4769733858802,25.3747166045816],[-80.4770150533362,25.3780920671251],[-80.4770628607773,25.3819649243312],[-80.4771218279892,25.3867417039996],[-80.4771523365729,25.3892132367423],[-80.4693302598297,25.3892620012948],[-80.4610507555539,25.3893131672092],[-80.4610826682044,25.3820875028251],[-80.4611145664819,25.3748618321911],[-80.4690439757319,25.3747894314661]]]},"properties":{"OBJECTID":1794,"CATEGORY":1,"ZONEID":"A"}},{"type":"Feature","id":1795,"geometry":{"type":"Polygon","coordinates":[[[-80.7618800439504,25.6623200455465],[-80.7486500400265,25.6623999466241],[-80.745690039063,25.6623699461761],[-80.7456801387303,25.6614799461866],[-80.7454101383936,25.6463501417559],[-80.748630139648,25.6463199421058],[-80.7618500438131,25.6462800424705],[-80.7618800439504,25.6612100458726],[-80.7618800439504,25.6623200455465]]]},"properties":{"OBJECTID":1795,"CATEGORY":4,"ZONEID":"D"}},{"type":"Feature","id":1796,"geometry":{"type":"Polygon","coordinates":[[[-80.7782700488542,25.661929945756],[-80.7645900437703,25.6623099460672],[-80.7618800439504,25.6623200455465],[-80.7618800439504,25.6612100458726],[-80.7618500438131,25.6462800424705],[-80.7651401442025,25.6462700420504],[-80.7784101483093,25.645910040945],[-80.7782700488542,25.6610999456598],[-80.7782700488542,25.661929945756]]]},"properties":{"OBJECTID":1796,"CATEGORY":4,"ZONEID":"D"}},{"type":"Feature","id":1797,"geometry":{"type":"Polygon","coordinates":[[[-80.7784101483093,25.645910040945],[-80.7651401442025,25.6462700420504],[-80.7618500438131,25.6462800424705],[-80.7618500429149,25.6456499414829],[-80.7618500438132,25.6313599374696],[-80.7648301436828,25.6313700379488],[-80.7782599481972,25.6312400380514],[-80.7784200477437,25.6449600413169],[-80.7784101483093,25.645910040945]]]},"properties":{"OBJECTID":1797,"CATEGORY":4,"ZONEID":"D"}},{"type":"Feature","id":1798,"geometry":{"type":"Polygon","coordinates":[[[-80.6975001240556,25.6466399428527],[-80.6975100243883,25.6458899428636],[-80.697340024509,25.6314100397577],[-80.7000100250442,25.6315099397424],[-80.7135199287393,25.6318300393152],[-80.7135801284397,25.6458599423125],[-80.7135701292923,25.6467100427365],[-80.6999300246783,25.6466000433244],[-80.6975001240556,25.6466399428527]]]},"properties":{"OBJECTID":1798,"CATEGORY":4,"ZONEID":"D"}},{"type":"Feature","id":1799,"geometry":{"type":"Polygon","coordinates":[[[-80.6822401315072,25.631739937138],[-80.697340024509,25.6314100397577],[-80.6975100243883,25.6458899428636],[-80.6975001240556,25.6466399428527],[-80.6821327451014,25.6468900989051],[-80.6821300196129,25.6468901434448],[-80.6822003954288,25.6371981513527],[-80.6822400192177,25.6317399395677],[-80.6822401315072,25.631739937138]]]},"properties":{"OBJECTID":1799,"CATEGORY":4,"ZONEID":"D"}},{"type":"Feature","id":1800,"geometry":{"type":"Polygon","coordinates":[[[-80.6819301202076,25.6764700510239],[-80.6820031164093,25.6662410055753],[-80.6820300200537,25.6624700477738],[-80.6973201259271,25.6624899471131],[-80.6971100252535,25.6766000510291],[-80.6819301202076,25.6764700510239]]]},"properties":{"OBJECTID":1800,"CATEGORY":4,"ZONEID":"D"}},{"type":"Feature","id":1801,"geometry":{"type":"Polygon","coordinates":[[[-80.6821327451014,25.6468900989051],[-80.6975001240556,25.6466399428527],[-80.697340024509,25.6619200470517],[-80.6973201259271,25.6624899471131],[-80.6820300200537,25.6624700477738],[-80.6820990268372,25.6517197588921],[-80.6821300196129,25.6468901434448],[-80.6821327451014,25.6468900989051]]]},"properties":{"OBJECTID":1801,"CATEGORY":4,"ZONEID":"D"}},{"type":"Feature","id":1802,"geometry":{"type":"Polygon","coordinates":[[[-80.7295101339344,25.6623000465848],[-80.7162000299316,25.6625200463151],[-80.713400129413,25.6625200471248],[-80.713400129413,25.6616600464604],[-80.7135701292923,25.6467100427365],[-80.7162501298733,25.6467400430739],[-80.7295200333688,25.6465201421912],[-80.7295401340716,25.661400046112],[-80.7295101339344,25.6623000465848]]]},"properties":{"OBJECTID":1802,"CATEGORY":4,"ZONEID":"D"}},{"type":"Feature","id":1803,"geometry":{"type":"Polygon","coordinates":[[[-80.7295200333688,25.6465201421912],[-80.7162501298733,25.6467400430739],[-80.7135701292923,25.6467100427365],[-80.7135801284397,25.6458599423125],[-80.7135199287393,25.6318300393152],[-80.7160900303267,25.6318900385528],[-80.729580032745,25.631569938331],[-80.7295200333688,25.6457199423404],[-80.7295200333688,25.6465201421912]]]},"properties":{"OBJECTID":1803,"CATEGORY":4,"ZONEID":"D"}},{"type":"Feature","id":1804,"geometry":{"type":"Polygon","coordinates":[[[-80.6817202171634,25.7060700552255],[-80.6971400253908,25.7058199577998],[-80.6969902268255,25.7197499609411],[-80.697000026547,25.7206200624826],[-80.681620122383,25.720480062926],[-80.6816424787554,25.7172556993272],[-80.681720022229,25.7060700584631],[-80.6817202171634,25.7060700552255]]]},"properties":{"OBJECTID":1804,"CATEGORY":5,"ZONEID":"E"}},{"type":"Feature","id":1805,"geometry":{"type":"Polygon","coordinates":[[[-80.8110300576722,25.6308499370799],[-80.7978300538856,25.630750037353],[-80.7948100517494,25.6308300373234],[-80.7948200517951,25.6299900369867],[-80.7948100526477,25.617159934654],[-80.7977001530039,25.6171299341744],[-80.8108300567574,25.6170000346112],[-80.8110199579135,25.6300101361251],[-80.8110300576722,25.6308499370799]]]},"properties":{"OBJECTID":1805,"CATEGORY":3,"ZONEID":"C"}},{"type":"Feature","id":1806,"geometry":{"type":"Polygon","coordinates":[[[-80.8590299709123,25.6165100321999],[-80.8466400669505,25.6166300330754],[-80.8432599661495,25.6167300329029],[-80.843250066715,25.6154700325247],[-80.8432101653467,25.6021900298893],[-80.8469701672746,25.6021200294428],[-80.8593101707206,25.6020400296924],[-80.858999970775,25.615370132086],[-80.8590299709123,25.6165100321999]]]},"properties":{"OBJECTID":1806,"CATEGORY":3,"ZONEID":"C"}},{"type":"Feature","id":1807,"geometry":{"type":"Polygon","coordinates":[[[-80.8432599661495,25.6167300329029],[-80.8305199626703,25.6170800324502],[-80.8271299615366,25.617060033198],[-80.8271299624349,25.6157401334727],[-80.826970061416,25.6024299298449],[-80.8306701627824,25.6023999297187],[-80.8432101653467,25.6021900298893],[-80.843250066715,25.6154700325247],[-80.8432599661495,25.6167300329029]]]},"properties":{"OBJECTID":1807,"CATEGORY":3,"ZONEID":"C"}},{"type":"Feature","id":1808,"geometry":{"type":"Polygon","coordinates":[[[-80.7948100517494,25.6308300373234],[-80.7813999481874,25.631210037868],[-80.7782599481972,25.6312400380514],[-80.7782500469662,25.6303899376076],[-80.7783000462966,25.6173500341777],[-80.781520047551,25.6172800336984],[-80.7948100526477,25.617159934654],[-80.7948200517951,25.6299900369867],[-80.7948100517494,25.6308300373234]]]},"properties":{"OBJECTID":1808,"CATEGORY":4,"ZONEID":"D"}},{"type":"Feature","id":1809,"geometry":{"type":"Polygon","coordinates":[[[-80.8593101707206,25.6020400296924],[-80.8630900721288,25.6020200279237],[-80.8735700742532,25.6019900285048],[-80.8735700742532,25.6065401303404],[-80.8734700746941,25.6159199325849],[-80.862939972628,25.616469932249],[-80.8590299709123,25.6165100321999],[-80.858999970775,25.615370132086],[-80.8593101707206,25.6020400296924]]]},"properties":{"OBJECTID":1809,"CATEGORY":3,"ZONEID":"C"}},{"type":"Feature","id":1810,"geometry":{"type":"Polygon","coordinates":[[[-80.8584700698603,25.5713099218767],[-80.8459699659694,25.5711601211996],[-80.8423699647733,25.5712499214062],[-80.8423600653389,25.5706201208794],[-80.8420400647734,25.5575601179898],[-80.8459000653621,25.557600018065],[-80.8582900690369,25.5574300175895],[-80.8584700698602,25.5702300206334],[-80.8584700698603,25.5713099218767]]]},"properties":{"OBJECTID":1810,"CATEGORY":3,"ZONEID":"C"}},{"type":"Feature","id":1811,"geometry":{"type":"Polygon","coordinates":[[[-80.8737000739495,25.5712700206961],[-80.8621001709065,25.5713500207631],[-80.8584700698603,25.5713099218767],[-80.8584700698602,25.5702300206334],[-80.8582900690369,25.5574300175895],[-80.8619500696091,25.557380017213],[-80.8737600733257,25.5573301173077],[-80.8737801740285,25.5628000185622],[-80.8737000739495,25.5712700206961]]]},"properties":{"OBJECTID":1811,"CATEGORY":3,"ZONEID":"C"}},{"type":"Feature","id":1812,"geometry":{"type":"Polygon","coordinates":[[[-80.8102999546201,25.5579001183305],[-80.7978100510992,25.5578900189392],[-80.7943401502108,25.5579200180674],[-80.7943500496452,25.5570300188561],[-80.7940501497826,25.5428099157704],[-80.7978801511324,25.5428001158093],[-80.8099200543915,25.5428601151285],[-80.8102999555184,25.5572300183897],[-80.8102999546201,25.5579001183305]]]},"properties":{"OBJECTID":1812,"CATEGORY":3,"ZONEID":"C"}},{"type":"Feature","id":1813,"geometry":{"type":"Polygon","coordinates":[[[-80.7779250445813,25.5426051149776],[-80.7813901457711,25.5428500152803],[-80.7940501497826,25.5428099157704],[-80.7943500496452,25.5570300188561],[-80.7943401502108,25.5579200180674],[-80.7815800460289,25.5580400193674],[-80.778170145415,25.5580499193843],[-80.7781701463133,25.557419918969],[-80.7779250445813,25.5426051149776]]]},"properties":{"OBJECTID":1813,"CATEGORY":3,"ZONEID":"C"}},{"type":"Feature","id":1814,"geometry":{"type":"Polygon","coordinates":[[[-80.7614301362152,25.4092300819828],[-80.7612800367144,25.3950500785255],[-80.7653400373196,25.395050077714],[-80.7775800421049,25.3948500785006],[-80.7774801413604,25.4094098814885],[-80.7654200376856,25.4092600817185],[-80.7614301362152,25.4092300819828]]]},"properties":{"OBJECTID":1814,"CATEGORY":3,"ZONEID":"C"}},{"type":"Feature","id":1815,"geometry":{"type":"Polygon","coordinates":[[[-80.809439949788,25.3644500696029],[-80.8014800472257,25.364220069668],[-80.7970280460849,25.36434997002],[-80.7971100452023,25.3506234670363],[-80.8012200469346,25.3506500660424],[-80.8134000505471,25.3505600661526],[-80.8132700508508,25.3645600696288],[-80.809439949788,25.3644500696029]]]},"properties":{"OBJECTID":1815,"CATEGORY":3,"ZONEID":"C"}},{"type":"Feature","id":1816,"geometry":{"type":"Polygon","coordinates":[[[-80.8454000603802,25.3504234657031],[-80.8500000616589,25.3504500647532],[-80.8621800652714,25.3504200650184],[-80.862175066147,25.3641050683189],[-80.8570760642026,25.3641199682712],[-80.8500000616591,25.3640200689101],[-80.8459119608532,25.3644399685735],[-80.8454000603802,25.3504234657031]]]},"properties":{"OBJECTID":1816,"CATEGORY":1,"ZONEID":"A"}},{"type":"Feature","id":1817,"geometry":{"type":"Polygon","coordinates":[[[-80.764770136222,25.3363000637567],[-80.7690001376049,25.3359899632996],[-80.781050141521,25.3361433630168],[-80.7810801416582,25.3507000671249],[-80.7689800378004,25.3507300667902],[-80.764730036326,25.3507499667103],[-80.764770136222,25.3363000637567]]]},"properties":{"OBJECTID":1817,"CATEGORY":2,"ZONEID":"B"}},{"type":"Feature","id":1818,"geometry":{"type":"Polygon","coordinates":[[[-80.764900035307,25.3213266584643],[-80.7691401364487,25.3211900591165],[-80.7809500413506,25.3211199591595],[-80.7809500404523,25.3218000591432],[-80.781050141521,25.3361433630168],[-80.7690001376049,25.3359899632996],[-80.764770136222,25.3363000637567],[-80.764900035307,25.3213266584643]]]},"properties":{"OBJECTID":1818,"CATEGORY":2,"ZONEID":"B"}},{"type":"Feature","id":1819,"geometry":{"type":"Polygon","coordinates":[[[-80.7648841360248,25.364267970089],[-80.764730036326,25.3507499667103],[-80.7689800378004,25.3507300667902],[-80.7810801416582,25.3507000671249],[-80.7810000415793,25.3643699699749],[-80.7773999406702,25.3643699699749],[-80.7687200384077,25.3643699699749],[-80.7648841360248,25.364267970089]]]},"properties":{"OBJECTID":1819,"CATEGORY":3,"ZONEID":"C"}},{"type":"Feature","id":1820,"geometry":{"type":"Polygon","coordinates":[[[-80.7810801416582,25.3507000671249],[-80.785200042825,25.350689967382],[-80.7971100452023,25.3506234670363],[-80.7970280460849,25.36434997002],[-80.7929599444724,25.3643199696755],[-80.7853300434196,25.364259969776],[-80.7818700410673,25.3643699699749],[-80.7810000415793,25.3643699699749],[-80.7810801416582,25.3507000671249]]]},"properties":{"OBJECTID":1820,"CATEGORY":3,"ZONEID":"C"}},{"type":"Feature","id":1821,"geometry":{"type":"Polygon","coordinates":[[[-80.8293701559378,25.3505333656502],[-80.8291500543201,25.33633006131],[-80.8340001555571,25.3362799617302],[-80.8453701590576,25.3360933616008],[-80.8454000603802,25.3504234657031],[-80.8339701563182,25.3505499655862],[-80.8293701559378,25.3505333656502]]]},"properties":{"OBJECTID":1821,"CATEGORY":1,"ZONEID":"A"}},{"type":"Feature","id":1822,"geometry":{"type":"Polygon","coordinates":[[[-80.8134000505471,25.3505600661526],[-80.8130467494341,25.3362799625421],[-80.8176699515017,25.336449961327],[-80.8291500543201,25.33633006131],[-80.8293701559378,25.3505333656502],[-80.8176300528284,25.3505999650864],[-80.8134000505471,25.3505600661526]]]},"properties":{"OBJECTID":1822,"CATEGORY":2,"ZONEID":"B"}},{"type":"Feature","id":1823,"geometry":{"type":"Polygon","coordinates":[[[-80.7971100452023,25.3506234670363],[-80.7968800450486,25.3361399627426],[-80.8012500461736,25.3361500620765],[-80.8130467494341,25.3362799625421],[-80.8134000505471,25.3505600661526],[-80.8012200469346,25.3506500660424],[-80.7971100452023,25.3506234670363]]]},"properties":{"OBJECTID":1823,"CATEGORY":2,"ZONEID":"B"}},{"type":"Feature","id":1824,"geometry":{"type":"Polygon","coordinates":[[[-80.781050141521,25.3361433630168],[-80.7854100419889,25.3361200628548],[-80.7968800450486,25.3361399627426],[-80.7971100452023,25.3506234670363],[-80.785200042825,25.350689967382],[-80.7810801416582,25.3507000671249],[-80.781050141521,25.3361433630168]]]},"properties":{"OBJECTID":1824,"CATEGORY":2,"ZONEID":"B"}},{"type":"Feature","id":1825,"geometry":{"type":"Polygon","coordinates":[[[-80.7968800450486,25.3361399627426],[-80.7981733459699,25.3213633587943],[-80.8024799475954,25.3213699587949],[-80.8131300493121,25.3214901586451],[-80.8130467494341,25.3362799625421],[-80.8012500461736,25.3361500620765],[-80.7968800450486,25.3361399627426]]]},"properties":{"OBJECTID":1825,"CATEGORY":2,"ZONEID":"B"}},{"type":"Feature","id":1826,"geometry":{"type":"Polygon","coordinates":[[[-80.8130467494341,25.3362799625421],[-80.8131300493121,25.3214901586451],[-80.8176101515516,25.3215400580966],[-80.8293401549023,25.3213300575307],[-80.8291500543201,25.33633006131],[-80.8176699515017,25.336449961327],[-80.8130467494341,25.3362799625421]]]},"properties":{"OBJECTID":1826,"CATEGORY":2,"ZONEID":"B"}},{"type":"Feature","id":1827,"geometry":{"type":"Polygon","coordinates":[[[-80.5035338379529,25.623229062984],[-80.4955208476523,25.6232620272407],[-80.4952626646531,25.6160015665805],[-80.4950045059085,25.6087410997771],[-80.5030160822609,25.6087083137805],[-80.5110276631048,25.6086750879063],[-80.5112872357978,25.6159353788947],[-80.5115468318469,25.623195661333],[-80.5035338379529,25.623229062984]]]},"properties":{"OBJECTID":1827,"CATEGORY":5,"ZONEID":"E"}},{"type":"Feature","id":1828,"geometry":{"type":"Polygon","coordinates":[[[-80.3792814514084,25.3301287910021],[-80.3800295019017,25.3301192960679],[-80.3801436400451,25.3450154329927],[-80.3800251863951,25.3450153485604],[-80.3796691750649,25.3450150912042],[-80.3639692397926,25.3450028566345],[-80.3641113020665,25.3326836766385],[-80.364138550664,25.330320183513],[-80.3792814514084,25.3301287910021]]]},"properties":{"OBJECTID":1828,"CATEGORY":1,"ZONEID":"A"}},{"type":"Feature","id":1829,"geometry":{"type":"Polygon","coordinates":[[[-80.4125334711007,25.2867040370119],[-80.4126544463217,25.2721129791156],[-80.4207553206032,25.2722339881626],[-80.4288562254275,25.2723545543656],[-80.4287756043257,25.27961970064],[-80.428694960766,25.2868848383052],[-80.4125334711007,25.2867040370119]]]},"properties":{"OBJECTID":1829,"CATEGORY":1,"ZONEID":"A"}},{"type":"Feature","id":1830,"geometry":{"type":"Polygon","coordinates":[[[-80.3963950582568,25.345002870436],[-80.3963598972982,25.337616064129],[-80.3963247426279,25.3302292526213],[-80.4044143538324,25.3303318674428],[-80.4068452695514,25.330362615903],[-80.4086928534608,25.3303859585828],[-80.4125039928846,25.330434025863],[-80.4124978142721,25.3377821062825],[-80.4124916167951,25.3451301651054],[-80.4044433280936,25.3450667394222],[-80.3963950582568,25.345002870436]]]},"properties":{"OBJECTID":1830,"CATEGORY":1,"ZONEID":"A"}},{"type":"Feature","id":1831,"geometry":{"type":"Polygon","coordinates":[[[-80.4126544463217,25.2721129791156],[-80.4127384846148,25.2648081695318],[-80.4128225049417,25.2575033509829],[-80.420862618974,25.2575893497077],[-80.4289027563625,25.2576749161565],[-80.4288794989799,25.2650147390139],[-80.4288562254275,25.2723545543656],[-80.4207553206032,25.2722339881626],[-80.4126544463217,25.2721129791156]]]},"properties":{"OBJECTID":1831,"CATEGORY":1,"ZONEID":"A"}},{"type":"Feature","id":1832,"geometry":{"type":"Polygon","coordinates":[[[-80.3802687699742,25.2861578976297],[-80.3800749359938,25.2713947086055],[-80.396422155039,25.2719115784428],[-80.3962457501717,25.2864777832213],[-80.3913046001891,25.2864002555334],[-80.388276991119,25.2863526678738],[-80.3803071486981,25.2861588317102],[-80.3802687699742,25.2861578976297]]]},"properties":{"OBJECTID":1832,"CATEGORY":1,"ZONEID":"A"}},{"type":"Feature","id":1833,"geometry":{"type":"Polygon","coordinates":[[[-80.3801214300979,25.3154837895109],[-80.3801774023266,25.3008274784616],[-80.3802014960408,25.3008277935741],[-80.3881799389323,25.3009322581966],[-80.3961584141631,25.301034897841],[-80.3961454047612,25.3083360633292],[-80.3961323800879,25.315637222521],[-80.3881315790274,25.3155703391155],[-80.3801308552219,25.3154882582076],[-80.3801214112333,25.3154881591378],[-80.3801214300979,25.3154837895109]]]},"properties":{"OBJECTID":1833,"CATEGORY":1,"ZONEID":"A"}},{"type":"Feature","id":1836,"geometry":{"type":"Polygon","coordinates":[[[-80.5264996787218,25.5060356229689],[-80.5264997344173,25.5060356229689],[-80.526502634179,25.5078738719127],[-80.526505534839,25.5097121170383],[-80.526508440889,25.5115503615862],[-80.5265113334642,25.5133886087964],[-80.526532177972,25.5152231221343],[-80.526553019785,25.5170576341897],[-80.5265738615979,25.51889214496],[-80.5265947061057,25.5207266560636],[-80.5245620997904,25.5207438981219],[-80.522529498865,25.520761112615],[-80.5204968934481,25.5207782987323],[-80.5184642925227,25.5207954564739],[-80.5164334343289,25.5208123888479],[-80.5144025752369,25.520829291225],[-80.5123717143482,25.5208461636051],[-80.5103408552561,25.5208630124734],[-80.5103302335763,25.5190218972415],[-80.5103196065065,25.5171807853834],[-80.5103089875215,25.5153396704163],[-80.5102983649433,25.5134985572072],[-80.510280262992,25.511660033601],[-80.5102621691255,25.5098215126485],[-80.5102440716658,25.5079829902988],[-80.5102259742061,25.5061445079037],[-80.5102259742061,25.5061444681762],[-80.5122599648253,25.5061324558862],[-80.5122600357922,25.5061324558862],[-80.512661941152,25.5061300730485],[-80.5142939626309,25.5061204095428],[-80.515450739392,25.506113547229],[-80.5163279541484,25.5061083404968],[-80.5175218987043,25.5061012406281],[-80.5183619483608,25.5060962406405],[-80.5194953132289,25.5060878240887],[-80.5203963953241,25.5060811271691],[-80.5224308422874,25.5060659885621],[-80.5237332368543,25.5060562812699],[-80.5244652910473,25.5060508215764],[-80.5264996787218,25.5060356229689]]]},"properties":{"OBJECTID":1836,"CATEGORY":4,"ZONEID":"D"}},{"type":"Feature","id":1837,"geometry":{"type":"Polygon","coordinates":[[[-80.3800749359938,25.2713947086055],[-80.3798498118954,25.2570797974581],[-80.3960776843652,25.2572891602482],[-80.396422155039,25.2719115784428],[-80.3800749359938,25.2713947086055]]]},"properties":{"OBJECTID":1837,"CATEGORY":1,"ZONEID":"A"}},{"type":"Feature","id":1838,"geometry":{"type":"Polygon","coordinates":[[[-80.4129939798547,25.2429411331112],[-80.412994017584,25.2429411331112],[-80.4210286024857,25.2430213959153],[-80.4254724451271,25.2430656017405],[-80.4265463505065,25.2430762646008],[-80.4290632646426,25.2431012223367],[-80.4289830190366,25.2503880712625],[-80.4289027563625,25.2576749161565],[-80.420862618974,25.2575893497077],[-80.4128225049417,25.2575033509829],[-80.4129082437457,25.2502222449357],[-80.4129939798547,25.2429411331112]]]},"properties":{"OBJECTID":1838,"CATEGORY":1,"ZONEID":"A"}},{"type":"Feature","id":1839,"geometry":{"type":"Polygon","coordinates":[[[-80.395991491912,25.2423253769166],[-80.4131208686852,25.2423944238708],[-80.4130857131166,25.2425459245016],[-80.4129939798547,25.2429411331112],[-80.4129082437457,25.2502222449357],[-80.4128225049417,25.2575033509829],[-80.3960776843652,25.2572891602482],[-80.395991491912,25.2423253769166]]]},"properties":{"OBJECTID":1839,"CATEGORY":1,"ZONEID":"A"}},{"type":"Feature","id":1840,"geometry":{"type":"Polygon","coordinates":[[[-80.3479972614144,25.3155710301674],[-80.3478999029024,25.3305020280407],[-80.3319340115088,25.3307770072756],[-80.3321323038279,25.3156950564495],[-80.3479972614144,25.3155710301674]]]},"properties":{"OBJECTID":1840,"CATEGORY":1,"ZONEID":"A"}},{"type":"Feature","id":1841,"geometry":{"type":"Polygon","coordinates":[[[-80.4605986891669,25.418559898102],[-80.4688736928831,25.418555542748],[-80.4736360161404,25.4185527930657],[-80.4771486067678,25.4185506632585],[-80.477150171633,25.4203831857031],[-80.477150171633,25.4203832205908],[-80.4771517284134,25.4222157800857],[-80.4771532807022,25.4240483320047],[-80.4771548365843,25.4258808852698],[-80.4771563502456,25.4277139201638],[-80.4771570419483,25.4285469079432],[-80.4771578639068,25.4295469515159],[-80.477159380263,25.4313799858138],[-80.4771605444796,25.432787675704],[-80.4771609029074,25.4332130133196],[-80.4688449306244,25.4332092215071],[-80.4606007481055,25.4332052309367],[-80.4605998228408,25.425882515183],[-80.4605986891669,25.418559898102]]]},"properties":{"OBJECTID":1841,"CATEGORY":2,"ZONEID":"B"}},{"type":"Feature","id":1842,"geometry":{"type":"Polygon","coordinates":[[[-80.4771486067678,25.4185506632585],[-80.4791622047317,25.4185440369212],[-80.4811757973057,25.4185373854315],[-80.4823740097575,25.4185334114137],[-80.4831893925746,25.4185307022986],[-80.485202983352,25.4185239940133],[-80.4863768281034,25.4185200694878],[-80.4872165768242,25.4185172597643],[-80.4872166540793,25.4185172597643],[-80.4892301676016,25.4185104881926],[-80.4901947785537,25.4185072379029],[-80.4912437646672,25.4185036930911],[-80.4932573446647,25.4184968655351],[-80.4932642859469,25.4203271316407],[-80.4932712128561,25.4221573910541],[-80.4932781433585,25.4239876510747],[-80.4932850720643,25.4258179076432],[-80.4932884623062,25.4276516760934],[-80.4932918525481,25.4294854401682],[-80.4932952445866,25.4313192079779],[-80.4932986330318,25.4331529722182],[-80.4912810222935,25.4331604503832],[-80.4892634124536,25.4331678985313],[-80.4872458026137,25.4331753199074],[-80.4852281927737,25.4331827128891],[-80.4832113680614,25.4331903289659],[-80.4811945451456,25.4331979198933],[-80.4791777150434,25.4332054832374],[-80.4771609029074,25.4332130133196],[-80.4771605444796,25.432787675704],[-80.477159380263,25.4313799858138],[-80.4771578639068,25.4295469515159],[-80.4771570419483,25.4285469079432],[-80.4771563502456,25.4277139201638],[-80.4771548365843,25.4258808852698],[-80.4771532807022,25.4240483320047],[-80.4771517284134,25.4222157800857],[-80.477150171633,25.4203832205908],[-80.477150171633,25.4203831857031],[-80.4771486067678,25.4185506632585]]]},"properties":{"OBJECTID":1842,"CATEGORY":2,"ZONEID":"B"}},{"type":"Feature","id":1844,"geometry":{"type":"Polygon","coordinates":[[[-80.3155654673569,25.4039024748873],[-80.331581931206,25.4039309934226],[-80.3311391677722,25.4186772143043],[-80.3265098140416,25.4187208172852],[-80.3252789208798,25.4187323920602],[-80.3232930557053,25.4187510410277],[-80.3154469445367,25.4188244482363],[-80.3155654673569,25.4039024748873]]]},"properties":{"OBJECTID":1844,"CATEGORY":1,"ZONEID":"A"}},{"type":"Feature","id":1845,"geometry":{"type":"Polygon","coordinates":[[[-80.331581931206,25.4039309934226],[-80.3475295418837,25.4040219500183],[-80.347320555121,25.4186833327265],[-80.3428831066879,25.4186818584959],[-80.3428347449862,25.4186818422688],[-80.3392297976662,25.4186805449134],[-80.3370631842701,25.4186796938028],[-80.3311391677722,25.4186772143043],[-80.331581931206,25.4039309934226]]]},"properties":{"OBJECTID":1845,"CATEGORY":1,"ZONEID":"A"}},{"type":"Feature","id":1846,"geometry":{"type":"Polygon","coordinates":[[[-80.347320555121,25.4186833327265],[-80.3475295418837,25.4040219500183],[-80.3636446632089,25.4037833615467],[-80.3635059759055,25.4186851834255],[-80.3473206440542,25.4186833400287],[-80.347320555121,25.4186833327265]]]},"properties":{"OBJECTID":1846,"CATEGORY":1,"ZONEID":"A"}},{"type":"Feature","id":1847,"geometry":{"type":"Polygon","coordinates":[[[-80.4609062327943,25.4039199852445],[-80.4692552523001,25.4039000137484],[-80.4771189902112,25.4038807733689],[-80.4771338052269,25.4112157218792],[-80.4771456360392,25.4170740828579],[-80.4771486067678,25.4185506632585],[-80.4736360161404,25.4185527930657],[-80.4688736928831,25.418555542748],[-80.4605986891669,25.418559898102],[-80.4607524753537,25.4112399431113],[-80.4609062327943,25.4039199852445]]]},"properties":{"OBJECTID":1847,"CATEGORY":2,"ZONEID":"B"}},{"type":"Feature","id":1849,"geometry":{"type":"Polygon","coordinates":[[[-80.3158601066853,25.3892824280594],[-80.3316460727141,25.3892435660759],[-80.331581931206,25.4039309934226],[-80.3155654673569,25.4039024748873],[-80.3158601066853,25.3892824280594]]]},"properties":{"OBJECTID":1849,"CATEGORY":1,"ZONEID":"A"}},{"type":"Feature","id":1850,"geometry":{"type":"Polygon","coordinates":[[[-80.5571459049639,25.273149459399],[-80.5570431673398,25.2586533896932],[-80.5731692040941,25.2588242634917],[-80.5732718554799,25.2732612263439],[-80.5571459049639,25.273149459399]]]},"properties":{"OBJECTID":1850,"CATEGORY":1,"ZONEID":"A"}},{"type":"Feature","id":1851,"geometry":{"type":"Polygon","coordinates":[[[-80.5410200164316,25.2730359295911],[-80.5409172015524,25.2584807502459],[-80.5570431673398,25.2586533896932],[-80.5571459049639,25.273149459399],[-80.5410200164316,25.2730359295911]]]},"properties":{"OBJECTID":1851,"CATEGORY":1,"ZONEID":"A"}},{"type":"Feature","id":1852,"geometry":{"type":"Polygon","coordinates":[[[-80.5248941862898,25.2729206426019],[-80.5247913139184,25.2583063565159],[-80.5409172015524,25.2584807502459],[-80.5410200164316,25.2730359295911],[-80.5248941862898,25.2729206426019]]]},"properties":{"OBJECTID":1852,"CATEGORY":1,"ZONEID":"A"}},{"type":"Feature","id":1853,"geometry":{"type":"Polygon","coordinates":[[[-80.5087684163352,25.2728035911152],[-80.5086655008447,25.2581302011841],[-80.5247913139184,25.2583063565159],[-80.5248941862898,25.2729206426019],[-80.5087684163352,25.2728035911152]]]},"properties":{"OBJECTID":1853,"CATEGORY":1,"ZONEID":"A"}},{"type":"Feature","id":1854,"geometry":{"type":"Polygon","coordinates":[[[-80.4926427128559,25.272684777563],[-80.4925397686193,25.2579522826179],[-80.5086655008447,25.2581302011841],[-80.5087684163352,25.2728035911152],[-80.4926427128559,25.272684777563]]]},"properties":{"OBJECTID":1854,"CATEGORY":1,"ZONEID":"A"}},{"type":"Feature","id":1855,"geometry":{"type":"Polygon","coordinates":[[[-80.4532146084984,25.272437920351],[-80.4450950914797,25.272423449401],[-80.4451019977276,25.2651497671467],[-80.4451088905008,25.2578760788451],[-80.4611383915998,25.2578239238723],[-80.4613341327035,25.2724519461393],[-80.4532146084984,25.272437920351]]]},"properties":{"OBJECTID":1855,"CATEGORY":1,"ZONEID":"A"}},{"type":"Feature","id":1856,"geometry":{"type":"Polygon","coordinates":[[[-80.2067727913062,25.4109386066533],[-80.2223971270592,25.4107972384926],[-80.2227772913925,25.4255467412249],[-80.2071084315408,25.4255646200184],[-80.2067727913062,25.4109386066533]]]},"properties":{"OBJECTID":1856,"CATEGORY":1,"ZONEID":"A"}},{"type":"Feature","id":1857,"geometry":{"type":"Polygon","coordinates":[[[-80.2212647072189,25.3550225424508],[-80.2207922418884,25.3408904667715],[-80.2373989698461,25.340736330204],[-80.2377189578351,25.3548620043107],[-80.2212647072189,25.3550225424508]]]},"properties":{"OBJECTID":1857,"CATEGORY":1,"ZONEID":"A"}},{"type":"Feature","id":1858,"geometry":{"type":"Polygon","coordinates":[[[-80.8024900455575,25.2778001479796],[-80.8128780485187,25.2777600471658],[-80.8129100492041,25.2921899508202],[-80.8024600454203,25.2921899508202],[-80.7979200453143,25.2924550505024],[-80.7977641444934,25.2778400481421],[-80.8024900455575,25.2778001479796]]]},"properties":{"OBJECTID":1858,"CATEGORY":1,"ZONEID":"A"}},{"type":"Feature","id":1859,"geometry":{"type":"Polygon","coordinates":[[[-80.7809966396593,25.2924300517431],[-80.7810561395722,25.2779600482891],[-80.7854501409866,25.2779300484665],[-80.7977641444934,25.2778400481421],[-80.7979200453143,25.2924550505024],[-80.7854201408494,25.2922600512714],[-80.7809966396593,25.2924300517431]]]},"properties":{"OBJECTID":1859,"CATEGORY":1,"ZONEID":"A"}},{"type":"Feature","id":1860,"geometry":{"type":"Polygon","coordinates":[[[-80.7653000353401,25.2780599480021],[-80.7695600359619,25.2780200487242],[-80.7810561395722,25.2779600482891],[-80.7809966396593,25.2924300517431],[-80.7694001358413,25.2923500514553],[-80.7649667352168,25.292506651291],[-80.7653000353401,25.2780599480021]]]},"properties":{"OBJECTID":1860,"CATEGORY":1,"ZONEID":"A"}},{"type":"Feature","id":1861,"geometry":{"type":"Polygon","coordinates":[[[-80.8453099593573,25.3212133572804],[-80.8450633592354,25.3063932542792],[-80.8498400600289,25.3063099538628],[-80.8620499631672,25.306440054449],[-80.8620900648598,25.3212899581232],[-80.8499601602908,25.3211499580387],[-80.8453099593573,25.3212133572804]]]},"properties":{"OBJECTID":1861,"CATEGORY":1,"ZONEID":"A"}},{"type":"Feature","id":1862,"geometry":{"type":"Polygon","coordinates":[[[-80.7809500413506,25.3211199591595],[-80.7810201404855,25.3069366550473],[-80.7854600413194,25.3068799555089],[-80.7980700460004,25.3067533555716],[-80.7981733459699,25.3213633587943],[-80.7856201417642,25.3210899594609],[-80.7809500413506,25.3211199591595]]]},"properties":{"OBJECTID":1862,"CATEGORY":2,"ZONEID":"B"}},{"type":"Feature","id":1863,"geometry":{"type":"Polygon","coordinates":[[[-80.8293401549023,25.3213300575307],[-80.8340601558317,25.3212500584567],[-80.8453099593573,25.3212133572804],[-80.8453701590576,25.3360933616008],[-80.8340001555571,25.3362799617302],[-80.8291500543201,25.33633006131],[-80.8293401549023,25.3213300575307]]]},"properties":{"OBJECTID":1863,"CATEGORY":1,"ZONEID":"A"}},{"type":"Feature","id":1864,"geometry":{"type":"Polygon","coordinates":[[[-80.8453099593573,25.3212133572804],[-80.8499601602908,25.3211499580387],[-80.8620900648598,25.3212899581232],[-80.862110064053,25.3265400588092],[-80.862110064053,25.329429958935],[-80.8621301647557,25.3360300602737],[-80.849960161189,25.3360699607523],[-80.8453701590576,25.3360933616008],[-80.8453099593573,25.3212133572804]]]},"properties":{"OBJECTID":1864,"CATEGORY":1,"ZONEID":"A"}},{"type":"Feature","id":1865,"geometry":{"type":"Polygon","coordinates":[[[-80.8131300493121,25.3214901586451],[-80.8130800499817,25.3067133544759],[-80.8176800512605,25.3066799549803],[-80.8290400547153,25.3064933547107],[-80.8293401549023,25.3213300575307],[-80.8176101515516,25.3215400580966],[-80.8131300493121,25.3214901586451]]]},"properties":{"OBJECTID":1865,"CATEGORY":2,"ZONEID":"B"}},{"type":"Feature","id":1866,"geometry":{"type":"Polygon","coordinates":[[[-80.7981733459699,25.3213633587943],[-80.7980700460004,25.3067533555716],[-80.8026201467635,25.3066299552026],[-80.8130800499817,25.3067133544759],[-80.8131300493121,25.3214901586451],[-80.8024799475954,25.3213699587949],[-80.7981733459699,25.3213633587943]]]},"properties":{"OBJECTID":1866,"CATEGORY":2,"ZONEID":"B"}},{"type":"Feature","id":1867,"geometry":{"type":"Polygon","coordinates":[[[-80.7979200453143,25.2924550505024],[-80.8024600454203,25.2921899508202],[-80.8129100492041,25.2921899508202],[-80.8130800499817,25.3067133544759],[-80.8026201467635,25.3066299552026],[-80.7980700460004,25.3067533555716],[-80.7979200453143,25.2924550505024]]]},"properties":{"OBJECTID":1867,"CATEGORY":2,"ZONEID":"B"}},{"type":"Feature","id":1868,"geometry":{"type":"Polygon","coordinates":[[[-80.8129100492041,25.2921899508202],[-80.8174500502084,25.2920699509432],[-80.8290700539542,25.292200049758],[-80.8290400547153,25.3064933547107],[-80.8176800512605,25.3066799549803],[-80.8130800499817,25.3067133544759],[-80.8129100492041,25.2921899508202]]]},"properties":{"OBJECTID":1868,"CATEGORY":2,"ZONEID":"B"}},{"type":"Feature","id":1869,"geometry":{"type":"Polygon","coordinates":[[[-80.7809966396593,25.2924300517431],[-80.7854201408494,25.2922600512714],[-80.7979200453143,25.2924550505024],[-80.7980700460004,25.3067533555716],[-80.7854600413194,25.3068799555089],[-80.7810201404855,25.3069366550473],[-80.7809966396593,25.2924300517431]]]},"properties":{"OBJECTID":1869,"CATEGORY":2,"ZONEID":"B"}},{"type":"Feature","id":1870,"geometry":{"type":"Polygon","coordinates":[[[-80.8291920532546,25.2776200471582],[-80.8339401543844,25.2775699468551],[-80.8449980580024,25.2774200462869],[-80.8449700584134,25.2921866500251],[-80.8339199548669,25.2921899508202],[-80.8290700539542,25.292200049758],[-80.8291920532546,25.2776200471582]]]},"properties":{"OBJECTID":1870,"CATEGORY":1,"ZONEID":"A"}},{"type":"Feature","id":1876,"geometry":{"type":"Polygon","coordinates":[[[-80.8418467607991,25.3941699762823],[-80.8417999594712,25.3796866726811],[-80.8463099603382,25.3796900733541],[-80.8573700639305,25.3794400716964],[-80.8574300642049,25.3940133757163],[-80.8462301611949,25.3941999765168],[-80.8418467607991,25.3941699762823]]]},"properties":{"OBJECTID":1876,"CATEGORY":2,"ZONEID":"B"}},{"type":"Feature","id":1877,"geometry":{"type":"Polygon","coordinates":[[[-80.7772801404456,25.3800566742602],[-80.7816900429388,25.3799200738702],[-80.7928600455246,25.3798600736013],[-80.7931567455882,25.3946332765184],[-80.7817401428806,25.3947698773044],[-80.7775800421049,25.3948500785006],[-80.7772801404456,25.3800566742602]]]},"properties":{"OBJECTID":1877,"CATEGORY":3,"ZONEID":"C"}},{"type":"Feature","id":1878,"geometry":{"type":"Polygon","coordinates":[[[-80.7928600455246,25.3798600736013],[-80.79733014682,25.3798400737756],[-80.8094699499252,25.3798998727739],[-80.8097001504033,25.394450076645],[-80.797580046454,25.3947499773302],[-80.7931567455882,25.3946332765184],[-80.7928600455246,25.3798600736013]]]},"properties":{"OBJECTID":1878,"CATEGORY":3,"ZONEID":"C"}},{"type":"Feature","id":1879,"geometry":{"type":"Polygon","coordinates":[[[-80.8256800555153,25.3943233760179],[-80.8257499543259,25.379780073467],[-80.8298400565781,25.3798700727013],[-80.8417999594712,25.3796866726811],[-80.8418467607991,25.3941699762823],[-80.8300700567318,25.3943600769172],[-80.8256800555153,25.3943233760179]]]},"properties":{"OBJECTID":1879,"CATEGORY":2,"ZONEID":"B"}},{"type":"Feature","id":1880,"geometry":{"type":"Polygon","coordinates":[[[-80.7775000426373,25.4537833926707],[-80.7774400423629,25.4386567891047],[-80.7813500431803,25.4386499886494],[-80.7937301474206,25.4386033889307],[-80.7936600473874,25.4533099917319],[-80.7936900475246,25.4539000930052],[-80.7817300440202,25.4538400930392],[-80.7775000426373,25.4537833926707]]]},"properties":{"OBJECTID":1880,"CATEGORY":3,"ZONEID":"C"}},{"type":"Feature","id":1881,"geometry":{"type":"Polygon","coordinates":[[[-80.7936900475246,25.4539000930052],[-80.7936600473874,25.4533099917319],[-80.7937301474206,25.4386033889307],[-80.7977800482671,25.4387700888684],[-80.8095301523205,25.4385666885163],[-80.8095900519837,25.4535132917475],[-80.7977100488453,25.4539199929494],[-80.7936900475246,25.4539000930052]]]},"properties":{"OBJECTID":1881,"CATEGORY":3,"ZONEID":"C"}},{"type":"Feature","id":1882,"geometry":{"type":"Polygon","coordinates":[[[-80.8258899576612,25.4534499911411],[-80.826070056401,25.4387200877536],[-80.830230158075,25.4387400883642],[-80.8419401613342,25.4385566869802],[-80.8419401613342,25.4534100913261],[-80.8301000586656,25.4537199916276],[-80.8258899576612,25.4534499911411]]]},"properties":{"OBJECTID":1882,"CATEGORY":3,"ZONEID":"C"}},{"type":"Feature","id":1883,"geometry":{"type":"Polygon","coordinates":[[[-80.8095900519837,25.4535132917475],[-80.8095301523205,25.4385666885163],[-80.8138800527428,25.4386699884604],[-80.826070056401,25.4387200877536],[-80.8258899576612,25.4534499911411],[-80.8136701541901,25.4535399913706],[-80.8095900519837,25.4535132917475]]]},"properties":{"OBJECTID":1883,"CATEGORY":3,"ZONEID":"C"}},{"type":"Feature","id":1884,"geometry":{"type":"Polygon","coordinates":[[[-80.8579299667789,25.4534749906708],[-80.8578600661718,25.4384567875777],[-80.8621700670223,25.4385400869756],[-80.8732901699906,25.4383899867472],[-80.8733000712216,25.4447200879261],[-80.8733199698035,25.4537449911013],[-80.8621200676919,25.4536899907924],[-80.8579299667789,25.4534749906708]]]},"properties":{"OBJECTID":1884,"CATEGORY":3,"ZONEID":"C"}},{"type":"Feature","id":1885,"geometry":{"type":"Polygon","coordinates":[[[-80.8578600661718,25.4384567875777],[-80.8577100654856,25.4230050835618],[-80.8618399666982,25.4232400836548],[-80.8732500700947,25.4231600830704],[-80.8732800702319,25.4367999868982],[-80.8732901699906,25.4383899867472],[-80.8621700670223,25.4385400869756],[-80.8578600661718,25.4384567875777]]]},"properties":{"OBJECTID":1885,"CATEGORY":3,"ZONEID":"C"}},{"type":"Feature","id":1886,"geometry":{"type":"Polygon","coordinates":[[[-80.7293800363217,25.734890064868],[-80.7158300327307,25.7351599657156],[-80.7133000319375,25.7351500658149],[-80.7132800309477,25.733880065349],[-80.7133101307979,25.72075996152],[-80.7157500305681,25.7207800615429],[-80.7294100355606,25.720510062498],[-80.7293601359432,25.7337400652191],[-80.7293800363217,25.734890064868]]]},"properties":{"OBJECTID":1886,"CATEGORY":5,"ZONEID":"E"}},{"type":"Feature","id":1887,"geometry":{"type":"Polygon","coordinates":[[[-80.3961323800879,25.315637222521],[-80.3961454047612,25.3083360633292],[-80.3961584141631,25.301034897841],[-80.4042582347208,25.3011347704254],[-80.4123580714482,25.3012342003096],[-80.412321882817,25.3085049668544],[-80.4122856771178,25.3157757169497],[-80.4042090187214,25.3157066914437],[-80.3961323800879,25.315637222521]]]},"properties":{"OBJECTID":1887,"CATEGORY":1,"ZONEID":"A"}},{"type":"Feature","id":1888,"geometry":{"type":"Polygon","coordinates":[[[-80.4288562254275,25.2723545543656],[-80.4288794989799,25.2650147390139],[-80.4289027563625,25.2576749161565],[-80.4370058135502,25.2577757189307],[-80.4451088905008,25.2578760788451],[-80.4451019977276,25.2651497671467],[-80.4450950914797,25.272423449401],[-80.4369756535129,25.2723892256868],[-80.4288562254275,25.2723545543656]]]},"properties":{"OBJECTID":1888,"CATEGORY":1,"ZONEID":"A"}},{"type":"Feature","id":1889,"geometry":{"type":"Polygon","coordinates":[[[-80.8572754659409,25.8343022423531],[-80.8732073839488,25.8341721181314],[-80.8732520993887,25.8379589907698],[-80.8733784752812,25.8486605344266],[-80.8574938176404,25.8487752080351],[-80.8572754659409,25.8343022423531]]]},"properties":{"OBJECTID":1889,"CATEGORY":5,"ZONEID":"E"}},{"type":"Feature","id":1890,"geometry":{"type":"Polygon","coordinates":[[[-80.4124916167951,25.3451301651054],[-80.4124978142721,25.3377821062825],[-80.4125039928846,25.330434025863],[-80.4206301161139,25.3305193371188],[-80.4246738769754,25.3305616216647],[-80.4287562474279,25.3306041960606],[-80.4287360254527,25.3379136101165],[-80.4287157846127,25.3452230234931],[-80.4206036930682,25.345176819596],[-80.4124916167951,25.3451301651054]]]},"properties":{"OBJECTID":1890,"CATEGORY":1,"ZONEID":"A"}},{"type":"Feature","id":1891,"geometry":{"type":"Polygon","coordinates":[[[-80.4449785593262,25.3306897044993],[-80.4449785593262,25.3306896695856],[-80.4448425103747,25.3235535429227],[-80.4447064650165,25.3164173691945],[-80.4528594388895,25.3163740784617],[-80.4610124163559,25.3163303394664],[-80.4611337904288,25.3236043801877],[-80.4612551698917,25.3308784134598],[-80.4612543093057,25.3311079977603],[-80.4531168520325,25.330784284737],[-80.4449785593262,25.3306897044993]]]},"properties":{"OBJECTID":1891,"CATEGORY":1,"ZONEID":"A"}},{"type":"Feature","id":1892,"geometry":{"type":"Polygon","coordinates":[[[-80.4287562474279,25.3306041960606],[-80.4286363968977,25.3161002106844],[-80.4447064650165,25.3164173691945],[-80.4448425103747,25.3235535429227],[-80.4449785593262,25.3306896695856],[-80.4449785593262,25.3306897044993],[-80.4405520541698,25.3306665486255],[-80.4368673984363,25.3306471699188],[-80.4287597849935,25.3306042139234],[-80.4287562474279,25.3306041960606]]]},"properties":{"OBJECTID":1892,"CATEGORY":1,"ZONEID":"A"}},{"type":"Feature","id":1893,"geometry":{"type":"Polygon","coordinates":[[[-80.4766200209866,25.2873557727668],[-80.4927456481091,25.2874172435743],[-80.4928485752778,25.30214967763],[-80.4767229508502,25.3021473094391],[-80.4766200209866,25.2873557727668]]]},"properties":{"OBJECTID":1893,"CATEGORY":1,"ZONEID":"A"}},{"type":"Feature","id":1894,"geometry":{"type":"Polygon","coordinates":[[[-80.4611279064637,25.3016730035742],[-80.4611671134343,25.2944408089664],[-80.4612063078285,25.2872086069085],[-80.4766200209866,25.2873557727668],[-80.4767229508502,25.3021473094391],[-80.4611279064637,25.3016730035742]]]},"properties":{"OBJECTID":1894,"CATEGORY":1,"ZONEID":"A"}},{"type":"Feature","id":1895,"geometry":{"type":"Polygon","coordinates":[[[-80.3961584141631,25.301034897841],[-80.3962020911505,25.2937563441798],[-80.3962457501717,25.2864777832213],[-80.4043895998564,25.286591131505],[-80.4125334711007,25.2867040370119],[-80.4124457838509,25.2939691206914],[-80.4123580714482,25.3012342003096],[-80.4042582347208,25.3011347704254],[-80.3961584141631,25.301034897841]]]},"properties":{"OBJECTID":1895,"CATEGORY":1,"ZONEID":"A"}},{"type":"Feature","id":1896,"geometry":{"type":"Polygon","coordinates":[[[-80.4612001453856,25.2436000460917],[-80.4648900472803,25.2437000455801],[-80.4757599496791,25.2437300449231],[-80.4763163751493,25.2437321347446],[-80.4763453853431,25.2478989439064],[-80.4764141289202,25.2577726040592],[-80.4611383915998,25.2578239238723],[-80.4612001453856,25.2436000460917]]]},"properties":{"OBJECTID":1896,"CATEGORY":1,"ZONEID":"A"}},{"type":"Feature","id":1897,"geometry":{"type":"Polygon","coordinates":[[[-80.4764141289202,25.2577726040592],[-80.4763453853431,25.2478989439064],[-80.4763163751493,25.2437321347446],[-80.4919700552693,25.2437900452118],[-80.4924408129024,25.243791652391],[-80.4925397686191,25.2579522826179],[-80.4764141289202,25.2577726040592]]]},"properties":{"OBJECTID":1897,"CATEGORY":1,"ZONEID":"A"}},{"type":"Feature","id":1898,"geometry":{"type":"Polygon","coordinates":[[[-80.8250055833318,25.7050819800736],[-80.825012860584,25.7037379951361],[-80.8269811672878,25.7036895663686],[-80.8410461103526,25.7033427340331],[-80.8409790915408,25.7161599970052],[-80.840969342125,25.7180242055145],[-80.8270961588308,25.7182331319088],[-80.827090455427,25.7182332176975],[-80.8249341897246,25.7182655705499],[-80.8249455013107,25.7161768612498],[-80.8250055833318,25.7050819800736]]]},"properties":{"OBJECTID":1898,"CATEGORY":4,"ZONEID":"D"}},{"type":"Feature","id":1899,"geometry":{"type":"Polygon","coordinates":[[[-80.5414583161367,25.2289353808472],[-80.54146006875,25.2289000397066],[-80.5422801686206,25.2289000405192],[-80.5422891050611,25.2289343333713],[-80.5571287606166,25.2289148587706],[-80.5572399738454,25.2428200444954],[-80.5572351741469,25.2440300436329],[-80.5495214503967,25.2440399109459],[-80.5488183318373,25.2440407909112],[-80.5412499680764,25.2440500447664],[-80.5412464350023,25.2440032603419],[-80.5412410307376,25.243931700345],[-80.5410017689533,25.240763343737],[-80.5410017446987,25.2407632990469],[-80.5414050684984,25.2378299422732],[-80.5413333685657,25.2367301421433],[-80.5411663681611,25.2348200413217],[-80.5414583161367,25.2289353808472]]]},"properties":{"OBJECTID":1899,"CATEGORY":1,"ZONEID":"A"}},{"type":"Feature","id":1902,"geometry":{"type":"Polygon","coordinates":[[[-80.7971800419292,25.1995025282596],[-80.7971800428275,25.1990316523137],[-80.7979400418126,25.199036726789],[-80.8007234429743,25.199040027677],[-80.8025500431371,25.199102526694],[-80.8124100460187,25.1989300270206],[-80.8125266473426,25.1998167279489],[-80.8125912595676,25.2134339750394],[-80.8033067444064,25.2134700301869],[-80.7972701429522,25.2135501312067],[-80.797044942497,25.2129751310467],[-80.7972888710293,25.2128995801453],[-80.7973034426015,25.2123934312152],[-80.7971333421109,25.2089917297516],[-80.7972176427121,25.2016900282339],[-80.7971800419292,25.1995025282596]]]},"properties":{"OBJECTID":1902,"CATEGORY":1,"ZONEID":"A"}},{"type":"Feature","id":1903,"geometry":{"type":"Polygon","coordinates":[[[-80.8287200505566,25.1988700265468],[-80.8445800557311,25.1988100268562],[-80.8447234564947,25.2014766275641],[-80.8447226614857,25.2133046931542],[-80.8288474927492,25.2133694401753],[-80.8288201525236,25.2006133266902],[-80.8287200505566,25.1988700265468]]]},"properties":{"OBJECTID":1903,"CATEGORY":1,"ZONEID":"A"}},{"type":"Feature","id":1904,"geometry":{"type":"Polygon","coordinates":[[[-80.8124100460187,25.1989300270206],[-80.8287200505566,25.1988700265468],[-80.8288201525236,25.2006133266902],[-80.8288474927492,25.2133694401753],[-80.8125912595676,25.2134339750394],[-80.8125266473426,25.1998167279489],[-80.8124100460187,25.1989300270206]]]},"properties":{"OBJECTID":1904,"CATEGORY":1,"ZONEID":"A"}},{"type":"Feature","id":1905,"geometry":{"type":"MultiPolygon","coordinates":[[[[-80.5903731446289,25.5938718562169],[-80.5906550925589,25.6011331093563],[-80.5909370683367,25.6083943136709],[-80.5830362767167,25.6083891486449],[-80.5751354913849,25.6083835607605],[-80.5748723092612,25.6011247537549],[-80.574609148697,25.5938659824737],[-80.574609148697,25.5938659492567],[-80.5752168787496,25.593863069097],[-80.579810513668,25.5938669255134],[-80.5824911439679,25.5938691137865],[-80.5885809346701,25.5938712664121],[-80.5903731446289,25.5938718562169]]]]},"properties":{"OBJECTID":1905,"CATEGORY":4,"ZONEID":"D"}},{"type":"Feature","id":1906,"geometry":{"type":"Polygon","coordinates":[[[-80.6065897800728,25.5791845782418],[-80.6225980512866,25.5791791202569],[-80.622480607343,25.5938786324907],[-80.6224805300878,25.5938786324907],[-80.6152319917209,25.5938777161869],[-80.6142164364108,25.5938775590136],[-80.6064512877037,25.5938761079966],[-80.606451026294,25.5938761136678],[-80.6065897800728,25.5791845782418]]]},"properties":{"OBJECTID":1906,"CATEGORY":4,"ZONEID":"D"}},{"type":"Feature","id":1907,"geometry":{"type":"Polygon","coordinates":[[[-80.8291318230115,25.2589333228113],[-80.8449401256498,25.2588454686432],[-80.8449851626866,25.2732856774818],[-80.8449980580024,25.2774200462869],[-80.8339401543844,25.2775699468551],[-80.8291920532546,25.2776200471582],[-80.8291781949447,25.2733207782594],[-80.8291318230115,25.2589333228113]]]},"properties":{"OBJECTID":1907,"CATEGORY":1,"ZONEID":"A"}},{"type":"Feature","id":1908,"geometry":{"type":"Polygon","coordinates":[[[-80.7324607250456,25.2594705692704],[-80.7490783136351,25.2593782171041],[-80.7490945246327,25.2734986125665],[-80.7490999297957,25.2782061485786],[-80.7368401270399,25.2782800489131],[-80.7325561261286,25.2783000492794],[-80.7325319839054,25.2735353907407],[-80.7324607250456,25.2594705692704]]]},"properties":{"OBJECTID":1908,"CATEGORY":1,"ZONEID":"A"}},{"type":"Feature","id":1909,"geometry":{"type":"Polygon","coordinates":[[[-80.7006778883223,25.2596472003616],[-80.7167315918316,25.2595579834659],[-80.7167065333267,25.2735705328749],[-80.716698020891,25.2783300498228],[-80.7047401167494,25.2782200494188],[-80.7006520159437,25.2782200494188],[-80.7006584442879,25.2736061688942],[-80.7006778883223,25.2596472003616]]]},"properties":{"OBJECTID":1909,"CATEGORY":1,"ZONEID":"A"}},{"type":"Feature","id":1910,"geometry":{"type":"Polygon","coordinates":[[[-80.8127982233244,25.2590240959608],[-80.7976270076822,25.2591084102642],[-80.7975100434388,25.2431300379686],[-80.8127300474823,25.2430200381733],[-80.8127982233244,25.2590240959608]]]},"properties":{"OBJECTID":1910,"CATEGORY":1,"ZONEID":"A"}},{"type":"Feature","id":1911,"geometry":{"type":"Polygon","coordinates":[[[-80.7652567670862,25.2592883062009],[-80.7490783136351,25.2593782171041],[-80.7490600293256,25.243450039392],[-80.7652200340758,25.2433499397567],[-80.7652567670862,25.2592883062009]]]},"properties":{"OBJECTID":1911,"CATEGORY":1,"ZONEID":"A"}},{"type":"Feature","id":1912,"geometry":{"type":"Polygon","coordinates":[[[-80.7167315918316,25.2595579834659],[-80.7006778883223,25.2596472003616],[-80.7007000156244,25.2437600410085],[-80.716760019917,25.2436601406979],[-80.7167315918316,25.2595579834659]]]},"properties":{"OBJECTID":1912,"CATEGORY":1,"ZONEID":"A"}},{"type":"Feature","id":1913,"geometry":{"type":"Polygon","coordinates":[[[-80.8449401256498,25.2588454686432],[-80.8291318230115,25.2589333228113],[-80.8290801528146,25.2429000376184],[-80.844890057149,25.242790037615],[-80.8449401256498,25.2588454686432]]]},"properties":{"OBJECTID":1913,"CATEGORY":1,"ZONEID":"A"}},{"type":"Feature","id":1915,"geometry":{"type":"Polygon","coordinates":[[[-80.8270802685317,25.6746357437764],[-80.8411979597716,25.6742874990433],[-80.8411220503335,25.6888151285964],[-80.8271898028093,25.6891587546268],[-80.8250914955107,25.6892103917841],[-80.8251629079825,25.6760131031715],[-80.8251701052846,25.6746827586117],[-80.8270802685317,25.6746357437764]]]},"properties":{"OBJECTID":1915,"CATEGORY":4,"ZONEID":"D"}},{"type":"Feature","id":1916,"geometry":{"type":"Polygon","coordinates":[[[-80.840969342125,25.7180242055145],[-80.8570044415248,25.7177810756493],[-80.8570019873274,25.7201540748583],[-80.8570019855308,25.7201554167013],[-80.8569893956421,25.7323118337187],[-80.8409205222827,25.7325544070688],[-80.8409618187346,25.7202645437646],[-80.8409618384975,25.7202583808427],[-80.840969342125,25.7180242055145]]]},"properties":{"OBJECTID":1916,"CATEGORY":4,"ZONEID":"D"}},{"type":"Feature","id":1917,"geometry":{"type":"Polygon","coordinates":[[[-80.8406750441565,25.805516952991],[-80.856838893696,25.8053562844299],[-80.8568720909374,25.8075577790636],[-80.8570571582589,25.8198292652106],[-80.8409289745311,25.8199744377017],[-80.8408020030556,25.8127457008049],[-80.8407125560062,25.8076529207172],[-80.8406750441565,25.805516952991]]]},"properties":{"OBJECTID":1917,"CATEGORY":5,"ZONEID":"E"}},{"type":"Feature","id":1918,"geometry":{"type":"Polygon","coordinates":[[[-80.8271598008754,25.7618177664389],[-80.8408228188173,25.7616147255036],[-80.840773583055,25.7762487955788],[-80.8271694011708,25.7764281356936],[-80.8246526604096,25.7764611732356],[-80.8247142192611,25.7637440572411],[-80.8247233668056,25.7618538370575],[-80.8271598008754,25.7618177664389]]]},"properties":{"OBJECTID":1918,"CATEGORY":5,"ZONEID":"E"}},{"type":"Feature","id":1920,"geometry":{"type":"Polygon","coordinates":[[[-80.8271369764807,25.7472895971709],[-80.8408716808806,25.7470845789634],[-80.8408228188173,25.7616147255036],[-80.8271598008754,25.7618177664389],[-80.8247233668056,25.7618538370575],[-80.824724194154,25.7616829584224],[-80.8247829987708,25.7495301542185],[-80.824793669858,25.7473244463714],[-80.8271369764807,25.7472895971709]]]},"properties":{"OBJECTID":1920,"CATEGORY":5,"ZONEID":"E"}},{"type":"Feature","id":1921,"geometry":{"type":"Polygon","coordinates":[[[-80.827208646769,25.7910384231691],[-80.8407243248347,25.7908828743019],[-80.8406790066252,25.8043409789866],[-80.8406750441565,25.805516952991],[-80.8325931045645,25.8055966179642],[-80.8285521266837,25.8056362814057],[-80.8271327310426,25.8056501859281],[-80.8245111568877,25.8056758324204],[-80.8245174621627,25.8043741575604],[-80.8245712290274,25.7932759779131],[-80.8245819216743,25.7910685076438],[-80.827208646769,25.7910384231691]]]},"properties":{"OBJECTID":1921,"CATEGORY":5,"ZONEID":"E"}},{"type":"Feature","id":1922,"geometry":{"type":"Polygon","coordinates":[[[-80.6061046574803,25.3889078556699],[-80.6140997955613,25.3888914200675],[-80.6220949354389,25.388874550281],[-80.6221550435112,25.3960874865553],[-80.6222151524818,25.4033004169695],[-80.6142181593798,25.4033404778182],[-80.606221169871,25.4033801093927],[-80.6061629150231,25.3961439844159],[-80.6061046574803,25.3889078556699]]]},"properties":{"OBJECTID":1922,"CATEGORY":2,"ZONEID":"B"}},{"type":"Feature","id":1923,"geometry":{"type":"Polygon","coordinates":[[[-80.6220949354389,25.388874550281],[-80.6300905738816,25.388855176034],[-80.6380862114259,25.3888353667904],[-80.6381490467834,25.3960277905207],[-80.6382118857341,25.4032202084061],[-80.630213519108,25.4032605313824],[-80.6222151524818,25.4033004169695],[-80.6221550435112,25.3960874865553],[-80.6220949354389,25.388874550281]]]},"properties":{"OBJECTID":1923,"CATEGORY":2,"ZONEID":"B"}},{"type":"Feature","id":1924,"geometry":{"type":"Polygon","coordinates":[[[-80.6380862114259,25.3888353667904],[-80.6460841603354,25.3888164283422],[-80.6540821146348,25.3887970573321],[-80.6541433491945,25.3959683971486],[-80.6542045855508,25.4031397214591],[-80.6462082356424,25.4031801824102],[-80.6382118857341,25.4032202084061],[-80.6381490467834,25.3960277905207],[-80.6380862114259,25.3888353667904]]]},"properties":{"OBJECTID":1924,"CATEGORY":2,"ZONEID":"B"}},{"type":"Feature","id":1925,"geometry":{"type":"Polygon","coordinates":[[[-80.6540821146348,25.3887970573321],[-80.669832640329,25.3887576344074],[-80.6698764978778,25.4030591646728],[-80.6542045855508,25.4031397214591],[-80.6541433491945,25.3959683971486],[-80.6540821146348,25.3887970573321]]]},"properties":{"OBJECTID":1925,"CATEGORY":2,"ZONEID":"B"}},{"type":"Feature","id":1927,"geometry":{"type":"Polygon","coordinates":[[[-80.300859362538,25.3747417429983],[-80.3158170962478,25.3746568395415],[-80.3158601066853,25.3892824280594],[-80.301030273309,25.389221378236],[-80.300859362538,25.3747417429983]]]},"properties":{"OBJECTID":1927,"CATEGORY":1,"ZONEID":"A"}},{"type":"Feature","id":1928,"geometry":{"type":"Polygon","coordinates":[[[-80.3158170962478,25.3746568395415],[-80.3317837952269,25.3746060862287],[-80.3316460727141,25.3892435660759],[-80.3158601066853,25.3892824280594],[-80.3158170962478,25.3746568395415]]]},"properties":{"OBJECTID":1928,"CATEGORY":1,"ZONEID":"A"}},{"type":"Feature","id":1929,"geometry":{"type":"Polygon","coordinates":[[[-80.3958730625165,25.4186363966877],[-80.4039638783618,25.4186201695961],[-80.4120548873449,25.4186034865209],[-80.4120117457534,25.4259724110724],[-80.4119688044862,25.4333413402229],[-80.4038509673171,25.4334129343143],[-80.395732950485,25.4334841332821],[-80.3958029427204,25.4260602218421],[-80.3958730625165,25.4186363966877]]]},"properties":{"OBJECTID":1929,"CATEGORY":2,"ZONEID":"B"}},{"type":"Feature","id":1930,"geometry":{"type":"Polygon","coordinates":[[[-80.6707298443971,25.5497050293186],[-80.6828143328402,25.5496860772784],[-80.6827500179574,25.5585000216168],[-80.6827089658473,25.5644922628636],[-80.6827089577624,25.5644934200725],[-80.6708198582835,25.5644285434274],[-80.6707298443971,25.5497050293186]]]},"properties":{"OBJECTID":1930,"CATEGORY":4,"ZONEID":"D"}},{"type":"Feature","id":1931,"geometry":{"type":"Polygon","coordinates":[[[-80.6706398044595,25.5349814871147],[-80.6829238231004,25.5349727499816],[-80.6828601181736,25.5434101174854],[-80.6828143328402,25.5496860772784],[-80.6707298443971,25.5497050293186],[-80.6706398044595,25.5349814871147]]]},"properties":{"OBJECTID":1931,"CATEGORY":4,"ZONEID":"D"}},{"type":"Feature","id":1932,"geometry":{"type":"Polygon","coordinates":[[[-80.6705497914714,25.5202579287607],[-80.6830273593267,25.5203088874264],[-80.6829701177785,25.5288400139052],[-80.6829238293886,25.5349719596759],[-80.6829238231004,25.5349727499816],[-80.6706398044595,25.5349814871147],[-80.6705497914714,25.5202579287607]]]},"properties":{"OBJECTID":1932,"CATEGORY":4,"ZONEID":"D"}},{"type":"Feature","id":1933,"geometry":{"type":"Polygon","coordinates":[[[-80.6705497914714,25.5202579287607],[-80.6704597820766,25.5055343208035],[-80.6831220103167,25.505597172395],[-80.683070015828,25.5139501100319],[-80.6830273593267,25.5203088874264],[-80.6705497914714,25.5202579287607]]]},"properties":{"OBJECTID":1933,"CATEGORY":4,"ZONEID":"D"}},{"type":"Feature","id":1934,"geometry":{"type":"Polygon","coordinates":[[[-80.6704597820766,25.5055343208035],[-80.6704504773268,25.5040132967472],[-80.6703698122076,25.4908198096113],[-80.6832255627128,25.4908824207761],[-80.6831600162397,25.4994899059762],[-80.6831220103167,25.505597172395],[-80.6704597820766,25.5055343208035]]]},"properties":{"OBJECTID":1934,"CATEGORY":3,"ZONEID":"C"}},{"type":"Feature","id":1936,"geometry":{"type":"Polygon","coordinates":[[[-80.8414255111178,25.630704421755],[-80.8432220859905,25.6306599837662],[-80.8432417617902,25.630659497813],[-80.843290166611,25.6306583007481],[-80.8574451810543,25.6303074055184],[-80.8574439099382,25.6305599073173],[-80.8573720510037,25.6448351241084],[-80.8413496897146,25.6452321422442],[-80.8414255111178,25.630704421755]]]},"properties":{"OBJECTID":1936,"CATEGORY":3,"ZONEID":"C"}},{"type":"Feature","id":1937,"geometry":{"type":"Polygon","coordinates":[[[-80.6529257996078,25.2596434827214],[-80.652782917172,25.2440635383795],[-80.6527826449825,25.2440338413785],[-80.6538780596231,25.2440286777771],[-80.6697189342753,25.2439532119812],[-80.6697187195779,25.2439738078965],[-80.6695535993472,25.2598088469174],[-80.6529257996078,25.2596434827214]]]},"properties":{"OBJECTID":1937,"CATEGORY":1,"ZONEID":"A"}},{"type":"Feature","id":1938,"geometry":{"type":"Polygon","coordinates":[[[-80.4638491460045,25.2357776433319],[-80.4646901469768,25.2348601433147],[-80.4653200465524,25.2348150439093],[-80.4658400471344,25.2350700433219],[-80.4666800464852,25.2350250431298],[-80.4675800470088,25.234519943495],[-80.4681076473381,25.2336874428231],[-80.468380047075,25.2326799428045],[-80.4683651476177,25.2318800427078],[-80.4683301465593,25.2306000425732],[-80.468700946854,25.2300633421147],[-80.4701650480535,25.2304899428635],[-80.4708800486292,25.2303400426897],[-80.4714600485873,25.2298599417417],[-80.4718434486523,25.2291466416663],[-80.4733867489205,25.2291200419997],[-80.4738549481517,25.2301850415257],[-80.475306549294,25.2307925421132],[-80.4761023497362,25.2306599420782],[-80.4757798365829,25.2429710416378],[-80.4757797817856,25.2429731282222],[-80.4757599496791,25.2437300449231],[-80.4648900472803,25.2437000455801],[-80.4612001453856,25.2436000460917],[-80.4612143872761,25.2427571706064],[-80.4612153888976,25.2426978547745],[-80.4612500459013,25.2406466447757],[-80.46121004482,25.2381101443925],[-80.4609951444478,25.2366350440621],[-80.4618634452217,25.2362533435554],[-80.4630525460616,25.236135043547],[-80.4638491460045,25.2357776433319]]]},"properties":{"OBJECTID":1938,"CATEGORY":1,"ZONEID":"A"}},{"type":"Feature","id":1939,"geometry":{"type":"Polygon","coordinates":[[[-80.5409172015524,25.2584807502459],[-80.5408152274963,25.2440454556214],[-80.5412499680764,25.2440500447664],[-80.5488183318373,25.2440407909112],[-80.5495214503967,25.2440399109459],[-80.5572351741469,25.2440300436329],[-80.5572346010218,25.2440736567601],[-80.5572334484833,25.2441614882986],[-80.5570431673398,25.2586533896932],[-80.5409172015524,25.2584807502459]]]},"properties":{"OBJECTID":1939,"CATEGORY":1,"ZONEID":"A"}},{"type":"Feature","id":1940,"geometry":{"type":"Polygon","coordinates":[[[-80.8730069859786,25.6299200487733],[-80.8593571220673,25.6302599026264],[-80.8593500711907,25.6295900354054],[-80.8590299709123,25.6165100321999],[-80.862939972628,25.616469932249],[-80.8734700746941,25.6159199325849],[-80.8735000748314,25.6258099347519],[-80.8730069859786,25.6299200487733]]]},"properties":{"OBJECTID":1940,"CATEGORY":3,"ZONEID":"C"}},{"type":"Feature","id":1941,"geometry":{"type":"Polygon","coordinates":[[[-80.8111200580839,25.6443399404213],[-80.8110300576722,25.6308499370799],[-80.8141599579037,25.6308799373537],[-80.825405748655,25.6310996840066],[-80.825327873703,25.6455085702368],[-80.8143301581073,25.6455000411976],[-80.8111099574269,25.6455300410294],[-80.8111200580839,25.6443399404213]]]},"properties":{"OBJECTID":1941,"CATEGORY":4,"ZONEID":"D"}},{"type":"Feature","id":1942,"geometry":{"type":"Polygon","coordinates":[[[-80.8271599616738,25.629850037031],[-80.8271299615366,25.617060033198],[-80.8305199626703,25.6170800324502],[-80.8432599661495,25.6167300329029],[-80.843290166611,25.6298000369493],[-80.843290166611,25.6306583007481],[-80.8432417617902,25.630659497813],[-80.8432220859905,25.6306599837662],[-80.8414255111178,25.630704421755],[-80.8271724608327,25.6310561791922],[-80.8271599616738,25.629850037031]]]},"properties":{"OBJECTID":1942,"CATEGORY":3,"ZONEID":"C"}},{"type":"Feature","id":1943,"geometry":{"type":"Polygon","coordinates":[[[-80.557826476708,25.2441699743087],[-80.5574229274312,25.2440744749733],[-80.5572351741469,25.2440300436329],[-80.5572399738454,25.2428200444954],[-80.5571287606166,25.2289148587706],[-80.5735954762559,25.2288915038729],[-80.5735979699791,25.2288915006224],[-80.5736172873509,25.2288914713678],[-80.5736172855543,25.2288915900114],[-80.5736172280621,25.2288975278767],[-80.5735701779008,25.2337174405744],[-80.5735420660223,25.2338718497299],[-80.5735394088057,25.2338864439121],[-80.5733375780226,25.2349950408256],[-80.5735161639994,25.2359571447744],[-80.5735185157888,25.2359698104547],[-80.5737700782043,25.2373250419969],[-80.5734900957882,25.2385012501709],[-80.573487479894,25.238512241707],[-80.5733670777982,25.2390180414304],[-80.5734733772424,25.2396805427972],[-80.5734250775246,25.2440699435185],[-80.5730741785067,25.2440736080086],[-80.570550176663,25.2440999435826],[-80.5703628940959,25.2441013573767],[-80.5681251799434,25.2441182213387],[-80.5679221678757,25.2441197496986],[-80.5597225741344,25.2441812432155],[-80.5597194201494,25.2441713385379],[-80.5595715987761,25.2441949375076],[-80.558891990026,25.2443034306324],[-80.558592473744,25.2443512435963],[-80.557826476708,25.2441699743087]]]},"properties":{"OBJECTID":1943,"CATEGORY":1,"ZONEID":"A"}},{"type":"Feature","id":1944,"geometry":{"type":"Polygon","coordinates":[[[-80.5250145641312,25.2289551276745],[-80.5250367632985,25.2275033405057],[-80.5253694642454,25.2242186390121],[-80.5252549631827,25.2190500383362],[-80.5264099639744,25.2178775380927],[-80.5280600649468,25.217353837583],[-80.5285901652875,25.2165999368035],[-80.5287200643725,25.215640036584],[-80.5291699649213,25.2147200366836],[-80.5290201645594,25.214163336502],[-80.5299000643801,25.2140000362911],[-80.5306074652085,25.2146749363112],[-80.5313801645749,25.2147933368425],[-80.5321500656891,25.2141600368368],[-80.5332251658279,25.2141750364962],[-80.5335600649523,25.2150275376695],[-80.5338200661416,25.2141799364171],[-80.5348825656119,25.2141650375362],[-80.5368799660529,25.2141600368368],[-80.5379825672158,25.214392537039],[-80.5388267670891,25.2140850360738],[-80.5415700683548,25.2140999365899],[-80.5415655830666,25.217298704538],[-80.5415652228422,25.2175564372286],[-80.5415901681593,25.2182600374611],[-80.5415641897796,25.2182924966162],[-80.5415601689204,25.221160037806],[-80.5415793677146,25.2229633388795],[-80.54146006875,25.2289000397066],[-80.5414481184617,25.2289353938492],[-80.5309468496213,25.2289482146601],[-80.5309201651658,25.2289124412057],[-80.5309099153884,25.2289482585419],[-80.5250145641312,25.2289551276745]]]},"properties":{"OBJECTID":1944,"CATEGORY":1,"ZONEID":"A"}},{"type":"Feature","id":1945,"geometry":{"type":"Polygon","coordinates":[[[-80.8569191617599,25.7760343021806],[-80.8727668779813,25.7758256675109],[-80.8727867370373,25.7817517676174],[-80.8728160894892,25.7905104501124],[-80.8727323305721,25.7905114255672],[-80.8568790394061,25.7906953083659],[-80.8569191617599,25.7760343021806]]]},"properties":{"OBJECTID":1945,"CATEGORY":5,"ZONEID":"E"}},{"type":"Feature","id":1947,"geometry":{"type":"Polygon","coordinates":[[[-80.856838893696,25.8053562844299],[-80.8726449370714,25.8051974255991],[-80.8728653027937,25.8051951983439],[-80.8728897603257,25.8072674794858],[-80.8730363249558,25.8196836728596],[-80.8570571582589,25.8198292652106],[-80.8568720909374,25.8075577790636],[-80.856838893696,25.8053562844299]]]},"properties":{"OBJECTID":1947,"CATEGORY":5,"ZONEID":"E"}},{"type":"Feature","id":1948,"geometry":{"type":"Polygon","coordinates":[[[-80.8569592661474,25.761373268889],[-80.8727176691684,25.7611408592231],[-80.8727668779813,25.7758256675109],[-80.8569191617599,25.7760343021806],[-80.8569592661474,25.761373268889]]]},"properties":{"OBJECTID":1948,"CATEGORY":5,"ZONEID":"E"}},{"type":"Feature","id":1951,"geometry":{"type":"Polygon","coordinates":[[[-80.716630118137,25.1701400222068],[-80.7005600140855,25.1701700226113],[-80.7005401128087,25.1556000177664],[-80.716600118898,25.1555601181517],[-80.716630118137,25.1701400222068]]]},"properties":{"OBJECTID":1951,"CATEGORY":1,"ZONEID":"A"}},{"type":"Feature","id":1952,"geometry":{"type":"Polygon","coordinates":[[[-80.5110276631048,25.6086750879063],[-80.5190385010421,25.6086404946223],[-80.5270493371827,25.6086054622695],[-80.5275723525107,25.6231257323162],[-80.5195595903822,25.6231609151174],[-80.5115468318469,25.623195661333],[-80.5112872357978,25.6159353788947],[-80.5110276631048,25.6086750879063]]]},"properties":{"OBJECTID":1952,"CATEGORY":5,"ZONEID":"E"}},{"type":"Feature","id":1953,"geometry":{"type":"Polygon","coordinates":[[[-80.5270493371827,25.6086054622695],[-80.5350613186753,25.6085698158719],[-80.5430733010662,25.6085337336449],[-80.5433358525726,25.6157937043504],[-80.543598438215,25.6230536665479],[-80.5355853940154,25.6230899193453],[-80.5275723525107,25.6231257323162],[-80.5270493371827,25.6086054622695]]]},"properties":{"OBJECTID":1953,"CATEGORY":5,"ZONEID":"E"}},{"type":"Feature","id":1954,"geometry":{"type":"Polygon","coordinates":[[[-80.5531975721347,25.6665743360597],[-80.5612119647055,25.666536889238],[-80.5614784220868,25.6737967796651],[-80.5617449055192,25.6810566578094],[-80.5564452495847,25.6810812293699],[-80.5537309665976,25.68109373333],[-80.5457170312692,25.6811303659991],[-80.5454500941876,25.6738708591071],[-80.5451831804622,25.666611339166],[-80.5531975721347,25.6665743360597]]]},"properties":{"OBJECTID":1954,"CATEGORY":5,"ZONEID":"E"}},{"type":"Feature","id":1955,"geometry":{"type":"Polygon","coordinates":[[[-80.6011922490949,25.666580837777],[-80.6092066084281,25.6664321426853],[-80.6094935447028,25.6736921463624],[-80.6097805061305,25.6809521490795],[-80.6097804773844,25.6809521490795],[-80.6073628252905,25.6809969666504],[-80.6017651712269,25.6811006001854],[-80.5964722499622,25.6811983925175],[-80.5937498156621,25.6812486244583],[-80.5934638333982,25.6739888592124],[-80.593177876287,25.666729091409],[-80.6011922490949,25.666580837777]]]},"properties":{"OBJECTID":1955,"CATEGORY":5,"ZONEID":"E"}},{"type":"Feature","id":1956,"geometry":{"type":"Polygon","coordinates":[[[-80.5772464433694,25.6664600847165],[-80.5772464864885,25.6664600847165],[-80.593177876287,25.666729091409],[-80.5934638333982,25.6739888592124],[-80.5937498156621,25.6812486244583],[-80.5937497428986,25.6812486252679],[-80.5777711124959,25.6809819092632],[-80.5775087649071,25.6737209999545],[-80.5774258459148,25.6714258723539],[-80.5772464433694,25.6664600847165]]]},"properties":{"OBJECTID":1956,"CATEGORY":5,"ZONEID":"E"}},{"type":"Feature","id":1957,"geometry":{"type":"Polygon","coordinates":[[[-80.5692292031391,25.6664987072161],[-80.5772464433694,25.6664600847165],[-80.5774258459148,25.6714258723539],[-80.5775087649071,25.6737209999545],[-80.5777711124959,25.6809819092632],[-80.5777710316476,25.6809819092632],[-80.5697580404486,25.681019503748],[-80.5697580063126,25.681019503748],[-80.5617449055192,25.6810566578094],[-80.5614784220868,25.6737967796651],[-80.5612119647055,25.666536889238],[-80.5692292031391,25.6664987072161]]]},"properties":{"OBJECTID":1957,"CATEGORY":5,"ZONEID":"E"}},{"type":"Feature","id":1958,"geometry":{"type":"Polygon","coordinates":[[[-80.5907077059869,25.5204656634173],[-80.6066690572951,25.520427613089],[-80.6067680651142,25.5351174366297],[-80.5908045677308,25.535147064543],[-80.5907077059869,25.5204656634173]]]},"properties":{"OBJECTID":1958,"CATEGORY":4,"ZONEID":"D"}},{"type":"Feature","id":1959,"geometry":{"type":"Polygon","coordinates":[[[-80.6066690572951,25.520427613089],[-80.6226304184848,25.520387820622],[-80.6227315759723,25.5350860700383],[-80.6067680651142,25.5351174366297],[-80.6066690572951,25.520427613089]]]},"properties":{"OBJECTID":1959,"CATEGORY":4,"ZONEID":"D"}},{"type":"Feature","id":1960,"geometry":{"type":"Polygon","coordinates":[[[-80.6226304184848,25.520387820622],[-80.638591801234,25.5203462916894],[-80.6386951092883,25.5350529631461],[-80.6227315759723,25.5350860700383],[-80.6226304184848,25.520387820622]]]},"properties":{"OBJECTID":1960,"CATEGORY":4,"ZONEID":"D"}},{"type":"Feature","id":1961,"geometry":{"type":"Polygon","coordinates":[[[-80.638591801234,25.5203462916894],[-80.6545531893731,25.5203030230465],[-80.6546586533841,25.5350181143306],[-80.6386951092883,25.5350529631461],[-80.638591801234,25.5203462916894]]]},"properties":{"OBJECTID":1961,"CATEGORY":4,"ZONEID":"D"}},{"type":"Feature","id":1962,"geometry":{"type":"Polygon","coordinates":[[[-80.6545531893731,25.5203030230465],[-80.6705497914714,25.5202579287607],[-80.6706398044595,25.5349814871147],[-80.6546586533841,25.5350181143306],[-80.6545531893731,25.5203030230465]]]},"properties":{"OBJECTID":1962,"CATEGORY":4,"ZONEID":"D"}},{"type":"Feature","id":1963,"geometry":{"type":"Polygon","coordinates":[[[-80.4103749775765,25.5070052474633],[-80.4124152977251,25.5069763130974],[-80.4124304783551,25.5088287494894],[-80.41244566168,25.5106811848686],[-80.4124608378184,25.5125336168004],[-80.4124760175501,25.5143860517675],[-80.4125055173257,25.5162385351662],[-80.4125350108132,25.5180910159182],[-80.4125645051989,25.5199435005062],[-80.4125940013813,25.52179598001],[-80.4105482724763,25.5218117286809],[-80.4085025435714,25.5218274489768],[-80.406456816463,25.5218431376548],[-80.4044110875581,25.5218587979578],[-80.4023795080172,25.5218802301468],[-80.4003479311712,25.5219016307162],[-80.3983163543253,25.5219229996662],[-80.3962847729876,25.5219443442926],[-80.3962565560062,25.5200958320683],[-80.396228342618,25.5182473156926],[-80.3962001229417,25.5163988000322],[-80.3961719095536,25.5145502834686],[-80.3961541283009,25.5127007080144],[-80.3961363461498,25.5108511348728],[-80.396118567592,25.5090015551286],[-80.396100785441,25.5071519809456],[-80.3975357399029,25.5071414362282],[-80.3981390960585,25.5071370005714],[-80.399474073419,25.5071271758058],[-80.4001774057775,25.5071219934403],[-80.4022157163948,25.5071069563093],[-80.4033497702707,25.5070985787447],[-80.4042540261138,25.5070918899891],[-80.4062943444658,25.5070630375307],[-80.4083346592245,25.5070341542565],[-80.4083347221066,25.5070341542565],[-80.4103749775765,25.5070052474633]]]},"properties":{"OBJECTID":1963,"CATEGORY":2,"ZONEID":"B"}},{"type":"Feature","id":1964,"geometry":{"type":"Polygon","coordinates":[[[-80.4288305605598,25.5067992683214],[-80.4288306315267,25.5067992683214],[-80.4288455929678,25.5086763614703],[-80.4288605544088,25.5105534512195],[-80.4288755158499,25.5124305399984],[-80.4288904763926,25.5143076286148],[-80.4288958438265,25.5161395190849],[-80.4289012112603,25.5179714132153],[-80.4289065804907,25.5198033045177],[-80.4289119488229,25.5216351954216],[-80.4268763960334,25.5216553419439],[-80.4248408477356,25.5216754609003],[-80.4228052949462,25.5216955547229],[-80.4207697457501,25.5217156193584],[-80.4187258089841,25.5217357488433],[-80.4166818731165,25.5217558564371],[-80.4146379354522,25.5217759299797],[-80.4125940013813,25.52179598001],[-80.4125645051989,25.5199435005062],[-80.4125350108132,25.5180910159182],[-80.4125055173257,25.5162385351662],[-80.4124760175501,25.5143860517675],[-80.4124608378184,25.5125336168004],[-80.41244566168,25.5106811848686],[-80.4124304783551,25.5088287494894],[-80.4124152977251,25.5069763130974],[-80.4144622842715,25.5069549828354],[-80.4153720674485,25.5069454953308],[-80.4165092672245,25.506933627436],[-80.4185562528726,25.5069122387917],[-80.4200012235498,25.5068971270446],[-80.4206032421138,25.5068908233885],[-80.4226600885688,25.506867978612],[-80.4247169296338,25.5068451014008],[-80.4267737859702,25.5068222022946],[-80.4267738380724,25.5068222022946],[-80.4288305605598,25.5067992683214]]]},"properties":{"OBJECTID":1964,"CATEGORY":3,"ZONEID":"C"}},{"type":"Feature","id":1965,"geometry":{"type":"Polygon","coordinates":[[[-80.4447419520635,25.3744079264428],[-80.4529282381623,25.3746351084156],[-80.4611145664819,25.3748618321911],[-80.4610826682044,25.3820875028251],[-80.4610507555539,25.3893131672092],[-80.4527906746512,25.3892852279137],[-80.44453060363,25.3892568244038],[-80.4446362895249,25.3818323800518],[-80.4447419520635,25.3744079264428]]]},"properties":{"OBJECTID":1965,"CATEGORY":1,"ZONEID":"A"}},{"type":"Feature","id":1966,"geometry":{"type":"Polygon","coordinates":[[[-80.4284955877736,25.3890608465775],[-80.4284741530726,25.3817493929033],[-80.4284527120834,25.3744379323992],[-80.436597328031,25.3744231562787],[-80.4447419520635,25.3744079264428],[-80.4446362895249,25.3818323800518],[-80.44453060363,25.3892568244038],[-80.436513084922,25.3891590566786],[-80.4284955877736,25.3890608465775]]]},"properties":{"OBJECTID":1966,"CATEGORY":1,"ZONEID":"A"}},{"type":"Feature","id":1967,"geometry":{"type":"Polygon","coordinates":[[[-80.3961173539682,25.374421677449],[-80.4042103096005,25.3744195371231],[-80.412303271521,25.3744169609401],[-80.4122520406004,25.3817492971342],[-80.4122008006966,25.3890816255903],[-80.4041556920313,25.3890630872766],[-80.3961106031288,25.3890441074748],[-80.3961139843876,25.3817328922098],[-80.3961173539682,25.374421677449]]]},"properties":{"OBJECTID":1967,"CATEGORY":1,"ZONEID":"A"}},{"type":"Feature","id":1968,"geometry":{"type":"Polygon","coordinates":[[[-80.412303271521,25.3744169609401],[-80.4203779868615,25.3744276690627],[-80.4284527120834,25.3744379323992],[-80.4284741530726,25.3817493929033],[-80.4284955877736,25.3890608465775],[-80.4203481888452,25.3890714641308],[-80.4122008006966,25.3890816255903],[-80.4122520406004,25.3817492971342],[-80.412303271521,25.3744169609401]]]},"properties":{"OBJECTID":1968,"CATEGORY":1,"ZONEID":"A"}},{"type":"Feature","id":1969,"geometry":{"type":"Polygon","coordinates":[[[-80.4931154872067,25.3745871885663],[-80.5011577275513,25.3745355318566],[-80.5091999696926,25.3744834360214],[-80.5091987677468,25.3817747887574],[-80.5091975559195,25.3890661306019],[-80.5011439285304,25.3891387175408],[-80.4930902993446,25.3892108686323],[-80.4931028973181,25.3818990312276],[-80.4931154872067,25.3745871885663]]]},"properties":{"OBJECTID":1969,"CATEGORY":2,"ZONEID":"B"}},{"type":"Feature","id":1970,"geometry":{"type":"Polygon","coordinates":[[[-80.517288409494,25.3890834702509],[-80.5091975559195,25.3890661306019],[-80.5091987677468,25.3817747887574],[-80.5091999696926,25.3744834360214],[-80.5172585593754,25.3745131505763],[-80.5253171580414,25.3745424243973],[-80.5253482181906,25.3818213966409],[-80.52537927295,25.3891003635432],[-80.517288409494,25.3890834702509]]]},"properties":{"OBJECTID":1970,"CATEGORY":2,"ZONEID":"B"}},{"type":"Feature","id":1971,"geometry":{"type":"Polygon","coordinates":[[[-80.5334757975889,25.3890918868699],[-80.52537927295,25.3891003635432],[-80.5253482181906,25.3818213966409],[-80.5253171580414,25.3745424243973],[-80.5335235924536,25.3745153623258],[-80.5417300304591,25.3744878424769],[-80.541651186225,25.3817854053283],[-80.5415723294144,25.3890829638417],[-80.5334757975889,25.3890918868699]]]},"properties":{"OBJECTID":1971,"CATEGORY":2,"ZONEID":"B"}},{"type":"Feature","id":1972,"geometry":{"type":"Polygon","coordinates":[[[-80.5417300304591,25.3744878424769],[-80.5575995469958,25.3744743301037],[-80.5576138939892,25.3890768723224],[-80.5495931099051,25.3890801372015],[-80.5415723294144,25.3890829638417],[-80.541651186225,25.3817854053283],[-80.5417300304591,25.3744878424769]]]},"properties":{"OBJECTID":1972,"CATEGORY":2,"ZONEID":"B"}},{"type":"Feature","id":1973,"geometry":{"type":"Polygon","coordinates":[[[-80.5575995469958,25.3744743301037],[-80.5739446109827,25.3744586360097],[-80.5738326314909,25.3817164061229],[-80.5738326314909,25.3817164515726],[-80.5737206304396,25.3889742594739],[-80.5656672590703,25.3890257874632],[-80.5576138939892,25.3890768723224],[-80.5575995469958,25.3744743301037]]]},"properties":{"OBJECTID":1973,"CATEGORY":2,"ZONEID":"B"}},{"type":"Feature","id":1974,"geometry":{"type":"Polygon","coordinates":[[[-80.4944464985051,25.5648871086747],[-80.4964898262133,25.5648735244808],[-80.4985331539215,25.5648599094914],[-80.500576485223,25.5648462628961],[-80.5026198129312,25.5648325879364],[-80.5046464670094,25.5648195969258],[-80.5066731210876,25.5648065726886],[-80.5086997778607,25.5647935225183],[-80.5107264346339,25.5647804439837],[-80.5107387711977,25.5666074857952],[-80.5107511077615,25.5684345264764],[-80.510763446122,25.5702615635936],[-80.5107757808891,25.572088603627],[-80.5107883222688,25.5739271043079],[-80.5108008645468,25.5757656059279],[-80.5108134023332,25.5776041036224],[-80.5108259455095,25.5794426006299],[-80.5087933877032,25.5794592800193],[-80.5067608281004,25.5794759294264],[-80.5047282675992,25.5794925529026],[-80.5026957124879,25.5795091480171],[-80.500663053172,25.5795029859235],[-80.498630399246,25.579496804383],[-80.4965977408284,25.5794905831391],[-80.4945650842075,25.5794843392073],[-80.4945491085685,25.5776833629115],[-80.4945331338278,25.5758823813973],[-80.4945171554939,25.5740814043907],[-80.4945011798548,25.5722804221708],[-80.4944875092928,25.5704320960727],[-80.4944738387309,25.5685837689957],[-80.4944601690672,25.5667354393219],[-80.4944464985051,25.5648871086747]]]},"properties":{"OBJECTID":1974,"CATEGORY":4,"ZONEID":"D"}},{"type":"Feature","id":1975,"geometry":{"type":"Polygon","coordinates":[[[-80.4622543956267,25.5948311974513],[-80.4642817369161,25.5947603792913],[-80.4642818339341,25.5947603768608],[-80.4663090764088,25.5946895189608],[-80.4670601533263,25.5946632631009],[-80.46833641141,25.5946186359036],[-80.4703636547831,25.5945477163469],[-80.4703637446146,25.5945477106757],[-80.47847081278,25.5942838455148],[-80.4785145328866,25.5955272988769],[-80.4787260762545,25.601544670202],[-80.4787471040187,25.6021428317638],[-80.4788966869882,25.6063972465413],[-80.4789813666785,25.6088054849903],[-80.4790038335438,25.6094447048788],[-80.4790037922213,25.6094447040687],[-80.4708314362977,25.6097147627394],[-80.4626717888404,25.6099839111],[-80.4625249151897,25.6025438957448],[-80.4622543956267,25.5948311974513]]]},"properties":{"OBJECTID":1975,"CATEGORY":4,"ZONEID":"D"}},{"type":"Feature","id":1976,"geometry":{"type":"Polygon","coordinates":[[[-80.4924916216148,25.5942229953515],[-80.4944945053723,25.5942155733923],[-80.494749493064,25.6014783416514],[-80.4950045059086,25.6087410997771],[-80.4869929358444,25.6087735123222],[-80.4789813666785,25.6088054849903],[-80.4788966869882,25.6063972465413],[-80.4787471040187,25.6021428317638],[-80.4787260762545,25.601544670202],[-80.4785145328866,25.5955272988769],[-80.47847081278,25.5942838455148],[-80.4797661492837,25.5942775869617],[-80.4804737791825,25.5942741623786],[-80.4814029713596,25.5942696618912],[-80.4824767410934,25.5942644484551],[-80.4834676825647,25.5942596352422],[-80.4844797056992,25.5942547102258],[-80.4864826676101,25.5942449420195],[-80.4864982587702,25.5942449160941],[-80.4865648194412,25.5942447961891],[-80.4865927714196,25.5942444915656],[-80.4884856313177,25.5942377550107],[-80.48848568342,25.5942377558209],[-80.4904885914319,25.5942303889542],[-80.490488654314,25.5942303897644],[-80.4924915470546,25.5942229945413],[-80.4924916216148,25.5942229953515]]]},"properties":{"OBJECTID":1976,"CATEGORY":4,"ZONEID":"D"}},{"type":"Feature","id":1977,"geometry":{"type":"Polygon","coordinates":[[[-80.4944945053722,25.5942155733923],[-80.4944945889155,25.5942155742025],[-80.4946647190506,25.5942147648435],[-80.4964973603837,25.5942060927929],[-80.4980114725917,25.5941989155038],[-80.4985002189883,25.5941965935588],[-80.4990648972809,25.5941939110883],[-80.5005030784912,25.5941870667781],[-80.5018310175516,25.5941807344946],[-80.5025059370959,25.5941775205527],[-80.5025843725966,25.5941771227595],[-80.5027768258664,25.5941761627088],[-80.5045088253449,25.5941677555807],[-80.5065117126957,25.5941580060012],[-80.508514604538,25.5941482280649],[-80.5085146790981,25.5941482288751],[-80.5105174820072,25.5941384323041],[-80.5107725676153,25.6014067594332],[-80.5110276631048,25.6086750879063],[-80.5030160822609,25.6087083137805],[-80.4950045059085,25.6087410997771],[-80.4947494930639,25.6014783416514],[-80.4944945053722,25.5942155733923]]]},"properties":{"OBJECTID":1977,"CATEGORY":4,"ZONEID":"D"}},{"type":"Feature","id":1978,"geometry":{"type":"Polygon","coordinates":[[[-80.5105174820072,25.5941384323041],[-80.5107573402729,25.5941376431989],[-80.5109512110843,25.594137008836],[-80.5125204043922,25.5941318318518],[-80.5136083621177,25.5941282298373],[-80.5145233177941,25.594125192511],[-80.5165261808903,25.594118525624],[-80.516526231196,25.594118525624],[-80.5185291472928,25.5941118320011],[-80.5190739548514,25.5941101136309],[-80.5205320732711,25.5941053190457],[-80.520532112797,25.5941053190457],[-80.522535001046,25.5940987072492],[-80.5225350818944,25.5940987072492],[-80.5245379315159,25.5940920687167],[-80.5265408601891,25.5940854147907],[-80.5267950879061,25.6013454365428],[-80.5270493371827,25.6086054622695],[-80.5190385010421,25.6086404946223],[-80.5110276631048,25.6086750879063],[-80.5107725676153,25.6014067594332],[-80.5105174820072,25.5941384323041]]]},"properties":{"OBJECTID":1978,"CATEGORY":4,"ZONEID":"D"}},{"type":"Feature","id":1979,"geometry":{"type":"Polygon","coordinates":[[[-80.8572988940035,25.6593628145878],[-80.8728614535127,25.6589755659002],[-80.8727886450589,25.6735032813831],[-80.857225707359,25.6738904780313],[-80.8572988940035,25.6593628145878]]]},"properties":{"OBJECTID":1979,"CATEGORY":3,"ZONEID":"C"}},{"type":"Feature","id":1980,"geometry":{"type":"Polygon","coordinates":[[[-80.8413496897146,25.6452321422442],[-80.8573720510037,25.6448351241084],[-80.8572988940035,25.6593628145878],[-80.841273838667,25.6597598362048],[-80.8413496897146,25.6452321422442]]]},"properties":{"OBJECTID":1980,"CATEGORY":3,"ZONEID":"C"}},{"type":"Feature","id":1981,"geometry":{"type":"Polygon","coordinates":[[[-80.6722300075653,25.2286900372204],[-80.6722324994919,25.2286900339699],[-80.6845901108158,25.2286700376226],[-80.6845432106732,25.2395497400792],[-80.6846074105716,25.2401199408071],[-80.6846084103965,25.2408999410449],[-80.6845737102737,25.241589640942],[-80.6843610098756,25.24379674125],[-80.6824776101358,25.2436974414278],[-80.6722874997435,25.2439599770751],[-80.6722850069186,25.2439600412647],[-80.6722413461008,25.2318380609837],[-80.6722300075653,25.2286900372204]]]},"properties":{"OBJECTID":1981,"CATEGORY":1,"ZONEID":"A"}},{"type":"Feature","id":1982,"geometry":{"type":"Polygon","coordinates":[[[-80.6514625059937,25.1924032738841],[-80.6514624997055,25.1924025284816],[-80.6519901000348,25.1920200283305],[-80.6522600994732,25.1912200283814],[-80.6522601003715,25.1904600284404],[-80.6524599997768,25.1895001277552],[-80.6531002003337,25.1889500283713],[-80.6540250006473,25.188325127727],[-80.6542800009154,25.1875499279483],[-80.6543001007199,25.1869100276731],[-80.6541999996512,25.1863300266653],[-80.653930001111,25.1855099273802],[-80.6540900997593,25.1847375272759],[-80.6540925458718,25.184737754894],[-80.6562744009833,25.1849406266832],[-80.6562768336211,25.1849406063602],[-80.657510000419,25.184930127002],[-80.6584926010329,25.1849175267329],[-80.6591403016241,25.1848370264283],[-80.6591427953474,25.1848370296799],[-80.6720000047167,25.1848499266735],[-80.6720320332498,25.1906517322652],[-80.6720801056939,25.1993600304993],[-80.6515202002928,25.1994200307316],[-80.6514625059937,25.1924032738841]]]},"properties":{"OBJECTID":1982,"CATEGORY":1,"ZONEID":"A"}},{"type":"Feature","id":1983,"geometry":{"type":"Polygon","coordinates":[[[-80.4483567413258,25.2435833461886],[-80.44519346419,25.243302397784],[-80.4451933707652,25.2433023660953],[-80.4451933411207,25.2433023571575],[-80.4451933707652,25.2433023124683],[-80.445610140548,25.2428100462654],[-80.4456708307286,25.2425251276479],[-80.4456715664488,25.2425216727454],[-80.445805041727,25.2418950458899],[-80.4456200408807,25.2411400451168],[-80.4452095233723,25.2407042763842],[-80.445213918829,25.2399980368277],[-80.445270139891,25.2399983455978],[-80.4466300410092,25.2401700451875],[-80.4471225405671,25.2405350444485],[-80.4477099417448,25.2407299455866],[-80.448705042416,25.2407650452118],[-80.4496676411418,25.2404101450135],[-80.4504567419486,25.2402416447768],[-80.4516201419883,25.2394800447141],[-80.4520001428282,25.2389300452878],[-80.4526150423351,25.2387499445024],[-80.4534701423658,25.2383000448369],[-80.4550751434194,25.2390899447828],[-80.4558801444067,25.2390200443892],[-80.4567850443419,25.2384500448922],[-80.4574425437562,25.2371700440502],[-80.4573400432873,25.2364300441565],[-80.4567900434664,25.2356750435644],[-80.4562834439518,25.2351466433144],[-80.4568349439593,25.2349850443897],[-80.4583700444056,25.2363599439644],[-80.4592300447462,25.2367299446877],[-80.4599150451847,25.2367500445316],[-80.4609951444478,25.2366350440621],[-80.46121004482,25.2381101443925],[-80.4612500459013,25.2406466447757],[-80.4612153888976,25.2426978547745],[-80.4612143872761,25.2427571706064],[-80.4612001453856,25.2436000460917],[-80.4609850931981,25.2435707779927],[-80.4605763453708,25.2435151449404],[-80.4542334058283,25.2436176316486],[-80.4483567413258,25.2435833461886]]]},"properties":{"OBJECTID":1983,"CATEGORY":1,"ZONEID":"A"}},{"type":"Feature","id":1984,"geometry":{"type":"Polygon","coordinates":[[[-80.4451511283873,25.2505892273327],[-80.4451933411208,25.2433023880337],[-80.4451933411207,25.2433023571575],[-80.4451933707652,25.2433023660953],[-80.44519346419,25.243302397784],[-80.4483567413258,25.2435833461886],[-80.4542334058283,25.2436176316486],[-80.4605763453708,25.2435151449404],[-80.4609850931981,25.2435707779927],[-80.4612001453856,25.2436000460917],[-80.4611383915998,25.2578239238723],[-80.4451088905008,25.2578760788451],[-80.4451511283873,25.2505892273327]]]},"properties":{"OBJECTID":1984,"CATEGORY":1,"ZONEID":"A"}},{"type":"Feature","id":1985,"geometry":{"type":"Polygon","coordinates":[[[-80.4289830190366,25.2503880712625],[-80.4290632646426,25.2431012223367],[-80.430829645342,25.2431233313308],[-80.4313786579144,25.2431301988499],[-80.431755005306,25.2431349058466],[-80.4320105688178,25.2431380999091],[-80.4320397496915,25.2431384663609],[-80.4326421168019,25.2431459985301],[-80.4371282961443,25.2432020136411],[-80.4398364589094,25.2432357621256],[-80.4398474462037,25.2432358986308],[-80.4398488008631,25.2432359148814],[-80.4419026406568,25.2432614771076],[-80.4429399558581,25.2432743744105],[-80.4451933411207,25.2433023571575],[-80.4451933411208,25.2433023880337],[-80.4451511283873,25.2505892273327],[-80.4451088905008,25.2578760788451],[-80.4370058135502,25.2577757189307],[-80.4289027563625,25.2576749161565],[-80.4289830190366,25.2503880712625]]]},"properties":{"OBJECTID":1985,"CATEGORY":1,"ZONEID":"A"}},{"type":"Feature","id":1987,"geometry":{"type":"Polygon","coordinates":[[[-80.6051150778549,25.266459331259],[-80.6050564744607,25.2591569615821],[-80.6107574940708,25.2592157185543],[-80.6208272050622,25.2593189638196],[-80.620977905536,25.273581554543],[-80.6051713995282,25.273477127284],[-80.605136604184,25.2691415235108],[-80.6051253114626,25.2677344287548],[-80.6051150778549,25.266459331259]]]},"properties":{"OBJECTID":1987,"CATEGORY":1,"ZONEID":"A"}},{"type":"Feature","id":1988,"geometry":{"type":"Polygon","coordinates":[[[-80.6515901000017,25.2287300380315],[-80.6722300075653,25.2286900372204],[-80.6722413461008,25.2318380609837],[-80.6722850069186,25.2439600412647],[-80.6697189342753,25.2439532119812],[-80.6538780596231,25.2440286777771],[-80.6527826449825,25.2440338413785],[-80.6515601600517,25.2440395794354],[-80.6515901000017,25.2287300380315]]]},"properties":{"OBJECTID":1988,"CATEGORY":1,"ZONEID":"A"}},{"type":"Feature","id":1989,"geometry":{"type":"Polygon","coordinates":[[[-80.6720825985188,25.1993600248095],[-80.6845400090776,25.1993300299656],[-80.6845601097803,25.2138699333399],[-80.672152499126,25.213899927852],[-80.672150006301,25.2138999343539],[-80.6720801056939,25.1993600304993],[-80.6720825985188,25.1993600248095]]]},"properties":{"OBJECTID":1989,"CATEGORY":1,"ZONEID":"A"}},{"type":"Feature","id":1990,"geometry":{"type":"Polygon","coordinates":[[[-80.6717450044486,25.1395401143985],[-80.6722900042466,25.1389600141294],[-80.6729401051362,25.1385600147684],[-80.6737000053064,25.1384201139779],[-80.6743451043766,25.138680114904],[-80.6748301047985,25.1397600146127],[-80.6749950049419,25.1406351152385],[-80.674810104707,25.1415500154017],[-80.6745300055098,25.1421001155812],[-80.6739151042063,25.1426849150634],[-80.6733701053065,25.1429300155799],[-80.6727401051197,25.1430201157273],[-80.6717268045809,25.1434333157439],[-80.6717450044486,25.1395401143985]]]},"properties":{"OBJECTID":1990,"CATEGORY":1,"ZONEID":"A"}},{"type":"Feature","id":1991,"geometry":{"type":"Polygon","coordinates":[[[-80.5085653845046,25.243856825196],[-80.5068000584274,25.2438399449472],[-80.4924408129025,25.243791652391],[-80.4919700552695,25.2437900452118],[-80.4919688560186,25.2432128552462],[-80.4919499536684,25.2341101426028],[-80.4919300541882,25.2317599417677],[-80.4919199535311,25.2289399413081],[-80.4998800555194,25.2288316416903],[-80.5014471566511,25.2289443416815],[-80.5072636277415,25.2289492466959],[-80.5074931338219,25.2289494352252],[-80.5085128869594,25.2289502706054],[-80.5087137340872,25.2289504339433],[-80.5087114245186,25.229816159365],[-80.5087049270042,25.2322514189911],[-80.5087048084265,25.2322957871911],[-80.5087046970354,25.2323374047105],[-80.5087044598802,25.2324262174163],[-80.5086975590222,25.2350125431186],[-80.5088832030622,25.2434614741217],[-80.5088919589412,25.243859944487],[-80.5085653845046,25.243856825196]]]},"properties":{"OBJECTID":1991,"CATEGORY":1,"ZONEID":"A"}},{"type":"Feature","id":1992,"geometry":{"type":"Polygon","coordinates":[[[-80.5228949640655,25.2289575403628],[-80.5250145641312,25.2289551276745],[-80.5249634634662,25.2322967420011],[-80.5250190278598,25.2436968450322],[-80.5250201642287,25.2439300444161],[-80.5246900980405,25.2439286216822],[-80.522680062795,25.2439199438991],[-80.5088919589412,25.243859944487],[-80.5088832030622,25.2434614741217],[-80.5086975590222,25.2350125431186],[-80.5087044598802,25.2324262174163],[-80.5087046970354,25.2323374047105],[-80.5087048084265,25.2322957871911],[-80.5087049270042,25.2322514189911],[-80.5087114245186,25.229816159365],[-80.5087137340872,25.2289504339433],[-80.5088247658563,25.2289505241449],[-80.50902125885,25.2289506842323],[-80.5167300616291,25.2289567407383],[-80.5228949640655,25.2289575403628]]]},"properties":{"OBJECTID":1992,"CATEGORY":1,"ZONEID":"A"}},{"type":"Feature","id":1993,"geometry":{"type":"Polygon","coordinates":[[[-80.4919199535311,25.2289399413081],[-80.4917950535706,25.2273433412568],[-80.4925400542835,25.2272300408675],[-80.4935001547946,25.227209941075],[-80.4941301549814,25.2269299413725],[-80.4950750542012,25.2260949402314],[-80.4954899545899,25.2252100406225],[-80.4956899546065,25.2244799400441],[-80.496023455054,25.2239666399371],[-80.4960100548849,25.2228483399983],[-80.4958400550056,25.2223000393955],[-80.4944719540656,25.2212544393351],[-80.4947999550269,25.2203500391022],[-80.4949800555633,25.2198000392858],[-80.4948801539206,25.2190399381902],[-80.4946201536296,25.2179650390954],[-80.4949900547107,25.2172200379722],[-80.4949850555862,25.2166450380878],[-80.4947901544072,25.2159533380189],[-80.4939001548277,25.2153400385292],[-80.4933784546332,25.2144200371732],[-80.5030451562353,25.2142723375579],[-80.5046897568232,25.2142552370169],[-80.5052606577458,25.2142039370051],[-80.5086800589422,25.2141900377792],[-80.5087367588063,25.220316638595],[-80.5087159771805,25.2281091837191],[-80.5087137700199,25.2289370410435],[-80.5087137340872,25.2289504339433],[-80.5085128869594,25.2289502706054],[-80.5074931338219,25.2289494352252],[-80.5072636277415,25.2289492466959],[-80.5014471566511,25.2289443416815],[-80.4998800555194,25.2288316416903],[-80.4919199535311,25.2289399413081]]]},"properties":{"OBJECTID":1993,"CATEGORY":1,"ZONEID":"A"}},{"type":"Feature","id":1994,"geometry":{"type":"Polygon","coordinates":[[[-80.5309099153884,25.2289482585419],[-80.5309201651658,25.2289124412057],[-80.5309468496213,25.2289482146601],[-80.5414481184617,25.2289353938492],[-80.54146006875,25.2289000397066],[-80.5414583161367,25.2289353808472],[-80.5411663681611,25.2348200413217],[-80.5413333685657,25.2367301421433],[-80.5414050684984,25.2378299422732],[-80.5410017446987,25.2407632990469],[-80.5410017689533,25.240763343737],[-80.5412410307376,25.243931700345],[-80.5412464350023,25.2440032603419],[-80.5412499680764,25.2440500447664],[-80.5408152274963,25.2440454556214],[-80.5384100673748,25.2440200438775],[-80.5250201642287,25.2439300444161],[-80.5250190278598,25.2436968450322],[-80.5249634634662,25.2322967420011],[-80.5250145641312,25.2289551276745],[-80.5309099153884,25.2289482585419]]]},"properties":{"OBJECTID":1994,"CATEGORY":1,"ZONEID":"A"}},{"type":"Feature","id":1995,"geometry":{"type":"Polygon","coordinates":[[[-80.8271898028093,25.6891587546268],[-80.8411220503335,25.6888151285964],[-80.8410461103526,25.7033427340331],[-80.8269811672878,25.7036895663686],[-80.825012860584,25.7037379951361],[-80.8250845677032,25.6904904740223],[-80.8250914955107,25.6892103917841],[-80.8271898028093,25.6891587546268]]]},"properties":{"OBJECTID":1995,"CATEGORY":4,"ZONEID":"D"}},{"type":"Feature","id":1996,"geometry":{"type":"Polygon","coordinates":[[[-80.8570044415248,25.7177810756493],[-80.8725700714756,25.7170862538239],[-80.8725796663811,25.7199504852277],[-80.8725800077409,25.7200523763951],[-80.8725800418769,25.7200624871653],[-80.8726192686105,25.7317711477403],[-80.8569893956421,25.7323118337187],[-80.8570019855308,25.7201554167013],[-80.8570019873274,25.7201540748583],[-80.8570044415248,25.7177810756493]]]},"properties":{"OBJECTID":1996,"CATEGORY":4,"ZONEID":"D"}},{"type":"Feature","id":1997,"geometry":{"type":"Polygon","coordinates":[[[-80.7610100363777,25.3642599705877],[-80.7648841360248,25.364267970089],[-80.7687200384077,25.3643699699749],[-80.7773999406702,25.3643699699749],[-80.7772801404456,25.3800566742602],[-80.7654001373071,25.3800200745226],[-80.7609900362861,25.3801567746279],[-80.7610100363777,25.3642599705877]]]},"properties":{"OBJECTID":1997,"CATEGORY":3,"ZONEID":"C"}},{"type":"Feature","id":1998,"geometry":{"type":"Polygon","coordinates":[[[-80.745130131723,25.3801999743612],[-80.7453700313112,25.3647799711625],[-80.749124132206,25.3648000708874],[-80.7531400336157,25.3642699709789],[-80.7610100363777,25.3642599705877],[-80.7609900362861,25.3801567746279],[-80.7491300332391,25.3802400745301],[-80.745130131723,25.3801999743612]]]},"properties":{"OBJECTID":1998,"CATEGORY":3,"ZONEID":"C"}},{"type":"Feature","id":2000,"geometry":{"type":"Polygon","coordinates":[[[-80.6094800879401,25.214039935466],[-80.6077862866242,25.2139313356889],[-80.6030549857868,25.2140500352143],[-80.6027766859152,25.2125434347801],[-80.6024201859014,25.2115800345871],[-80.6019599852695,25.2111001351136],[-80.6031867866053,25.2082616334393],[-80.6028501851734,25.1995200315951],[-80.6040500864579,25.199583331809],[-80.6038099856471,25.2006699319875],[-80.6038700856346,25.201370032348],[-80.6048099857298,25.2026316317586],[-80.6071101866935,25.2029901323607],[-80.6071114191821,25.2029899429783],[-80.6080200875498,25.2028501323555],[-80.608885087015,25.2022650321264],[-80.609444988067,25.2010149318499],[-80.6095551870978,25.2001550317881],[-80.6101250872972,25.2000950311051],[-80.6101254358436,25.2000952643842],[-80.6109099875818,25.2006200316082],[-80.6109119800451,25.2006197040434],[-80.6124299891448,25.2003699311712],[-80.6124308982399,25.2003701985882],[-80.6136900892315,25.2007400316144],[-80.61369256948,25.2007400316144],[-80.6143700887488,25.2007400308016],[-80.6149150885468,25.2005199308589],[-80.6160767889739,25.1995166307429],[-80.6167204893672,25.1994308315344],[-80.6167226462222,25.1994308827423],[-80.6192100902271,25.1994899311235],[-80.6190449906576,25.2014966316322],[-80.6191480912011,25.2126680344928],[-80.6190900896781,25.2138520354567],[-80.6170203892299,25.2139323353431],[-80.6164131909799,25.2139167358612],[-80.6132067893205,25.2140000346656],[-80.6130051885061,25.2148000344776],[-80.6124901888453,25.215219935885],[-80.611500088197,25.2154700358808],[-80.6105099884471,25.2151299354228],[-80.6096900880024,25.2149049347887],[-80.6094800879401,25.214039935466]]]},"properties":{"OBJECTID":2000,"CATEGORY":1,"ZONEID":"A"}},{"type":"Feature","id":2001,"geometry":{"type":"Polygon","coordinates":[[[-80.825327873703,25.6455085702368],[-80.825405748655,25.6310996840066],[-80.8271610037196,25.6310564610441],[-80.8271724608327,25.6310561791922],[-80.8414255111178,25.630704421755],[-80.8413496897146,25.6452321422442],[-80.8271998666354,25.645581298654],[-80.8253272314075,25.6456274041782],[-80.825327873703,25.6455085702368]]]},"properties":{"OBJECTID":2001,"CATEGORY":3,"ZONEID":"C"}},{"type":"Feature","id":2002,"geometry":{"type":"Polygon","coordinates":[[[-80.716760019917,25.2436601406979],[-80.7167401204367,25.2285901367137],[-80.7322900235819,25.2285601368848],[-80.7323801246049,25.2435600404231],[-80.716760019917,25.2436601406979]]]},"properties":{"OBJECTID":2002,"CATEGORY":1,"ZONEID":"A"}},{"type":"Feature","id":2003,"geometry":{"type":"Polygon","coordinates":[[[-80.7323801246049,25.2435600404231],[-80.7322900235819,25.2285601368848],[-80.7489600288682,25.2285099367047],[-80.7490600293256,25.243450039392],[-80.7323801246049,25.2435600404231]]]},"properties":{"OBJECTID":2003,"CATEGORY":1,"ZONEID":"A"}},{"type":"Feature","id":2004,"geometry":{"type":"Polygon","coordinates":[[[-80.6845737102737,25.241589640942],[-80.6846084103965,25.2408999410449],[-80.6846074105716,25.2401199408071],[-80.6845432106732,25.2395497400792],[-80.6845901108158,25.2286700376226],[-80.700670015487,25.2286300367917],[-80.7007000156244,25.2437600410085],[-80.6843610098756,25.24379674125],[-80.6845737102737,25.241589640942]]]},"properties":{"OBJECTID":2004,"CATEGORY":1,"ZONEID":"A"}},{"type":"Feature","id":2007,"geometry":{"type":"Polygon","coordinates":[[[-80.8411979597716,25.6742874990433],[-80.857225707359,25.6738904780313],[-80.85715249646,25.6884181106551],[-80.8411220503335,25.6888151285964],[-80.8411979597716,25.6742874990433]]]},"properties":{"OBJECTID":2007,"CATEGORY":4,"ZONEID":"D"}},{"type":"Feature","id":2008,"geometry":{"type":"Polygon","coordinates":[[[-80.840773583055,25.7762487955788],[-80.8569191617599,25.7760343021806],[-80.8568790394061,25.7906953083659],[-80.8407243248347,25.7908828743019],[-80.840773583055,25.7762487955788]]]},"properties":{"OBJECTID":2008,"CATEGORY":5,"ZONEID":"E"}},{"type":"Feature","id":2010,"geometry":{"type":"Polygon","coordinates":[[[-80.8574451810543,25.6303074055184],[-80.8593571220673,25.6302599026264],[-80.8730069859786,25.6299200487733],[-80.8730035526176,25.6306057756664],[-80.8729342305254,25.6444478250247],[-80.8573720510037,25.6448351241084],[-80.8574439099382,25.6305599073173],[-80.8574451810543,25.6303074055184]]]},"properties":{"OBJECTID":2010,"CATEGORY":3,"ZONEID":"C"}},{"type":"Feature","id":2011,"geometry":{"type":"Polygon","coordinates":[[[-80.8247142192611,25.7637440572411],[-80.8135499614016,25.7629400700615],[-80.8109099601053,25.7629499700735],[-80.8109301614193,25.7616799698603],[-80.810930160521,25.7497400665742],[-80.8136200614348,25.7497199674023],[-80.8247829987708,25.7495301542185],[-80.824724194154,25.7616829584224],[-80.8247233668056,25.7618538370575],[-80.8247142192611,25.7637440572411]]]},"properties":{"OBJECTID":2011,"CATEGORY":5,"ZONEID":"E"}},{"type":"Feature","id":2012,"geometry":{"type":"Polygon","coordinates":[[[-80.5734250775246,25.2440699435185],[-80.5734733772424,25.2396805427972],[-80.5733670777982,25.2390180414304],[-80.573487479894,25.238512241707],[-80.5734900957882,25.2385012501709],[-80.5737700782043,25.2373250419969],[-80.5735185157888,25.2359698104547],[-80.5735161639994,25.2359571447744],[-80.5733375780226,25.2349950408256],[-80.5735394088057,25.2338864439121],[-80.5735420660223,25.2338718497299],[-80.5735701779008,25.2337174405744],[-80.5736172280621,25.2288975278767],[-80.5736172855543,25.2288915900114],[-80.5736172873509,25.2288914713678],[-80.5810923952056,25.2288802628031],[-80.5812499803677,25.2288650398592],[-80.581300612112,25.2288799450659],[-80.5824100503526,25.2288782466753],[-80.5831321997213,25.228877138252],[-80.583095780223,25.2290725391557],[-80.5843515809727,25.2291337396138],[-80.5843533758066,25.2288752537697],[-80.586903159299,25.2288712881494],[-80.5869249820722,25.2316550405526],[-80.5868452197599,25.2346359730774],[-80.5866493798414,25.2419543669889],[-80.5865913953864,25.2441209904246],[-80.5865904746133,25.2441553740484],[-80.5865904602402,25.244155898127],[-80.5865901611013,25.2441670874078],[-80.582301815039,25.2441375659374],[-80.5798247411857,25.2441187494801],[-80.5734250775246,25.2440699435185]]]},"properties":{"OBJECTID":2012,"CATEGORY":1,"ZONEID":"A"}},{"type":"Feature","id":2013,"geometry":{"type":"Polygon","coordinates":[[[-80.6027351972238,25.2442585256741],[-80.6027357173483,25.2441819826131],[-80.6027683890752,25.2393740012052],[-80.6028400872113,25.2288201397615],[-80.608865444453,25.2288093017484],[-80.6192000910796,25.228790138364],[-80.6191750918636,25.2442300426322],[-80.6191742447523,25.2442300556326],[-80.6185299909968,25.2442399432425],[-80.6049547402547,25.2442573166379],[-80.604939397928,25.2442573434512],[-80.6049369042047,25.2442573483264],[-80.6029628815207,25.2442597655861],[-80.6027363740168,25.2442585321743],[-80.6027351972238,25.2442585256741]]]},"properties":{"OBJECTID":2013,"CATEGORY":1,"ZONEID":"A"}},{"type":"Feature","id":2014,"geometry":{"type":"Polygon","coordinates":[[[-80.6968500168779,25.3806532764197],[-80.7007300184564,25.3805099760449],[-80.712880122543,25.3805665753427],[-80.712840022647,25.3952899794381],[-80.7007100192632,25.3953100789551],[-80.696696617865,25.3954766797037],[-80.6968500168779,25.3806532764197]]]},"properties":{"OBJECTID":2014,"CATEGORY":3,"ZONEID":"C"}},{"type":"Feature","id":2015,"geometry":{"type":"Polygon","coordinates":[[[-80.7290667291036,25.4392533894543],[-80.7290201289982,25.4244466869117],[-80.7329601290546,25.4244798859342],[-80.745570032226,25.424213385635],[-80.745356833263,25.4390300899501],[-80.7328199289882,25.4392799900263],[-80.7290667291036,25.4392533894543]]]},"properties":{"OBJECTID":2015,"CATEGORY":3,"ZONEID":"C"}},{"type":"Feature","id":2016,"geometry":{"type":"Polygon","coordinates":[[[-80.71674012403,25.4245799859616],[-80.7290201289982,25.4244466869117],[-80.7290667291036,25.4392533894543],[-80.7166501245166,25.439309990396],[-80.7128400244436,25.4393599904547],[-80.7127900233166,25.4246000870885],[-80.71674012403,25.4245799859616]]]},"properties":{"OBJECTID":2016,"CATEGORY":3,"ZONEID":"C"}},{"type":"Feature","id":2018,"geometry":{"type":"Polygon","coordinates":[[[-80.8270706314054,25.7327620592971],[-80.8409205222827,25.7325544070688],[-80.8408716808806,25.7470845789634],[-80.8271369764807,25.7472895971709],[-80.824793669858,25.7473244463714],[-80.8248561692456,25.734403280448],[-80.8248639468593,25.7327950232103],[-80.8270706314054,25.7327620592971]]]},"properties":{"OBJECTID":2018,"CATEGORY":5,"ZONEID":"E"}},{"type":"Feature","id":2019,"geometry":{"type":"Polygon","coordinates":[[[-80.6369962792034,25.2594833048053],[-80.6368657899253,25.2441139693942],[-80.6368657486027,25.2441091754952],[-80.636865737823,25.2441078437662],[-80.6369223496522,25.2441075837581],[-80.6515168037628,25.2440397825668],[-80.6515601600517,25.2440395794354],[-80.6527826449825,25.2440338413785],[-80.652782917172,25.2440635383795],[-80.6529257996078,25.2596434827214],[-80.6369962792034,25.2594833048053]]]},"properties":{"OBJECTID":2019,"CATEGORY":1,"ZONEID":"A"}},{"type":"Feature","id":2020,"geometry":{"type":"Polygon","coordinates":[[[-80.6208272050622,25.2593189638196],[-80.6206676786408,25.2442197081331],[-80.6207703848238,25.2442189833612],[-80.634920196225,25.2441201429608],[-80.6356091618271,25.2441157910758],[-80.6356111596803,25.2441157780754],[-80.6363130843787,25.244111340875],[-80.636865737823,25.2441078437662],[-80.6368657486027,25.2441091754952],[-80.6368657899253,25.2441139693942],[-80.6369962792034,25.2594833048053],[-80.6208272050622,25.2593189638196]]]},"properties":{"OBJECTID":2020,"CATEGORY":1,"ZONEID":"A"}},{"type":"Feature","id":2021,"geometry":{"type":"Polygon","coordinates":[[[-80.6352800954638,25.2287601377718],[-80.6515901000017,25.2287300380315],[-80.6515601600517,25.2440395794354],[-80.6515168037628,25.2440397825668],[-80.6369223496522,25.2441075837581],[-80.636865737823,25.2441078437662],[-80.6363130843787,25.244111340875],[-80.6356111596803,25.2441157780754],[-80.6356091618271,25.2441157910758],[-80.634920196225,25.2441201429608],[-80.6349202734801,25.2441167839816],[-80.6352800954638,25.2287601377718]]]},"properties":{"OBJECTID":2021,"CATEGORY":1,"ZONEID":"A"}},{"type":"Feature","id":2022,"geometry":{"type":"Polygon","coordinates":[[[-80.7489600288682,25.2285099367047],[-80.7488701290679,25.2137000325674],[-80.7648918336884,25.2137266315426],[-80.7651833334048,25.2154499325197],[-80.7651701335601,25.2284699358212],[-80.7489600288682,25.2285099367047]]]},"properties":{"OBJECTID":2022,"CATEGORY":1,"ZONEID":"A"}},{"type":"Feature","id":2023,"geometry":{"type":"Polygon","coordinates":[[[-80.7705570581294,25.2136735229866],[-80.780585629874,25.2135789774111],[-80.7806100379986,25.2162874318652],[-80.780710138169,25.2284300348781],[-80.7651701335601,25.2284699358212],[-80.7651833334048,25.2154499325197],[-80.7648918336884,25.2137266315426],[-80.7704686674987,25.2136743527826],[-80.7705570581294,25.2136735229866]]]},"properties":{"OBJECTID":2023,"CATEGORY":1,"ZONEID":"A"}},{"type":"Feature","id":2024,"geometry":{"type":"Polygon","coordinates":[[[-80.8143301581073,25.6455000411976],[-80.825327873703,25.6455085702368],[-80.8253272314075,25.6456274041782],[-80.8252486818208,25.6601550961647],[-80.8252420387793,25.6613834105465],[-80.813910059168,25.6615800444828],[-80.810970058296,25.6616100451295],[-80.8109800583418,25.6606600450076],[-80.8111099574269,25.6455300410294],[-80.8143301581073,25.6455000411976]]]},"properties":{"OBJECTID":2024,"CATEGORY":4,"ZONEID":"D"}},{"type":"Feature","id":2025,"geometry":{"type":"Polygon","coordinates":[[[-80.8466400669505,25.6166300330754],[-80.8590299709123,25.6165100321999],[-80.8593500711907,25.6295900354054],[-80.8593571220673,25.6302599026264],[-80.8574451810543,25.6303074055184],[-80.843290166611,25.6306583007481],[-80.843290166611,25.6298000369493],[-80.8432599661495,25.6167300329029],[-80.8466400669505,25.6166300330754]]]},"properties":{"OBJECTID":2025,"CATEGORY":3,"ZONEID":"C"}},{"type":"Feature","id":2026,"geometry":{"type":"Polygon","coordinates":[[[-80.7489600288682,25.2285099367047],[-80.7322900235819,25.2285601368848],[-80.7321901237357,25.2137501332049],[-80.7488701290679,25.2137000325674],[-80.7489600288682,25.2285099367047]]]},"properties":{"OBJECTID":2026,"CATEGORY":1,"ZONEID":"A"}},{"type":"Feature","id":2027,"geometry":{"type":"Polygon","coordinates":[[[-80.7321933244331,25.2071243312027],[-80.7320202469256,25.1990647774249],[-80.748630310328,25.1991807757986],[-80.7486101287769,25.2000683291742],[-80.7488701290679,25.2137000325674],[-80.7321901237357,25.2137501332049],[-80.7321933244331,25.2071243312027]]]},"properties":{"OBJECTID":2027,"CATEGORY":1,"ZONEID":"A"}},{"type":"Feature","id":2028,"geometry":{"type":"Polygon","coordinates":[[[-80.7486101287769,25.2000683291742],[-80.748630310328,25.1991807757986],[-80.7494900285977,25.199186728932],[-80.754993429625,25.1992200279456],[-80.7570433312045,25.1991133283378],[-80.7633901326044,25.199100028067],[-80.7650827571273,25.1991074345371],[-80.7650175331495,25.2019200284912],[-80.7651270961731,25.20274752107],[-80.7652267328128,25.2035000291863],[-80.7651304927032,25.2035147091049],[-80.7648918336884,25.2137266315426],[-80.7488701290679,25.2137000325674],[-80.7486101287769,25.2000683291742]]]},"properties":{"OBJECTID":2028,"CATEGORY":1,"ZONEID":"A"}},{"type":"Feature","id":2029,"geometry":{"type":"Polygon","coordinates":[[[-80.748630310328,25.1991807757986],[-80.7487333282265,25.1946501268792],[-80.7486901282445,25.1846600240971],[-80.7513600281684,25.1846500243389],[-80.7545876291702,25.184417424253],[-80.7650001327824,25.1846101244746],[-80.7650621515713,25.1880779357953],[-80.7651950330631,25.1955075272847],[-80.7652867330873,25.1963266269301],[-80.7651046742236,25.1976829544543],[-80.7650500323998,25.1980900282638],[-80.7651064573794,25.1980854698978],[-80.7650827571273,25.1991074345371],[-80.7633901326044,25.199100028067],[-80.7570433312045,25.1991133283378],[-80.754993429625,25.1992200279456],[-80.7494900285977,25.199186728932],[-80.748630310328,25.1991807757986]]]},"properties":{"OBJECTID":2029,"CATEGORY":1,"ZONEID":"A"}},{"type":"Feature","id":2030,"geometry":{"type":"Polygon","coordinates":[[[-80.7006200143601,25.1992900292425],[-80.6845400090776,25.1993300299656],[-80.6845100089403,25.1848300263639],[-80.7005900142228,25.1847901257456],[-80.7006200143601,25.1992900292425]]]},"properties":{"OBJECTID":2030,"CATEGORY":1,"ZONEID":"A"}},{"type":"Feature","id":2031,"geometry":{"type":"Polygon","coordinates":[[[-80.7649958514119,25.1731023338475],[-80.7648677525506,25.1699900379597],[-80.764982073052,25.1699902688574],[-80.7765934359031,25.1700133204168],[-80.7802401369175,25.169979919923],[-80.7803190368472,25.1734827210578],[-80.780360136568,25.1845700246181],[-80.7650467984648,25.184610004975],[-80.7650001327824,25.1846101244746],[-80.7650335177716,25.1816104028688],[-80.7651000326285,25.1756334219774],[-80.7649958514119,25.1731023338475]]]},"properties":{"OBJECTID":2031,"CATEGORY":1,"ZONEID":"A"}},{"type":"Feature","id":2032,"geometry":{"type":"Polygon","coordinates":[[[-80.6711859621858,25.6882633324679],[-80.6739421201399,25.6807321080736],[-80.681899628692,25.6807147854416],[-80.6818454000932,25.6882623432209],[-80.6711859621858,25.6882633640396],[-80.6711859621858,25.6882633324679]]]},"properties":{"OBJECTID":2032,"CATEGORY":5,"ZONEID":"E"}},{"type":"Feature","id":2033,"geometry":{"type":"Polygon","coordinates":[[[-80.6736511477346,25.673469308438],[-80.6733602049736,25.6662064961712],[-80.6820031164093,25.6662410055753],[-80.6819301202076,25.6764700510239],[-80.6818996565397,25.6807108792068],[-80.681899628692,25.6807147854416],[-80.6739421201399,25.6807321080736],[-80.6736511477346,25.673469308438]]]},"properties":{"OBJECTID":2033,"CATEGORY":5,"ZONEID":"E"}},{"type":"Feature","id":2034,"geometry":{"type":"Polygon","coordinates":[[[-80.6733602049736,25.6662064961712],[-80.6733348113972,25.6655725515969],[-80.6730693044335,25.6589436584859],[-80.672836416196,25.6531289510728],[-80.6727784101815,25.6516808222707],[-80.6820990268372,25.6517197588921],[-80.6820300200537,25.6624700477738],[-80.6820031164093,25.6662410055753],[-80.6733602049736,25.6662064961712]]]},"properties":{"OBJECTID":2034,"CATEGORY":4,"ZONEID":"D"}},{"type":"Feature","id":2035,"geometry":{"type":"Polygon","coordinates":[[[-80.6727784101815,25.6516808222707],[-80.6721967483401,25.6371551273982],[-80.6822003954288,25.6371981513527],[-80.6821300196129,25.6468901434448],[-80.6820990268372,25.6517197588921],[-80.6727784101815,25.6516808222707]]]},"properties":{"OBJECTID":2035,"CATEGORY":4,"ZONEID":"D"}},{"type":"Feature","id":2036,"geometry":{"type":"Polygon","coordinates":[[[-80.6719236901381,25.6298922026651],[-80.6716506588856,25.6226292719743],[-80.6823061010867,25.6226765243785],[-80.6822400192177,25.6317399395677],[-80.6822003954288,25.6371981513527],[-80.6721967483401,25.6371551273982],[-80.6719236901381,25.6298922026651]]]},"properties":{"OBJECTID":2036,"CATEGORY":4,"ZONEID":"D"}},{"type":"Feature","id":2037,"geometry":{"type":"Polygon","coordinates":[[[-80.6710868986711,25.608103450102],[-80.6824082062968,25.608107844759],[-80.6823401184898,25.6180100369121],[-80.6823061010867,25.6226765243785],[-80.6716506588856,25.6226292719743],[-80.6713687639562,25.6153663622259],[-80.6710868986711,25.608103450102]]]},"properties":{"OBJECTID":2037,"CATEGORY":4,"ZONEID":"D"}},{"type":"Feature","id":2038,"geometry":{"type":"Polygon","coordinates":[[[-80.670999905819,25.5938754793036],[-80.6825057929811,25.5938720142003],[-80.6824400192343,25.6034800332118],[-80.6824082242631,25.6081049957251],[-80.6824082062968,25.608107844759],[-80.6710868986711,25.608103450102],[-80.670999905819,25.5938754793036]]]},"properties":{"OBJECTID":2038,"CATEGORY":4,"ZONEID":"D"}},{"type":"Feature","id":2039,"geometry":{"type":"Polygon","coordinates":[[[-80.6709098101859,25.5791520264141],[-80.6709098847461,25.5791520272244],[-80.6826073205745,25.5792077130944],[-80.6825500179408,25.5874101285008],[-80.6825057929811,25.5938720142003],[-80.670999905819,25.5938754793036],[-80.6709998159875,25.5938754793036],[-80.6709098101859,25.5791520264141]]]},"properties":{"OBJECTID":2039,"CATEGORY":4,"ZONEID":"D"}},{"type":"Feature","id":2040,"geometry":{"type":"Polygon","coordinates":[[[-80.6709098847461,25.5791520272244],[-80.6708198582832,25.5644285434274],[-80.6827089577623,25.5644934200725],[-80.6826501181112,25.5730800247348],[-80.6826073376425,25.5792052409583],[-80.6826073205745,25.5792077130944],[-80.6709098847461,25.5791520272244]]]},"properties":{"OBJECTID":2040,"CATEGORY":4,"ZONEID":"D"}},{"type":"Feature","id":2043,"geometry":{"type":"Polygon","coordinates":[[[-80.4290981614964,25.2395644351492],[-80.4285450364366,25.2393700448655],[-80.4273900347466,25.2393799450591],[-80.4262851347949,25.2395799460232],[-80.4279150353515,25.2387401450151],[-80.4291057190229,25.2387985518981],[-80.4291347624544,25.2358545451584],[-80.4292062449948,25.2286078512123],[-80.4372449001631,25.228705568985],[-80.4452835759927,25.2288028511108],[-80.4452384715823,25.2360526131096],[-80.445213918829,25.2399980368277],[-80.4452095233723,25.2407042763842],[-80.4451933411207,25.2433023571575],[-80.4429399558581,25.2432743744105],[-80.4419026406568,25.2432614771076],[-80.4398488008631,25.2432359148814],[-80.4398474462037,25.2432358986308],[-80.4398364589094,25.2432357621256],[-80.4371282961443,25.2432020136411],[-80.4326421168019,25.2431459985301],[-80.4320397496915,25.2431384663609],[-80.4320105688178,25.2431380999091],[-80.431755005306,25.2431349058466],[-80.4313786579144,25.2431301988499],[-80.430829645342,25.2431233313308],[-80.4290632646426,25.2431012089299],[-80.4290981614964,25.2395644351492]]]},"properties":{"OBJECTID":2043,"CATEGORY":1,"ZONEID":"A"}},{"type":"Feature","id":2044,"geometry":{"type":"Polygon","coordinates":[[[-80.5751213483091,25.5791902055731],[-80.5905493374937,25.579188290903],[-80.5903732182907,25.5938718562169],[-80.5903731446289,25.5938718562169],[-80.5885809346701,25.5938712664121],[-80.5824911439679,25.5938691137865],[-80.579810513668,25.5938669255134],[-80.5752168787496,25.593863069097],[-80.5751690964614,25.5865266293014],[-80.5751357869306,25.5814124014062],[-80.5751213150714,25.5791902047628],[-80.5751213483091,25.5791902055731]]]},"properties":{"OBJECTID":2044,"CATEGORY":4,"ZONEID":"D"}},{"type":"Feature","id":2045,"geometry":{"type":"MultiPolygon","coordinates":[[[[-80.6605005593735,25.174220222463],[-80.6605000024181,25.174220024093],[-80.6597951007028,25.1742899243108],[-80.6587100014166,25.1750200242803],[-80.6579801004853,25.1761901243339],[-80.6570512954821,25.1764896391934],[-80.6570501007228,25.1764900245444],[-80.6563202006899,25.1762701238651],[-80.6549352347786,25.1754851005361],[-80.6549351000314,25.1754850249286],[-80.653094790679,25.1755399590276],[-80.6530925996881,25.1755400240662],[-80.6520800995482,25.1753001246879],[-80.651434706729,25.1752368614477],[-80.6514332990688,25.1752367240533],[-80.6514399996025,25.1702700230935],[-80.6677534033655,25.1701667225672],[-80.6677400031964,25.1707600233764],[-80.668160103034,25.1717001228864],[-80.6700150046197,25.1731051232485],[-80.6704601045717,25.173625123886],[-80.6711300052285,25.1744250239147],[-80.6719442049643,25.1745583234095],[-80.6720000047167,25.1848499266735],[-80.6591427953474,25.1848370296799],[-80.6591403016241,25.1848370264283],[-80.6596201025972,25.1843400265507],[-80.6601500026136,25.1826899258224],[-80.6604501019023,25.1820400268775],[-80.6608801020726,25.1815800256355],[-80.6621400027333,25.1806900263261],[-80.6634300032442,25.1800000251105],[-80.6637800021503,25.1794901250174],[-80.6638801023207,25.1784901246626],[-80.6641301034643,25.1779101250385],[-80.6640451030755,25.1773351248663],[-80.6634300023459,25.1766700248019],[-80.662580101764,25.1752750245932],[-80.6617401015149,25.1746601243149],[-80.6605005593735,25.174220222463]]],[[[-80.6540900997593,25.1847375272759],[-80.6547950005762,25.1843700267121],[-80.6547965887976,25.1843705030857],[-80.6553951012372,25.184550026712],[-80.6562744009833,25.1849406266832],[-80.6540925458718,25.184737754894],[-80.6540900997593,25.1847375272759]]]]},"properties":{"OBJECTID":2045,"CATEGORY":1,"ZONEID":"A"}},{"type":"Feature","id":2046,"geometry":{"type":"Polygon","coordinates":[[[-80.5575549734897,25.2115800353998],[-80.5585599726969,25.211624936172],[-80.5593300741355,25.2119500359289],[-80.5602851737253,25.2120700361444],[-80.5611400743301,25.2123800356795],[-80.561754973837,25.2122616352383],[-80.5623200734396,25.2117750357749],[-80.5623100742921,25.2106800349961],[-80.5613751742197,25.2092099352796],[-80.5608250737875,25.207824934123],[-80.5605199735777,25.2069099346577],[-80.5601050740873,25.2060350341213],[-80.5593699737071,25.2045384341922],[-80.5591349726322,25.2024000332475],[-80.5589099733996,25.2006901328894],[-80.5585500723642,25.1997350328888],[-80.5612275729337,25.1998225323048],[-80.5617299737227,25.2012466329717],[-80.563305174065,25.202945033331],[-80.5642500750814,25.2028000329206],[-80.5647799741995,25.202570033513],[-80.5661801746396,25.2022850328137],[-80.5673649761425,25.2010900325147],[-80.5677399760613,25.2000800321489],[-80.5687800760399,25.1995900319067],[-80.5700600765051,25.1995900319067],[-80.5697201755612,25.200110031685],[-80.5691701757403,25.2013501322989],[-80.5689900761022,25.2020401328808],[-80.568960075965,25.2027901330007],[-80.5691451756259,25.2038700331455],[-80.5684899758987,25.2041499339268],[-80.5669851756269,25.2041250332204],[-80.5653100745402,25.2040299332176],[-80.5639500746074,25.2045600340758],[-80.5633901735554,25.2065100346432],[-80.5635399739173,25.2072400341762],[-80.5639200744702,25.2077149349019],[-80.5648437743476,25.2084924340438],[-80.5655274749238,25.2098926350442],[-80.5662999748642,25.2102900353007],[-80.5673250756726,25.2111400352393],[-80.5685141756142,25.2114608360661],[-80.5692899759649,25.2112600354408],[-80.5697400759397,25.2108000356512],[-80.5704951764113,25.2103150347143],[-80.5714275764722,25.2104701343459],[-80.5724400775104,25.2106850350257],[-80.5736450767342,25.2099868356253],[-80.5737627766977,25.2139826244375],[-80.5690120758436,25.2141636355849],[-80.557320172739,25.2141299359217],[-80.5575549734897,25.2115800353998]]]},"properties":{"OBJECTID":2046,"CATEGORY":1,"ZONEID":"A"}},{"type":"Feature","id":2047,"geometry":{"type":"Polygon","coordinates":[[[-80.7319100218436,25.1701000216559],[-80.7319040228942,25.1672300202402],[-80.7318000222388,25.1601968189297],[-80.7327901228871,25.160530018467],[-80.7340050233419,25.1609950190862],[-80.7352150225886,25.1607999187186],[-80.7358101232266,25.1604200188219],[-80.7365100240207,25.1596600187114],[-80.7370701244987,25.1590967182519],[-80.7377101238329,25.1594700191635],[-80.7380251243755,25.1609900186431],[-80.7385300242776,25.1615000188785],[-80.7391600235661,25.1617499185894],[-80.740627524889,25.162184919514],[-80.7419901254445,25.163810019737],[-80.7425701254027,25.1641300199571],[-80.7434001256061,25.1644100193593],[-80.7439801255642,25.1647699203119],[-80.7447301263,25.1650500190635],[-80.7455901266406,25.1654100197587],[-80.7465200266901,25.1651200196659],[-80.7471667265581,25.1648400194546],[-80.746965126642,25.1634300194522],[-80.7472301269559,25.1618301186679],[-80.7472450264132,25.1595150180133],[-80.746680127135,25.1583801179326],[-80.7444200260673,25.1561699173295],[-80.7441067260355,25.1555399170864],[-80.7485001273754,25.1554900169283],[-80.7485900271757,25.1700601210933],[-80.7442200269491,25.1700200213277],[-80.7375200241491,25.1700901215175],[-80.7319100218436,25.1701000216559]]]},"properties":{"OBJECTID":2047,"CATEGORY":1,"ZONEID":"A"}},{"type":"Feature","id":2048,"geometry":{"type":"Polygon","coordinates":[[[-80.716630118137,25.1701400222068],[-80.7319100218436,25.1701000216559],[-80.7321400228957,25.1768524238812],[-80.7319821233233,25.184559924863],[-80.7247544213794,25.1847675257135],[-80.7167378351226,25.184743068151],[-80.7165034188509,25.1771034229738],[-80.7165767177849,25.1758132243194],[-80.716630118137,25.1701400222068]]]},"properties":{"OBJECTID":2048,"CATEGORY":1,"ZONEID":"A"}},{"type":"Feature","id":2049,"geometry":{"type":"Polygon","coordinates":[[[-80.7332300233901,25.185002525684],[-80.7319821233233,25.184559924863],[-80.7321400228957,25.1768524238812],[-80.7319100218436,25.1701000216559],[-80.7375200241491,25.1700901215175],[-80.7442200269491,25.1700200213277],[-80.7485900271757,25.1700601210933],[-80.7486267269483,25.1743833215538],[-80.7487367274515,25.1833734238058],[-80.7486901282445,25.1846600240971],[-80.7468058274944,25.1846315254751],[-80.7458706264864,25.1846184244148],[-80.7345751229673,25.184844925583],[-80.7332300233901,25.185002525684]]]},"properties":{"OBJECTID":2049,"CATEGORY":1,"ZONEID":"A"}},{"type":"Feature","id":2051,"geometry":{"type":"MultiPolygon","coordinates":[[[[-80.5489402700522,25.2138953367562],[-80.543110069111,25.2142332365551],[-80.5423850684896,25.2129825366725],[-80.5421099675187,25.2136399369697],[-80.5415700683548,25.2140999365899],[-80.5419124675135,25.2060887344628],[-80.5430024680078,25.2062000339737],[-80.5443950687006,25.2059350345453],[-80.5453274687616,25.2049300340005],[-80.5461450695191,25.2052450349063],[-80.5467500695916,25.2057400345667],[-80.5473401693085,25.2058600335901],[-80.5478899697034,25.2062925346429],[-80.5482649696221,25.2071200348877],[-80.5487499691457,25.2074400351659],[-80.5492650703161,25.2078849350602],[-80.5494449705282,25.2090200349258],[-80.5490900704139,25.209800034704],[-80.5489801696237,25.2108900352522],[-80.548165069776,25.2122675357168],[-80.5484899706513,25.2133100360485],[-80.5489402700522,25.2138953367562]]],[[[-80.557320172739,25.2141299359217],[-80.5538012714469,25.2140704362645],[-80.5546100723079,25.213519935864],[-80.5550549719355,25.2125701364128],[-80.5556200724363,25.2122801355942],[-80.5566301722778,25.2120499362852],[-80.5575549734897,25.2115800353998],[-80.557320172739,25.2141299359217]]],[[[-80.5538012714469,25.2140704362645],[-80.5507931701916,25.2141316361437],[-80.5519350708515,25.2135375355243],[-80.5538012714469,25.2140704362645]]]]},"properties":{"OBJECTID":2051,"CATEGORY":1,"ZONEID":"A"}},{"type":"Feature","id":2052,"geometry":{"type":"Polygon","coordinates":[[[-80.5428194811845,25.5353802252331],[-80.5448556762693,25.5353689534852],[-80.5468918695575,25.5353576525558],[-80.5489280637441,25.5353463216344],[-80.5509642597272,25.5353349663948],[-80.5530004557104,25.5353235868372],[-80.5550366507952,25.5353121813403],[-80.5570728467784,25.535300748283],[-80.5591090427615,25.5352892836125],[-80.5591122165094,25.5371220671723],[-80.5591153911557,25.538954851091],[-80.5591185649036,25.540787633745],[-80.5591217377531,25.5426204151316],[-80.5591249204842,25.544453203353],[-80.5591281014186,25.5462859870594],[-80.5591312841497,25.5481187767845],[-80.5591344650842,25.5499515595578],[-80.5571102768815,25.5499599114373],[-80.5550860814922,25.5499682373813],[-80.5530618932895,25.5499765390106],[-80.5510377014935,25.5499848057891],[-80.5490135195789,25.5499930458217],[-80.5469893349694,25.5500012631606],[-80.5449651503599,25.5500094497011],[-80.5429409666488,25.5500176054432],[-80.5429217085657,25.5481788009982],[-80.5429024468894,25.5463399991426],[-80.5428831861114,25.5445011901535],[-80.5428639280283,25.5426623853804],[-80.5428528167666,25.5408418444537],[-80.5428417064032,25.539021310738],[-80.5428305942431,25.5372007664038],[-80.5428194811845,25.5353802252331]]]},"properties":{"OBJECTID":2052,"CATEGORY":4,"ZONEID":"D"}},{"type":"Feature","id":2053,"geometry":{"type":"Polygon","coordinates":[[[-80.5591090427615,25.5352892836125],[-80.5610759651616,25.5352750816531],[-80.5630428839684,25.5352608529433],[-80.5650098054701,25.5352465950513],[-80.5669767278701,25.5352323104089],[-80.5748444004021,25.5351749481054],[-80.5748568321874,25.5371212395952],[-80.5748912457476,25.5425130838249],[-80.5749173939088,25.5468181688589],[-80.5749358003891,25.5498487353516],[-80.5749357608632,25.5498487353516],[-80.5670351174653,25.5499003606191],[-80.5650599548192,25.5499131984478],[-80.5630847912747,25.5499260127716],[-80.5611096286286,25.5499387987277],[-80.5591344650842,25.5499515595578],[-80.5591312841497,25.5481187767845],[-80.5591281014186,25.5462859870594],[-80.5591249204842,25.544453203353],[-80.5591217377531,25.5426204151316],[-80.5591185649036,25.540787633745],[-80.5591153911557,25.538954851091],[-80.5591122165094,25.5371220671723],[-80.5591090427615,25.5352892836125]]]},"properties":{"OBJECTID":2053,"CATEGORY":4,"ZONEID":"D"}},{"type":"Feature","id":2054,"geometry":{"type":"Polygon","coordinates":[[[-80.5748444004021,25.5351749481054],[-80.5908045677308,25.535147064543],[-80.5909014285763,25.549829134148],[-80.5749358003891,25.5498487353516],[-80.5749173939088,25.5468181688589],[-80.5748912457476,25.5425130838249],[-80.5748568321874,25.5371212395952],[-80.5748444004021,25.5351749481054]]]},"properties":{"OBJECTID":2054,"CATEGORY":4,"ZONEID":"D"}},{"type":"Feature","id":2055,"geometry":{"type":"Polygon","coordinates":[[[-80.5908045677308,25.535147064543],[-80.6067680651142,25.5351174366297],[-80.6068670738316,25.5498077952943],[-80.5909014285763,25.549829134148],[-80.5908045677308,25.535147064543]]]},"properties":{"OBJECTID":2055,"CATEGORY":4,"ZONEID":"D"}},{"type":"Feature","id":2056,"geometry":{"type":"Polygon","coordinates":[[[-80.6067680651142,25.5351174366297],[-80.6227315759723,25.5350860700383],[-80.6228327397481,25.5497847187895],[-80.6068670738316,25.5498077952943],[-80.6067680651142,25.5351174366297]]]},"properties":{"OBJECTID":2056,"CATEGORY":4,"ZONEID":"D"}},{"type":"Feature","id":2057,"geometry":{"type":"Polygon","coordinates":[[[-80.6227315759723,25.5350860700383],[-80.6386951092883,25.5350529631461],[-80.6387984245292,25.5497598957175],[-80.6228327397481,25.5497847187895],[-80.6227315759723,25.5350860700383]]]},"properties":{"OBJECTID":2057,"CATEGORY":4,"ZONEID":"D"}},{"type":"Feature","id":2058,"geometry":{"type":"Polygon","coordinates":[[[-80.6386951092883,25.5350529631461],[-80.6546586533841,25.5350181143306],[-80.65476412548,25.54973333094],[-80.6387984245292,25.5497598957175],[-80.6386951092883,25.5350529631461]]]},"properties":{"OBJECTID":2058,"CATEGORY":4,"ZONEID":"D"}},{"type":"Feature","id":2059,"geometry":{"type":"Polygon","coordinates":[[[-80.6546586533841,25.5350181143306],[-80.6706398044595,25.5349814871147],[-80.6707298443971,25.5497050293186],[-80.6707297949897,25.5497050293186],[-80.65476412548,25.54973333094],[-80.6546586533841,25.5350181143306]]]},"properties":{"OBJECTID":2059,"CATEGORY":4,"ZONEID":"D"}},{"type":"Feature","id":2061,"geometry":{"type":"Polygon","coordinates":[[[-80.315268233694,25.5226258722464],[-80.3232595862744,25.5224397558155],[-80.3312509271768,25.5222532070163],[-80.3312801197285,25.5298147498757],[-80.3313093059921,25.5373762854519],[-80.3232332386872,25.5373788160005],[-80.3151573052312,25.5373809291139],[-80.3152127770983,25.5300034042149],[-80.315268233694,25.5226258722464]]]},"properties":{"OBJECTID":2061,"CATEGORY":1,"ZONEID":"A"}},{"type":"Feature","id":2062,"geometry":{"type":"Polygon","coordinates":[[[-80.7007000156244,25.2437600410085],[-80.700670015487,25.2286300367917],[-80.7167401204367,25.2285901367137],[-80.716760019917,25.2436601406979],[-80.7007000156244,25.2437600410085]]]},"properties":{"OBJECTID":2062,"CATEGORY":1,"ZONEID":"A"}},{"type":"Feature","id":2063,"geometry":{"type":"MultiPolygon","coordinates":[[[[-80.4820900513979,25.2251550403499],[-80.4827634509927,25.2247267411282],[-80.4834051517362,25.2249250409347],[-80.4842101509269,25.225040041103],[-80.4850025521441,25.2255724404383],[-80.4852201519537,25.2263900407776],[-80.4857901518661,25.2272500407022],[-80.4866534517187,25.2279981415378],[-80.48697125231,25.2288697409073],[-80.4783734497762,25.2289699418561],[-80.478925050395,25.2284350414919],[-80.4796800502553,25.2282100410883],[-80.4804101506126,25.2280699417026],[-80.4809750507891,25.2275750418211],[-80.4813200514689,25.2268000415947],[-80.4815399509656,25.2257000401073],[-80.4820900513979,25.2251550403499]]],[[[-80.4919199535309,25.2289399413082],[-80.4886215212673,25.2289252417034],[-80.4886213523841,25.2289252417034],[-80.4900451533633,25.2280850412259],[-80.4905017535475,25.2273184412334],[-80.4917950535705,25.2273433412568],[-80.4919199535309,25.2289399413082]]]]},"properties":{"OBJECTID":2063,"CATEGORY":1,"ZONEID":"A"}},{"type":"Feature","id":2064,"geometry":{"type":"Polygon","coordinates":[[[-80.5087159771805,25.2281091837191],[-80.5087367588063,25.220316638595],[-80.5086800589422,25.2141900377792],[-80.5103801592449,25.2142099365418],[-80.5103200583592,25.2150499370329],[-80.5104999594695,25.2158700373008],[-80.5108900591699,25.2165200369053],[-80.5116600599971,25.2169250387102],[-80.513116759977,25.2170467374516],[-80.5141616596542,25.2178699385293],[-80.5150134592746,25.2172150382111],[-80.5152300601576,25.217890138202],[-80.5145650598107,25.2184750389738],[-80.5147200605197,25.2198400381446],[-80.5156550603051,25.2203567388695],[-80.5166100610803,25.2204900392938],[-80.5175900619698,25.2211600386186],[-80.5182000620652,25.221820039173],[-80.5189001622852,25.2224000393389],[-80.5201250618875,25.2223549393754],[-80.5210734627403,25.2219700392428],[-80.5218725626945,25.2215174395397],[-80.5226124627732,25.2214200394369],[-80.5235899636513,25.2214200378115],[-80.5243099633515,25.2211000385384],[-80.5245500632641,25.2202900394352],[-80.5246751644472,25.21964003803],[-80.5252549631827,25.2190500383362],[-80.5253694642454,25.2242186390121],[-80.5250367632985,25.2275033405057],[-80.5250145641312,25.2289551276745],[-80.5228949640655,25.2289575403628],[-80.5167300616291,25.2289567407383],[-80.50902125885,25.2289506842323],[-80.5088247658563,25.2289505241449],[-80.5087137340872,25.2289504339433],[-80.5087137700199,25.2289370410435],[-80.5087159771805,25.2281091837191]]]},"properties":{"OBJECTID":2064,"CATEGORY":1,"ZONEID":"A"}},{"type":"Feature","id":2069,"geometry":{"type":"Polygon","coordinates":[[[-80.8409205222827,25.7325544070688],[-80.8569893956421,25.7323118337187],[-80.856974337183,25.7468425668699],[-80.8408716808806,25.7470845789634],[-80.8409205222827,25.7325544070688]]]},"properties":{"OBJECTID":2069,"CATEGORY":5,"ZONEID":"E"}},{"type":"Feature","id":2070,"geometry":{"type":"Polygon","coordinates":[[[-80.8409289745311,25.8199744377017],[-80.8570571582589,25.8198292652106],[-80.8572754659409,25.8343022423531],[-80.8411829606012,25.8344319047581],[-80.8409289745311,25.8199744377017]]]},"properties":{"OBJECTID":2070,"CATEGORY":5,"ZONEID":"E"}},{"type":"Feature","id":2071,"geometry":{"type":"Polygon","coordinates":[[[-80.8730363249558,25.8196836728596],[-80.8732073839488,25.8341721181314],[-80.8572754659409,25.8343022423531],[-80.8570571582589,25.8198292652106],[-80.8730363249558,25.8196836728596]]]},"properties":{"OBJECTID":2071,"CATEGORY":5,"ZONEID":"E"}},{"type":"Feature","id":2072,"geometry":{"type":"Polygon","coordinates":[[[-80.8570792586115,25.7029457102953],[-80.8726429544895,25.7025586218437],[-80.8725749115983,25.7161216002265],[-80.8725700714756,25.7170862538239],[-80.8570044415248,25.7177810756493],[-80.8570127159069,25.7161413683938],[-80.8570792586115,25.7029457102953]]]},"properties":{"OBJECTID":2072,"CATEGORY":4,"ZONEID":"D"}},{"type":"Feature","id":2073,"geometry":{"type":"Polygon","coordinates":[[[-80.8407243248347,25.7908828743019],[-80.8568790394061,25.7906953083659],[-80.8568417709999,25.8043059961028],[-80.856838893696,25.8053562844299],[-80.8406750441565,25.805516952991],[-80.8406790066252,25.8043409789866],[-80.8407243248347,25.7908828743019]]]},"properties":{"OBJECTID":2073,"CATEGORY":5,"ZONEID":"E"}},{"type":"Feature","id":2074,"geometry":{"type":"Polygon","coordinates":[[[-80.7128400244436,25.4393599904547],[-80.7166501245166,25.439309990396],[-80.7290667291036,25.4392533894543],[-80.7294300284657,25.4541699943371],[-80.7166301244252,25.4542899939104],[-80.7128700236826,25.4543065941772],[-80.7128400244436,25.4393599904547]]]},"properties":{"OBJECTID":2074,"CATEGORY":3,"ZONEID":"C"}},{"type":"Feature","id":2075,"geometry":{"type":"Polygon","coordinates":[[[-80.7128700218859,25.4095899825727],[-80.7168201234976,25.4094900826907],[-80.7289800273056,25.4095066826395],[-80.7290201289982,25.4244466869117],[-80.71674012403,25.4245799859616],[-80.7127900233166,25.4246000870885],[-80.7128700218859,25.4095899825727]]]},"properties":{"OBJECTID":2075,"CATEGORY":3,"ZONEID":"C"}},{"type":"Feature","id":2076,"geometry":{"type":"Polygon","coordinates":[[[-80.7290201289982,25.4244466869117],[-80.7289800273056,25.4095066826395],[-80.7327901282769,25.4094600822007],[-80.7452800317978,25.409406781877],[-80.745570032226,25.424213385635],[-80.7329601290546,25.4244798859342],[-80.7290201289982,25.4244466869117]]]},"properties":{"OBJECTID":2076,"CATEGORY":3,"ZONEID":"C"}},{"type":"Feature","id":2077,"geometry":{"type":"Polygon","coordinates":[[[-80.7290301272473,25.3954999789742],[-80.7329001287801,25.3954199794645],[-80.7453700313112,25.39508657876],[-80.7452800317978,25.409406781877],[-80.7327901282769,25.4094600822007],[-80.7289800273056,25.4095066826395],[-80.7290301272473,25.3954999789742]]]},"properties":{"OBJECTID":2077,"CATEGORY":3,"ZONEID":"C"}},{"type":"Feature","id":2078,"geometry":{"type":"Polygon","coordinates":[[[-80.4917768537029,25.2132666370129],[-80.4916944530385,25.2075166363039],[-80.4923092528325,25.207164135912],[-80.4920150536786,25.2061549353204],[-80.4925683530116,25.205558335468],[-80.4937926534376,25.2060174350016],[-80.4935324537205,25.20669503544],[-80.4941825537119,25.2074600358157],[-80.4949600554718,25.2064000358594],[-80.4956425550005,25.20669503544],[-80.4955199547271,25.207380035635],[-80.4956966542418,25.2083000365706],[-80.4961975548442,25.2086675356367],[-80.4967400546309,25.2082966359636],[-80.4971601553667,25.2087100357723],[-80.4977700548508,25.2088100363196],[-80.4980174553716,25.2096124353697],[-80.4985837560217,25.2108675367804],[-80.5000200570581,25.2113601371114],[-80.500780155756,25.2108701367594],[-80.5012738563614,25.2096837367889],[-80.5004601560888,25.2082499361276],[-80.4999300557481,25.2080150362821],[-80.4985500548255,25.2079500360801],[-80.4979700548673,25.2076900357376],[-80.4973900549092,25.2073200352617],[-80.4967799551008,25.2067700358807],[-80.4967518549004,25.2060417346768],[-80.4961367550692,25.2057933351499],[-80.4956125539649,25.2052492353788],[-80.4959000543817,25.2038599349907],[-80.4960433545341,25.2031800348066],[-80.4959100544274,25.2026300337891],[-80.4955701543818,25.2015400340517],[-80.4955600546231,25.2007600341778],[-80.4957199547436,25.2000500342312],[-80.4954400540742,25.1994700340185],[-80.4970000549218,25.1997300348479],[-80.4981100546094,25.1998400331559],[-80.4987399550833,25.2001799333065],[-80.4991701546796,25.2008300337766],[-80.4999067561446,25.2016200348191],[-80.5004633558878,25.2024100347997],[-80.5003400558269,25.203479935227],[-80.5001342553886,25.2044416349679],[-80.5008601561219,25.2043600356694],[-80.5011700560303,25.2038299347531],[-80.5017750570011,25.2035300351949],[-80.5030633570012,25.2032333340724],[-80.5033376575732,25.2042375350201],[-80.5036900567777,25.2055100350241],[-80.5040899570978,25.2060600360344],[-80.5052500576253,25.2067001356048],[-80.5063851571402,25.2070100358423],[-80.5074300568175,25.2071337349791],[-80.5069101577451,25.2081701347808],[-80.506915058055,25.2090601356723],[-80.5073099574539,25.2104600367387],[-80.5080226583424,25.2114000371519],[-80.5086601585636,25.2119300368297],[-80.5086800589422,25.2141900377792],[-80.5052606577458,25.2142039370051],[-80.5046897568232,25.2142552370169],[-80.5030451562353,25.2142723375579],[-80.4933784546332,25.2144200371732],[-80.4927801541961,25.2138200383718],[-80.4917768537029,25.2132666370129]]]},"properties":{"OBJECTID":2078,"CATEGORY":1,"ZONEID":"A"}},{"type":"Feature","id":2079,"geometry":{"type":"Polygon","coordinates":[[[-80.5247913139184,25.2583063565159],[-80.5246900980405,25.2439286216822],[-80.5250201642287,25.2439300444161],[-80.5384100673748,25.2440200438775],[-80.5408152274963,25.2440454556214],[-80.5409172015524,25.2584807502459],[-80.5247913139184,25.2583063565159]]]},"properties":{"OBJECTID":2079,"CATEGORY":1,"ZONEID":"A"}},{"type":"Feature","id":2080,"geometry":{"type":"Polygon","coordinates":[[[-80.5086655008447,25.2581302011841],[-80.5085653845046,25.243856825196],[-80.5088919589412,25.243859944487],[-80.522680062795,25.2439199438991],[-80.5246900980405,25.2439286216822],[-80.5247913139184,25.2583063565159],[-80.5086655008447,25.2581302011841]]]},"properties":{"OBJECTID":2080,"CATEGORY":1,"ZONEID":"A"}},{"type":"Feature","id":2081,"geometry":{"type":"Polygon","coordinates":[[[-80.4924408129025,25.243791652391],[-80.5068000584274,25.2438399449472],[-80.5085653845046,25.243856825196],[-80.5086655008447,25.2581302011841],[-80.4925397686193,25.2579522826179],[-80.4924408129025,25.243791652391]]]},"properties":{"OBJECTID":2081,"CATEGORY":1,"ZONEID":"A"}},{"type":"Feature","id":2082,"geometry":{"type":"Polygon","coordinates":[[[-80.672152499126,25.213899927852],[-80.6845601097803,25.2138699333399],[-80.6845901108158,25.2286700376226],[-80.6722324994919,25.2286900339699],[-80.6722300075653,25.2286900372204],[-80.672150006301,25.2138999343539],[-80.672152499126,25.213899927852]]]},"properties":{"OBJECTID":2082,"CATEGORY":1,"ZONEID":"A"}},{"type":"Feature","id":2083,"geometry":{"type":"Polygon","coordinates":[[[-80.6696184765754,25.3362773944773],[-80.6695673947751,25.3306409049455],[-80.6722416793758,25.3306845121081],[-80.6721901097903,25.3368299655799],[-80.6723027720017,25.3427286713892],[-80.6723151085655,25.3451609844954],[-80.6696988901663,25.3451511838621],[-80.6696463360273,25.3393517276459],[-80.6696331424707,25.3378960504078],[-80.6696184765754,25.3362773944773]]]},"properties":{"OBJECTID":2083,"CATEGORY":2,"ZONEID":"B"}},{"type":"Feature","id":2084,"geometry":{"type":"Polygon","coordinates":[[[-80.6695173855631,25.3161454431098],[-80.6719801088297,25.315629959578],[-80.6720201090127,25.3218099615444],[-80.6721508129882,25.3254549880995],[-80.6722600086009,25.3285000635651],[-80.6722416793758,25.3306845121081],[-80.6695673947751,25.3306409049455],[-80.6695173855631,25.3161454431098]]]},"properties":{"OBJECTID":2084,"CATEGORY":1,"ZONEID":"A"}},{"type":"Feature","id":2085,"geometry":{"type":"Polygon","coordinates":[[[-80.6694687840113,25.30206018581],[-80.6721379077908,25.3020166560514],[-80.6719900091624,25.3071900574325],[-80.6719801088297,25.315629959578],[-80.6695173855631,25.3161454431098],[-80.6694687840113,25.30206018581]]]},"properties":{"OBJECTID":2085,"CATEGORY":1,"ZONEID":"A"}},{"type":"Feature","id":2086,"geometry":{"type":"Polygon","coordinates":[[[-80.6694687840113,25.30206018581],[-80.6694201662898,25.2879752797299],[-80.6723469996563,25.2880737579131],[-80.6723001075985,25.2930799544582],[-80.6721601087547,25.3012400558598],[-80.6721379077908,25.3020166560514],[-80.6694687840113,25.30206018581]]]},"properties":{"OBJECTID":2086,"CATEGORY":1,"ZONEID":"A"}},{"type":"Feature","id":2087,"geometry":{"type":"Polygon","coordinates":[[[-80.6694066978488,25.2738909609859],[-80.6721946840118,25.273669375302],[-80.6722776074957,25.2771811503519],[-80.6723567086479,25.2783467506338],[-80.6723561642688,25.280224219056],[-80.6723549802893,25.284310416949],[-80.6723544718429,25.2860611902084],[-80.6723544395035,25.2861762064179],[-80.6723541080252,25.2873147532237],[-80.6723469996563,25.2880737579131],[-80.6694201662898,25.2879752797299],[-80.6694066978488,25.2738909609859]]]},"properties":{"OBJECTID":2087,"CATEGORY":1,"ZONEID":"A"}},{"type":"Feature","id":2088,"geometry":{"type":"Polygon","coordinates":[[[-80.6694066978488,25.2738909609859],[-80.6695535993472,25.2598088469174],[-80.6721785448794,25.2598055834251],[-80.6721946840118,25.273669375302],[-80.6694066978488,25.2738909609859]]]},"properties":{"OBJECTID":2088,"CATEGORY":1,"ZONEID":"A"}},{"type":"Feature","id":2089,"geometry":{"type":"Polygon","coordinates":[[[-80.6697187195779,25.2439738078965],[-80.6697189342753,25.2439532119812],[-80.6722850069186,25.2439600412647],[-80.6721785448794,25.2598055834251],[-80.6695535993472,25.2598088469174],[-80.6697187195779,25.2439738078965]]]},"properties":{"OBJECTID":2089,"CATEGORY":1,"ZONEID":"A"}},{"type":"Feature","id":2090,"geometry":{"type":"Polygon","coordinates":[[[-80.8109099601053,25.7629499700735],[-80.8135499614016,25.7629400700615],[-80.8247142192611,25.7637440572411],[-80.8246526604096,25.7764611732356],[-80.8246419830342,25.778666415039],[-80.8136401612393,25.7787800749112],[-80.8107800610202,25.7787800749112],[-80.8107700609745,25.77746997425],[-80.8109099601053,25.7629499700735]]]},"properties":{"OBJECTID":2090,"CATEGORY":5,"ZONEID":"E"}},{"type":"Feature","id":2091,"geometry":{"type":"Polygon","coordinates":[[[-80.5265408601891,25.5940854147907],[-80.5272016878616,25.5940825735244],[-80.5281903413239,25.594078364691],[-80.5285438751006,25.5940768593951],[-80.5291567111774,25.5940742457864],[-80.5305468900122,25.5940683072396],[-80.5314425310117,25.5940644743247],[-80.5325499040253,25.5940597283478],[-80.5345529198352,25.5940511243402],[-80.5352060866749,25.5940482028663],[-80.5355789234504,25.5940465760444],[-80.5365559643911,25.5940422983453],[-80.5373943755205,25.5940386250331],[-80.5385590071504,25.5940335128583],[-80.5405620544012,25.594024700635],[-80.5425650154138,25.5940158657263],[-80.5425650962622,25.5940158657263],[-80.5428191865369,25.6012747988465],[-80.5430733010662,25.6085337336449],[-80.5350613186753,25.6085698158719],[-80.5270493371827,25.6086054622695],[-80.5267950879061,25.6013454365428],[-80.5265408601891,25.5940854147907]]]},"properties":{"OBJECTID":2091,"CATEGORY":5,"ZONEID":"E"}},{"type":"Feature","id":2092,"geometry":{"type":"Polygon","coordinates":[[[-80.5579243346833,25.5939441874922],[-80.5585804560819,25.593941092639],[-80.5588387037598,25.6012005868511],[-80.5590969712006,25.6084600761944],[-80.5510851361334,25.6084971240499],[-80.5430733010662,25.6085337336449],[-80.5428191865369,25.6012747988465],[-80.5425650962622,25.5940158657263],[-80.5432104486572,25.5940128818683],[-80.5445670107375,25.5940066143892],[-80.5465689261111,25.5939973444175],[-80.5477940565804,25.5939916537791],[-80.5485708405864,25.5939880428485],[-80.55057275596,25.5939787121126],[-80.5507731494386,25.5939777804162],[-80.5512113045151,25.5939757306842],[-80.5525746812151,25.5939693481589],[-80.5531329338585,25.5939667337378],[-80.5545766064701,25.5939599566587],[-80.5565785308269,25.5939505351815],[-80.5579243346833,25.5939441874922]]]},"properties":{"OBJECTID":2092,"CATEGORY":5,"ZONEID":"E"}},{"type":"Feature","id":2093,"geometry":{"type":"Polygon","coordinates":[[[-80.5692687784189,25.5938911472078],[-80.574609148697,25.5938659492567],[-80.574609148697,25.5938659824737],[-80.5748723092612,25.6011247537549],[-80.5751354913849,25.6083835607605],[-80.5751354141298,25.6083835607605],[-80.5671162299453,25.6084220376083],[-80.5590969712006,25.6084600761944],[-80.5588387037598,25.6012005868511],[-80.5585804560819,25.593941092639],[-80.5585805027943,25.593941092639],[-80.5592121316268,25.5939381622506],[-80.5605840647798,25.5939317870148],[-80.5622993663738,25.5939237922466],[-80.5625875989175,25.5939224425015],[-80.5625876707827,25.5939224433117],[-80.562941454291,25.5939207986643],[-80.5645912758873,25.5939130850249],[-80.5658512843459,25.5939071780667],[-80.5665948827886,25.5939036927101],[-80.5672145029424,25.5939007914868],[-80.5692687784189,25.5938911472078]]]},"properties":{"OBJECTID":2093,"CATEGORY":5,"ZONEID":"E"}},{"type":"Feature","id":2094,"geometry":{"type":"Polygon","coordinates":[[[-80.622480607343,25.5938786324907],[-80.6384024040326,25.593879366506],[-80.6384024067275,25.5938794062044],[-80.6389724686237,25.608219648829],[-80.6229966535411,25.6082748302641],[-80.622480607343,25.5938786324907]]]},"properties":{"OBJECTID":2094,"CATEGORY":4,"ZONEID":"D"}},{"type":"Feature","id":2095,"geometry":{"type":"Polygon","coordinates":[[[-80.6507028744196,25.5938787515859],[-80.6545044557688,25.5938783489308],[-80.655056810074,25.608162334442],[-80.6389724686237,25.608219648829],[-80.6384024067275,25.5938794062044],[-80.6384024040326,25.593879366506],[-80.6507028744196,25.5938787515859]]]},"properties":{"OBJECTID":2095,"CATEGORY":4,"ZONEID":"D"}},{"type":"Feature","id":2096,"geometry":{"type":"Polygon","coordinates":[[[-80.6238729331514,25.716938417354],[-80.6234247995887,25.7025996941297],[-80.6395944872793,25.7027692047807],[-80.6397960467712,25.7100324744584],[-80.6399976242294,25.7172957338311],[-80.6238729331514,25.716938417354]]]},"properties":{"OBJECTID":2096,"CATEGORY":5,"ZONEID":"E"}},{"type":"Feature","id":2097,"geometry":{"type":"Polygon","coordinates":[[[-80.6716281731558,25.702677458817],[-80.6716282171732,25.702677458817],[-80.6718510936868,25.7099406458707],[-80.6719444924252,25.712984266681],[-80.6720739917599,25.7172038266782],[-80.6640478653949,25.7172274867534],[-80.6560217381315,25.7172507049275],[-80.6558024647606,25.7099875051285],[-80.6555832120508,25.7027242942232],[-80.6636057155103,25.702701098307],[-80.6716281731558,25.702677458817]]]},"properties":{"OBJECTID":2097,"CATEGORY":5,"ZONEID":"E"}},{"type":"Feature","id":2098,"geometry":{"type":"Polygon","coordinates":[[[-80.3501411959429,25.7016388043592],[-80.3581666108424,25.7013674020162],[-80.3661920059788,25.7010955554792],[-80.3665506996785,25.7082774277174],[-80.366909430209,25.7154592898589],[-80.3588960230901,25.7158012300101],[-80.3508825809369,25.7161427191847],[-80.3505118731685,25.7088907670309],[-80.3501411959429,25.7016388043592]]]},"properties":{"OBJECTID":2098,"CATEGORY":4,"ZONEID":"D"}},{"type":"Feature","id":2099,"geometry":{"type":"Polygon","coordinates":[[[-80.3661920059788,25.7010955554792],[-80.3742108631765,25.7008117876145],[-80.3822065986372,25.7005360852193],[-80.3822299395632,25.7009760863693],[-80.3822299584278,25.7009764141944],[-80.3825858673501,25.707701850182],[-80.3826136989543,25.7082309231107],[-80.3829649815529,25.7148676159059],[-80.3829566200342,25.7148679242683],[-80.3749357263557,25.7151658481113],[-80.366909430209,25.7154592898589],[-80.3665506996785,25.7082774277174],[-80.3661920059788,25.7010955554792]]]},"properties":{"OBJECTID":2099,"CATEGORY":4,"ZONEID":"D"}},{"type":"Feature","id":2100,"geometry":{"type":"Polygon","coordinates":[[[-80.5104953331457,25.5355350767002],[-80.512521714136,25.5355253515271],[-80.5145480870416,25.535515597173],[-80.516574462642,25.5355058168799],[-80.5186008418357,25.5354960041633],[-80.5206228480307,25.5354635612384],[-80.5226448542256,25.5354310899348],[-80.5246668550307,25.5353985910632],[-80.5266888630222,25.5353660621917],[-80.5267072820788,25.5371754738464],[-80.5267256984405,25.5389848873804],[-80.5267441139038,25.5407942995489],[-80.5267625338587,25.5426037071072],[-80.5267817488226,25.5444746509572],[-80.5268009610916,25.5463455891135],[-80.5268201787505,25.54821653292],[-80.5268393937144,25.5500874734584],[-80.5248070820465,25.5501280940959],[-80.522774768582,25.5501686920266],[-80.5207424542192,25.5502092575249],[-80.5187101362632,25.5502497986955],[-80.5166975075815,25.5502533355719],[-80.5146848771032,25.5502568448925],[-80.5126722457265,25.5502603234152],[-80.5106596179431,25.5502637784342],[-80.5106387608589,25.5484206668279],[-80.510617901978,25.5465775560575],[-80.5105970421988,25.5447344469363],[-80.5105761869111,25.5428913354146],[-80.5105559694274,25.5410522733289],[-80.5105357546385,25.5392132049197],[-80.5105155434429,25.5373741455901],[-80.5104953331457,25.5355350767002]]]},"properties":{"OBJECTID":2100,"CATEGORY":4,"ZONEID":"D"}},{"type":"Feature","id":2101,"geometry":{"type":"Polygon","coordinates":[[[-80.5266888630222,25.5353660621917],[-80.5287039818339,25.5353686649233],[-80.5307191069337,25.5353712344215],[-80.5327342302369,25.5353737763604],[-80.5347493526418,25.5353762931716],[-80.5367668852267,25.5353773193497],[-80.5387844160148,25.5353783179685],[-80.5408019503963,25.5353792825435],[-80.5428194811845,25.5353802252331],[-80.5428305942431,25.5372007664038],[-80.5428417064032,25.539021310738],[-80.5428528167666,25.5408418444537],[-80.5428639280283,25.5426623853804],[-80.5428831861114,25.5445011901535],[-80.5429024468894,25.5463399991426],[-80.5429217085657,25.5481788009982],[-80.5429409666488,25.5500176054432],[-80.5409288518034,25.5500223215578],[-80.5389167387547,25.5500270141687],[-80.5369046275027,25.5500316727396],[-80.5348925171489,25.5500363069964],[-80.5328792326971,25.5500491391373],[-80.5308659536351,25.5500619445314],[-80.5288526727766,25.5500747207474],[-80.5268393937144,25.5500874734584],[-80.5268201787505,25.54821653292],[-80.5268009610916,25.5463455891135],[-80.5267817488226,25.5444746509572],[-80.5267625338587,25.5426037071072],[-80.5267441139038,25.5407942995489],[-80.5267256984405,25.5389848873804],[-80.5267072820788,25.5371754738464],[-80.5266888630222,25.5353660621917]]]},"properties":{"OBJECTID":2101,"CATEGORY":4,"ZONEID":"D"}},{"type":"Feature","id":2102,"geometry":{"type":"Polygon","coordinates":[[[-80.2972886733696,25.8116688235477],[-80.3052886264206,25.8116818054551],[-80.3054953997344,25.8189489627386],[-80.3057021919128,25.8262161163882],[-80.2976658283468,25.8262349250251],[-80.2896294755605,25.8262532873168],[-80.2896042706302,25.8251734456571],[-80.2895398560345,25.8224140986358],[-80.2894847264255,25.8200521344426],[-80.2894591010837,25.8189543499033],[-80.2894388548538,25.8180870334539],[-80.2893667425944,25.814997579655],[-80.2893015491593,25.8122044608959],[-80.2892887328951,25.8116554033285],[-80.2972886733696,25.8116688235477]]]},"properties":{"OBJECTID":2102,"CATEGORY":4,"ZONEID":"D"}},{"type":"Feature","id":2104,"geometry":{"type":"Polygon","coordinates":[[[-80.3213339872758,25.8115711911156],[-80.329383702502,25.8116180232188],[-80.3374393762534,25.8116663966675],[-80.3376329793668,25.8189303009256],[-80.3378331743177,25.8262039584113],[-80.3297945128611,25.8262042381838],[-80.3217592955454,25.8262036422521],[-80.321549597317,25.8189614352131],[-80.3213339872758,25.8115711911156]]]},"properties":{"OBJECTID":2104,"CATEGORY":5,"ZONEID":"E"}},{"type":"Feature","id":2114,"geometry":{"type":"Polygon","coordinates":[[[-80.3442942890324,25.762064400743],[-80.3361847774494,25.7623286996406],[-80.3359205577715,25.7549308557425],[-80.3356600741869,25.7476369955856],[-80.3436551880134,25.7474322555087],[-80.3516502811786,25.7472270757214],[-80.3518787065857,25.7544625632442],[-80.3524037745642,25.7617996481999],[-80.3442942890324,25.762064400743]]]},"properties":{"OBJECTID":2114,"CATEGORY":4,"ZONEID":"D"}},{"type":"Feature","id":2115,"geometry":{"type":"Polygon","coordinates":[[[-80.3604076298967,25.7615550990311],[-80.3524037745642,25.7617996481999],[-80.3518787065857,25.7544625632442],[-80.3516502811786,25.7472270757214],[-80.3597064813428,25.7469700990296],[-80.3676931545989,25.7467148962114],[-80.3680653436891,25.7542777189293],[-80.3684114627714,25.7613101092441],[-80.3604076298967,25.7615550990311]]]},"properties":{"OBJECTID":2115,"CATEGORY":5,"ZONEID":"E"}},{"type":"Feature","id":2116,"geometry":{"type":"Polygon","coordinates":[[[-80.47834804542,25.5797021417131],[-80.4803714664615,25.5796751411695],[-80.4823948857064,25.579648113881],[-80.4844183031547,25.5796210614681],[-80.4864417232979,25.5795939766383],[-80.4884725662202,25.5795666106394],[-80.4905034082443,25.5795392130336],[-80.4925342430818,25.5795117894931],[-80.4945650842076,25.5794843392073],[-80.4945791446384,25.5813463736411],[-80.4945932032726,25.5832084058444],[-80.4946072628051,25.5850704431065],[-80.4946213232359,25.5869324765119],[-80.4946647190507,25.5942147648435],[-80.4944945889157,25.5942155742025],[-80.4944945053723,25.5942155733923],[-80.4924916216148,25.5942229953515],[-80.4924915470546,25.5942229945413],[-80.490488654314,25.5942303897644],[-80.4904885914319,25.5942303889542],[-80.48848568342,25.5942377558209],[-80.4884856313177,25.5942377550107],[-80.4865927714196,25.5942444915656],[-80.4865648194412,25.5942447961891],[-80.4864982587702,25.5942449160941],[-80.4864826676101,25.5942449420195],[-80.4844797056992,25.5942547102258],[-80.4834676825647,25.5942596352422],[-80.4824767410934,25.5942644484551],[-80.4814029713596,25.5942696618912],[-80.4804737791825,25.5942741623786],[-80.4797661492837,25.5942775869617],[-80.47847081278,25.5942838455148],[-80.47847081278,25.5942838147284],[-80.4784133376698,25.5869907149997],[-80.4783970170778,25.58516857258],[-80.4783868589285,25.5840346757041],[-80.4783806928924,25.5833464315829],[-80.4783643687071,25.5815242741854],[-80.4783631011842,25.5813824114038],[-80.47834804542,25.5797021417131]]]},"properties":{"OBJECTID":2116,"CATEGORY":4,"ZONEID":"D"}},{"type":"Feature","id":2117,"geometry":{"type":"Polygon","coordinates":[[[-80.6384076349226,25.4909634207548],[-80.6383265943076,25.4762883523015],[-80.6542944961308,25.4761977324785],[-80.6543712634601,25.4908925655414],[-80.6384076349226,25.4909634207548]]]},"properties":{"OBJECTID":2117,"CATEGORY":3,"ZONEID":"C"}},{"type":"Feature","id":2118,"geometry":{"type":"Polygon","coordinates":[[[-80.6542944961308,25.4761977324785],[-80.6702798495251,25.4761052757461],[-80.670329608107,25.4842439328872],[-80.6703698122076,25.4908198096113],[-80.670369756512,25.4908198096113],[-80.6543712634601,25.4908925655414],[-80.6542944961308,25.4761977324785]]]},"properties":{"OBJECTID":2118,"CATEGORY":3,"ZONEID":"C"}},{"type":"Feature","id":2121,"geometry":{"type":"Polygon","coordinates":[[[-80.3311374600749,25.4633286480185],[-80.3391672389899,25.4632067887884],[-80.347197012515,25.4630844963315],[-80.3472336943213,25.4703900793434],[-80.34727996205,25.4781249543679],[-80.3392112977613,25.4781378079842],[-80.3311426469474,25.4781502180074],[-80.331140058901,25.4707394366623],[-80.3311374600749,25.4633286480185]]]},"properties":{"OBJECTID":2121,"CATEGORY":1,"ZONEID":"A"}},{"type":"Feature","id":2122,"geometry":{"type":"Polygon","coordinates":[[[-80.347197012515,25.4630844963315],[-80.3552613316526,25.4630508829567],[-80.3633277797975,25.4630168105151],[-80.3633962628632,25.4703559732961],[-80.3634685026834,25.4780931155085],[-80.3553742292226,25.4781092567352],[-80.34727996205,25.4781249543679],[-80.3472336943213,25.4703900793434],[-80.347197012515,25.4630844963315]]]},"properties":{"OBJECTID":2122,"CATEGORY":1,"ZONEID":"A"}},{"type":"Feature","id":2123,"geometry":{"type":"Polygon","coordinates":[[[-80.3957289925079,25.4629276211291],[-80.4037964117316,25.4629152087241],[-80.4119224693838,25.46288126358],[-80.4119377649981,25.4702150592749],[-80.4119820896709,25.4778175627674],[-80.403927007011,25.4778904709175],[-80.3958025259021,25.4779367886223],[-80.3957335020506,25.4702518960222],[-80.3957289925079,25.4629276211291]]]},"properties":{"OBJECTID":2123,"CATEGORY":2,"ZONEID":"B"}},{"type":"Feature","id":2124,"geometry":{"type":"Polygon","coordinates":[[[-80.4119224693838,25.46288126358],[-80.4200276636635,25.4628565012105],[-80.428147434007,25.4628329927299],[-80.4281588237465,25.470162386786],[-80.4281618735269,25.4776896765881],[-80.4200644011654,25.4777539238033],[-80.4119820896709,25.4778175627674],[-80.4119377649981,25.4702150592749],[-80.4119224693838,25.46288126358]]]},"properties":{"OBJECTID":2124,"CATEGORY":2,"ZONEID":"B"}},{"type":"Feature","id":2125,"geometry":{"type":"Polygon","coordinates":[[[-80.428147434007,25.4628329927299],[-80.4362289567807,25.46280397149],[-80.44430439257,25.4627855913137],[-80.444347777605,25.4701271379643],[-80.444653052088,25.4774489795374],[-80.4362501992423,25.4775650373468],[-80.4281618735269,25.4776896765881],[-80.4281588237465,25.470162386786],[-80.428147434007,25.4628329927299]]]},"properties":{"OBJECTID":2125,"CATEGORY":3,"ZONEID":"C"}},{"type":"Feature","id":2126,"geometry":{"type":"Polygon","coordinates":[[[-80.44430439257,25.4627855913137],[-80.4525409501887,25.4627835239289],[-80.4607839702875,25.4626112763463],[-80.4607837861329,25.470043304882],[-80.4609022137318,25.4773039046853],[-80.4527763105898,25.4773775292235],[-80.444653052088,25.4774489795374],[-80.444347777605,25.4701271379643],[-80.44430439257,25.4627855913137]]]},"properties":{"OBJECTID":2126,"CATEGORY":3,"ZONEID":"C"}},{"type":"Feature","id":2127,"geometry":{"type":"Polygon","coordinates":[[[-80.4607839702875,25.4626112763463],[-80.4690134312154,25.4624582181835],[-80.4772838993378,25.4624958602546],[-80.4772838993378,25.4624959024297],[-80.4773018791182,25.4643296517791],[-80.4773081421723,25.4649681669279],[-80.4773198615935,25.4661634453626],[-80.4773378440689,25.4679972369472],[-80.4773558274426,25.4698310395063],[-80.4773741791255,25.4716605977338],[-80.47738606743,25.4728455441682],[-80.4773925308085,25.4734901654371],[-80.4774024688705,25.4744807341264],[-80.4774108824914,25.4753197345032],[-80.4774163047225,25.4758600803228],[-80.4774292350727,25.4771493016856],[-80.4774291569192,25.4771493008746],[-80.4690143223442,25.4772290912349],[-80.4609022137318,25.4773039046853],[-80.4607837861329,25.470043304882],[-80.4607839702875,25.4626112763463]]]},"properties":{"OBJECTID":2127,"CATEGORY":3,"ZONEID":"C"}},{"type":"Feature","id":2128,"geometry":{"type":"Polygon","coordinates":[[[-80.4772838993378,25.4624958602546],[-80.4793058049214,25.462486132411],[-80.4813277149965,25.4624763794238],[-80.4833496268684,25.4624665956156],[-80.4853715369435,25.4624567866637],[-80.4874026969712,25.4624465324394],[-80.4894338525073,25.4624362563156],[-80.491465012535,25.4624259485596],[-80.4934961707661,25.4624156148488],[-80.4935229432565,25.4642435039828],[-80.4935497130519,25.4660713896783],[-80.4935764837457,25.467899278421],[-80.4936032580327,25.4697271661529],[-80.4936289776977,25.4715615465326],[-80.4936547000575,25.4733959305645],[-80.4936804269089,25.4752303133797],[-80.4937061456756,25.4770646925428],[-80.4916930858026,25.4770758894794],[-80.4896800295228,25.4770870588423],[-80.4876669669549,25.4770981981986],[-80.4856539070819,25.4771093140361],[-80.4835977379567,25.4771193529169],[-80.4815415688315,25.477129368279],[-80.4794854032995,25.4771393455252],[-80.4774292350727,25.4771493016856],[-80.4774163047225,25.4758600803228],[-80.4774108824914,25.4753197345032],[-80.4774024688705,25.4744807341264],[-80.4773925308085,25.4734901654371],[-80.47738606743,25.4728455441682],[-80.4773741791255,25.4716605977338],[-80.4773558274426,25.4698310395063],[-80.4773378440689,25.4679972369472],[-80.4773198615935,25.4661634453626],[-80.4773081421723,25.4649681669279],[-80.4773018791182,25.4643296517791],[-80.4772838993378,25.4624959024297],[-80.4772838993378,25.4624958602546]]]},"properties":{"OBJECTID":2128,"CATEGORY":4,"ZONEID":"D"}},{"type":"Feature","id":2129,"geometry":{"type":"Polygon","coordinates":[[[-80.5093095704455,25.4038092258432],[-80.5173909216409,25.4037438802237],[-80.5254722656499,25.4036780866455],[-80.5254940533888,25.4110243730825],[-80.5255158294495,25.4183706510129],[-80.5255157989069,25.4183706510128],[-80.5235009459966,25.4183803426636],[-80.521641674107,25.418389256223],[-80.5214861254256,25.4183900034821],[-80.5214860598486,25.4183900034821],[-80.5194711781922,25.4183996391477],[-80.5174562956375,25.4184092472265],[-80.5174562650948,25.4184092472265],[-80.5154431719841,25.4184188617954],[-80.5134300555172,25.4184284430979],[-80.5125206505309,25.4184327635681],[-80.5114169354571,25.418438002493],[-80.5094038162953,25.418447522131],[-80.5093566960653,25.4111283830831],[-80.5093095704455,25.4038092258432]]]},"properties":{"OBJECTID":2129,"CATEGORY":2,"ZONEID":"B"}},{"type":"Feature","id":2130,"geometry":{"type":"Polygon","coordinates":[[[-80.5335535746245,25.403666357872],[-80.5416348871924,25.4036541868542],[-80.5416882848495,25.4109711375512],[-80.5417416852016,25.4182880808752],[-80.5397136540061,25.4182985059991],[-80.5376856228104,25.4183089027247],[-80.5356575916149,25.4183192718633],[-80.5336295613177,25.4183296117921],[-80.5328361432076,25.418333643423],[-80.5316011267786,25.418339912775],[-80.5295726895446,25.4183501877935],[-80.5275442630903,25.4183604352251],[-80.5255158294495,25.4183706510129],[-80.5254940533888,25.4110243730825],[-80.5254722656499,25.4036780866455],[-80.5335535746245,25.403666357872]]]},"properties":{"OBJECTID":2130,"CATEGORY":4,"ZONEID":"D"}},{"type":"Feature","id":2131,"geometry":{"type":"Polygon","coordinates":[[[-80.5416348871924,25.4036541868542],[-80.5497545775859,25.4036330873911],[-80.5578742724709,25.4036115432465],[-80.5579378579217,25.410903745387],[-80.5580014442708,25.4181959326061],[-80.5573673369865,25.4181995658649],[-80.5559689780927,25.4182075544903],[-80.5539365119146,25.4182191422963],[-80.5531580058382,25.4182235739299],[-80.5519040457365,25.4182307000809],[-80.5513121161514,25.418234061534],[-80.5498715804567,25.4182422310897],[-80.5478391061938,25.4182537296431],[-80.5470152594501,25.4182583892668],[-80.5458066310325,25.4182652103455],[-80.5451213790658,25.4182690740276],[-80.5437741594645,25.4182766553472],[-80.5417416852016,25.4182880808752],[-80.5416882848495,25.4109711375512],[-80.5416348871924,25.4036541868542]]]},"properties":{"OBJECTID":2131,"CATEGORY":3,"ZONEID":"C"}},{"type":"Feature","id":2132,"geometry":{"type":"Polygon","coordinates":[[[-80.5738244532286,25.4035403339384],[-80.5738245331787,25.4035403347498],[-80.5820250997955,25.4034997562583],[-80.5902257463623,25.4034587241489],[-80.590343751753,25.4180862272873],[-80.5740587572109,25.4182526813697],[-80.5740587104985,25.418252691106],[-80.5739415764737,25.4108965125088],[-80.5738244532286,25.4035403339384]]]},"properties":{"OBJECTID":2132,"CATEGORY":2,"ZONEID":"B"}},{"type":"Feature","id":2133,"geometry":{"type":"Polygon","coordinates":[[[-80.5580014442708,25.4181959326061],[-80.5579378579217,25.410903745387],[-80.5578742724709,25.4036115432465],[-80.5658493574599,25.4035761540392],[-80.5738244532286,25.4035403339384],[-80.5739415764737,25.4108965125088],[-80.5740587104985,25.418252691106],[-80.5693811693394,25.4182363171071],[-80.5660300886136,25.4182245053681],[-80.565312478432,25.4182219682538],[-80.5640229252821,25.4182174019348],[-80.5628180257713,25.4182131268929],[-80.5620157655439,25.4182102765944],[-80.5612142428333,25.4182074238617],[-80.5600086022124,25.4182031212333],[-80.5588045534062,25.4181988153593],[-80.5580014442708,25.4181959326061]]]},"properties":{"OBJECTID":2133,"CATEGORY":3,"ZONEID":"C"}},{"type":"Feature","id":2134,"geometry":{"type":"Polygon","coordinates":[[[-80.5902257463623,25.4034587241489],[-80.5982234572183,25.403419632219],[-80.606221169871,25.4033801093927],[-80.6063382329289,25.4179209778437],[-80.590343751753,25.4180862272873],[-80.5902257463623,25.4034587241489]]]},"properties":{"OBJECTID":2134,"CATEGORY":2,"ZONEID":"B"}},{"type":"Feature","id":2135,"geometry":{"type":"Polygon","coordinates":[[[-80.606221169871,25.4033801093927],[-80.6142181593798,25.4033404778182],[-80.6222151524818,25.4033004169695],[-80.6223356048832,25.4177539545396],[-80.6063382329289,25.4179209778437],[-80.606221169871,25.4033801093927]]]},"properties":{"OBJECTID":2135,"CATEGORY":2,"ZONEID":"B"}},{"type":"Feature","id":2136,"geometry":{"type":"Polygon","coordinates":[[[-80.6222151524818,25.4033004169695],[-80.630213519108,25.4032605313824],[-80.6382118857341,25.4032202084061],[-80.6383373947523,25.4175851443859],[-80.6223356048832,25.4177539545396],[-80.6222151524818,25.4033004169695]]]},"properties":{"OBJECTID":2136,"CATEGORY":2,"ZONEID":"B"}},{"type":"Feature","id":2137,"geometry":{"type":"Polygon","coordinates":[[[-80.6382118857341,25.4032202084061],[-80.6462082356424,25.4031801824102],[-80.6542045855508,25.4031397214591],[-80.6543264860365,25.417414728309],[-80.6383373947523,25.4175851443859],[-80.6382118857341,25.4032202084061]]]},"properties":{"OBJECTID":2137,"CATEGORY":2,"ZONEID":"B"}},{"type":"Feature","id":2138,"geometry":{"type":"Polygon","coordinates":[[[-80.6542045855508,25.4031397214591],[-80.6698764978778,25.4030591646728],[-80.6699199943038,25.417246849126],[-80.6543264860365,25.417414728309],[-80.6542045855508,25.4031397214591]]]},"properties":{"OBJECTID":2138,"CATEGORY":2,"ZONEID":"B"}},{"type":"Feature","id":2139,"geometry":{"type":"Polygon","coordinates":[[[-80.3961106031288,25.3890441074748],[-80.4041556920313,25.3890630872766],[-80.4122008006966,25.3890816255903],[-80.4121767896273,25.3964604737094],[-80.4121527722698,25.4038393153756],[-80.4040767858132,25.4038555752914],[-80.3960008047465,25.4038713945855],[-80.3960557124717,25.3964577543604],[-80.3961106031288,25.3890441074748]]]},"properties":{"OBJECTID":2139,"CATEGORY":2,"ZONEID":"B"}},{"type":"Feature","id":2140,"geometry":{"type":"Polygon","coordinates":[[[-80.4122008006966,25.3890816255903],[-80.4203481888452,25.3890714641308],[-80.4284955877736,25.3890608465775],[-80.4284305290857,25.3964552281493],[-80.4283654560248,25.40384960299],[-80.4202591092066,25.4038446823328],[-80.4121527722698,25.4038393153756],[-80.4121767896273,25.3964604737094],[-80.4122008006966,25.3890816255903]]]},"properties":{"OBJECTID":2140,"CATEGORY":2,"ZONEID":"B"}},{"type":"Feature","id":2141,"geometry":{"type":"Polygon","coordinates":[[[-80.4284955877736,25.3890608465775],[-80.436513084922,25.3891590566786],[-80.44453060363,25.3892568244038],[-80.4445180137413,25.3965684985994],[-80.4445054103778,25.4038801623442],[-80.4364354273622,25.4038651058179],[-80.4283654560248,25.40384960299],[-80.4284305290857,25.3964552281493],[-80.4284955877736,25.3890608465775]]]},"properties":{"OBJECTID":2141,"CATEGORY":2,"ZONEID":"B"}},{"type":"Feature","id":2142,"geometry":{"type":"Polygon","coordinates":[[[-80.44453060363,25.3892568244038],[-80.4527906746512,25.3892852279137],[-80.4610507555539,25.3893131672092],[-80.4609785031572,25.3966165777066],[-80.4609062327943,25.4039199852445],[-80.4527058143995,25.4039003018144],[-80.4445054103778,25.4038801623442],[-80.4445180137413,25.3965684985994],[-80.44453060363,25.3892568244038]]]},"properties":{"OBJECTID":2142,"CATEGORY":2,"ZONEID":"B"}},{"type":"Feature","id":2143,"geometry":{"type":"Polygon","coordinates":[[[-80.4930902993446,25.3892108686323],[-80.5011439285304,25.3891387175408],[-80.5091975559195,25.3890661306019],[-80.5092535649791,25.3964376818142],[-80.5093095704455,25.4038092258432],[-80.5012650618548,25.4038400424385],[-80.4932205577557,25.4038704184064],[-80.4931554272026,25.3965406470025],[-80.4930902993446,25.3892108686323]]]},"properties":{"OBJECTID":2143,"CATEGORY":2,"ZONEID":"B"}},{"type":"Feature","id":2144,"geometry":{"type":"Polygon","coordinates":[[[-80.2062774009698,25.3970556696321],[-80.2059757772401,25.3830131846351],[-80.221836376201,25.3827476745791],[-80.2222002819259,25.3967940580752],[-80.2062774009698,25.3970556696321]]]},"properties":{"OBJECTID":2144,"CATEGORY":1,"ZONEID":"A"}},{"type":"Feature","id":2146,"geometry":{"type":"Polygon","coordinates":[[[-80.5901086321004,25.3889419255338],[-80.5981066420954,25.3889251085054],[-80.6061046574803,25.3889078556699],[-80.6061629150231,25.3961439844159],[-80.606221169871,25.4033801093927],[-80.5982234572183,25.403419632219],[-80.5902257463623,25.4034587241489],[-80.5901671905789,25.3962003280641],[-80.5901086321004,25.3889419255338]]]},"properties":{"OBJECTID":2146,"CATEGORY":2,"ZONEID":"B"}},{"type":"Feature","id":2147,"geometry":{"type":"Polygon","coordinates":[[[-80.7810000514605,25.7343100634451],[-80.7947900552511,25.7342699626485],[-80.7950100553591,25.7477800669697],[-80.7949701548892,25.7498500670219],[-80.7783600510625,25.7497600678401],[-80.7784800507132,25.7343400635741],[-80.7810000514605,25.7343100634451]]]},"properties":{"OBJECTID":2147,"CATEGORY":5,"ZONEID":"E"}},{"type":"Feature","id":2148,"geometry":{"type":"Polygon","coordinates":[[[-80.6829701177785,25.5288400139052],[-80.697050021386,25.5288200136887],[-80.6971900220263,25.5432466174668],[-80.6828610416417,25.5434101069487],[-80.6828601181736,25.5434101174854],[-80.6829238231004,25.5349727499816],[-80.6829238293886,25.5349719596759],[-80.6829701177785,25.5288400139052]]]},"properties":{"OBJECTID":2148,"CATEGORY":4,"ZONEID":"D"}},{"type":"Feature","id":2149,"geometry":{"type":"Polygon","coordinates":[[[-80.8574300642049,25.3940133757163],[-80.8573700639305,25.3794400716964],[-80.8616401652094,25.379670071877],[-80.8731600687848,25.3795999725335],[-80.8731600687848,25.3826900731704],[-80.8731700688305,25.3836799730884],[-80.8731900698202,25.394289976364],[-80.8618699650387,25.3940001763402],[-80.8574300642049,25.3940133757163]]]},"properties":{"OBJECTID":2149,"CATEGORY":2,"ZONEID":"B"}},{"type":"Feature","id":2150,"geometry":{"type":"Polygon","coordinates":[[[-80.8097001504033,25.394450076645],[-80.8094699499252,25.3798998727739],[-80.8140699521023,25.3798400737756],[-80.8257499543259,25.379780073467],[-80.8256800555153,25.3943233760179],[-80.814040151391,25.3944599763431],[-80.8097001504033,25.394450076645]]]},"properties":{"OBJECTID":2150,"CATEGORY":2,"ZONEID":"B"}},{"type":"Feature","id":2151,"geometry":{"type":"Polygon","coordinates":[[[-80.7935099460899,25.4090732810677],[-80.7931567455882,25.3946332765184],[-80.797580046454,25.3947499773302],[-80.8097001504033,25.394450076645],[-80.8096800514971,25.4091066806867],[-80.7975400471693,25.4090199805731],[-80.7935099460899,25.4090732810677]]]},"properties":{"OBJECTID":2151,"CATEGORY":3,"ZONEID":"C"}},{"type":"Feature","id":2152,"geometry":{"type":"Polygon","coordinates":[[[-80.7774801413604,25.4094098814885],[-80.7775800421049,25.3948500785006],[-80.7817401428806,25.3947698773044],[-80.7931567455882,25.3946332765184],[-80.7935099460899,25.4090732810677],[-80.7816599430886,25.4094600813893],[-80.7774801413604,25.4094098814885]]]},"properties":{"OBJECTID":2152,"CATEGORY":3,"ZONEID":"C"}},{"type":"Feature","id":2153,"geometry":{"type":"Polygon","coordinates":[[[-80.331581931206,25.4039309934226],[-80.3316460727141,25.3892435660759],[-80.3477405148215,25.3892136335915],[-80.347635177473,25.3966078662253],[-80.3475295418837,25.4040219500183],[-80.331581931206,25.4039309934226]]]},"properties":{"OBJECTID":2153,"CATEGORY":1,"ZONEID":"A"}},{"type":"Feature","id":2154,"geometry":{"type":"Polygon","coordinates":[[[-80.3477405148215,25.3892136335915],[-80.3557305046576,25.3892223269408],[-80.3637204998836,25.3892305828627],[-80.3636446632089,25.4037833615467],[-80.3475295418837,25.4040219500183],[-80.347635177473,25.3966078662253],[-80.3477405148215,25.3892136335915]]]},"properties":{"OBJECTID":2154,"CATEGORY":1,"ZONEID":"A"}},{"type":"Feature","id":2155,"geometry":{"type":"Polygon","coordinates":[[[-80.3317837952269,25.3746060862287],[-80.347775775493,25.3745381583595],[-80.3477581514454,25.3818758973337],[-80.3477405148215,25.3892136335915],[-80.3316460727141,25.3892435660759],[-80.3317837952269,25.3746060862287]]]},"properties":{"OBJECTID":2155,"CATEGORY":1,"ZONEID":"A"}},{"type":"Feature","id":2156,"geometry":{"type":"Polygon","coordinates":[[[-80.347775775493,25.3745381583595],[-80.3557323021864,25.3745000862375],[-80.3636888333715,25.3744615839282],[-80.36370467067,25.3818460880095],[-80.3637204998836,25.3892305828627],[-80.3557305046576,25.3892223269408],[-80.3477405148215,25.3892136335915],[-80.3477581514454,25.3818758973337],[-80.347775775493,25.3745381583595]]]},"properties":{"OBJECTID":2156,"CATEGORY":1,"ZONEID":"A"}},{"type":"Feature","id":2157,"geometry":{"type":"Polygon","coordinates":[[[-80.3006341557946,25.3599129040144],[-80.3159175278966,25.3598702595696],[-80.3158170962478,25.3746568395415],[-80.300859362538,25.3747417429983],[-80.3006341557946,25.3599129040144]]]},"properties":{"OBJECTID":2157,"CATEGORY":1,"ZONEID":"A"}},{"type":"Feature","id":2158,"geometry":{"type":"Polygon","coordinates":[[[-80.3159175278966,25.3598702595696],[-80.3318281585273,25.3597627424786],[-80.3317837952269,25.3746060862287],[-80.3158170962478,25.3746568395415],[-80.3159175278966,25.3598702595696]]]},"properties":{"OBJECTID":2158,"CATEGORY":1,"ZONEID":"A"}},{"type":"Feature","id":2159,"geometry":{"type":"Polygon","coordinates":[[[-80.3318281585273,25.3597627424786],[-80.3477141501661,25.3596187638658],[-80.3477449740585,25.3670784571807],[-80.347775775493,25.3745381583595],[-80.3317837952269,25.3746060862287],[-80.3318281585273,25.3597627424786]]]},"properties":{"OBJECTID":2159,"CATEGORY":1,"ZONEID":"A"}},{"type":"Feature","id":2179,"geometry":{"type":"Polygon","coordinates":[[[-80.7324607250456,25.2594705692704],[-80.7167315918316,25.2595579834659],[-80.716760019917,25.2436601406979],[-80.7323801246049,25.2435600404231],[-80.7324607250456,25.2594705692704]]]},"properties":{"OBJECTID":2179,"CATEGORY":1,"ZONEID":"A"}},{"type":"Feature","id":2180,"geometry":{"type":"Polygon","coordinates":[[[-80.7006778883223,25.2596472003616],[-80.6844605818368,25.2597373271029],[-80.6843610098756,25.24379674125],[-80.7007000156244,25.2437600410085],[-80.7006778883223,25.2596472003616]]]},"properties":{"OBJECTID":2180,"CATEGORY":1,"ZONEID":"A"}},{"type":"Feature","id":2181,"geometry":{"type":"Polygon","coordinates":[[[-80.6844605818368,25.2597373271029],[-80.6721785448794,25.2598055834251],[-80.6722850069186,25.2439600412647],[-80.6722874997435,25.2439599770751],[-80.6824776101358,25.2436974414278],[-80.6843610098756,25.24379674125],[-80.6844605818368,25.2597373271029]]]},"properties":{"OBJECTID":2181,"CATEGORY":1,"ZONEID":"A"}},{"type":"Feature","id":2182,"geometry":{"type":"Polygon","coordinates":[[[-80.7976270076822,25.2591084102642],[-80.7809339713886,25.2592011810342],[-80.7808300381066,25.2432400392893],[-80.7975100434388,25.2431300379686],[-80.7976270076822,25.2591084102642]]]},"properties":{"OBJECTID":2182,"CATEGORY":1,"ZONEID":"A"}},{"type":"Feature","id":2183,"geometry":{"type":"Polygon","coordinates":[[[-80.7809339713886,25.2592011810342],[-80.7652567670862,25.2592883062009],[-80.7652200340758,25.2433499397567],[-80.7808300381066,25.2432400392893],[-80.7809339713886,25.2592011810342]]]},"properties":{"OBJECTID":2183,"CATEGORY":1,"ZONEID":"A"}},{"type":"Feature","id":2184,"geometry":{"type":"Polygon","coordinates":[[[-80.7490783136351,25.2593782171041],[-80.7324607250456,25.2594705692704],[-80.7323801246049,25.2435600404231],[-80.7490600293256,25.243450039392],[-80.7490783136351,25.2593782171041]]]},"properties":{"OBJECTID":2184,"CATEGORY":1,"ZONEID":"A"}},{"type":"Feature","id":2185,"geometry":{"type":"Polygon","coordinates":[[[-80.8613897077217,25.2587540494805],[-80.8449401256498,25.2588454686432],[-80.844890057149,25.242790037615],[-80.8579700612851,25.2426925375472],[-80.8618500619653,25.2427401374484],[-80.8618800621025,25.249500139159],[-80.86123516156,25.2496999390323],[-80.8611100621736,25.2505750397722],[-80.8609450623172,25.2514899390349],[-80.8618800630009,25.2517999388251],[-80.8617350623376,25.2527150392917],[-80.8611700615497,25.253020040104],[-80.8615299616868,25.2536300402437],[-80.8617925626006,25.2545374394689],[-80.8615725624926,25.257589940348],[-80.8614350627619,25.2586125416191],[-80.8613897077217,25.2587540494805]]]},"properties":{"OBJECTID":2185,"CATEGORY":1,"ZONEID":"A"}},{"type":"Feature","id":2186,"geometry":{"type":"Polygon","coordinates":[[[-80.8291318230115,25.2589333228113],[-80.8127982233244,25.2590240959608],[-80.8127300474823,25.2430200381733],[-80.8290801528146,25.2429000376184],[-80.8291318230115,25.2589333228113]]]},"properties":{"OBJECTID":2186,"CATEGORY":1,"ZONEID":"A"}},{"type":"Feature","id":2187,"geometry":{"type":"Polygon","coordinates":[[[-80.7976270076822,25.2591084102642],[-80.8127982233244,25.2590240959608],[-80.8128592890007,25.2733570162884],[-80.8128780485187,25.2777600471658],[-80.8024900455575,25.2778001479796],[-80.7977641444934,25.2778400481421],[-80.7977315670896,25.2733906093621],[-80.7976270076822,25.2591084102642]]]},"properties":{"OBJECTID":2187,"CATEGORY":1,"ZONEID":"A"}},{"type":"Feature","id":2188,"geometry":{"type":"Polygon","coordinates":[[[-80.7490783136351,25.2593782171041],[-80.7652567670862,25.2592883062009],[-80.7652894370164,25.2734626499593],[-80.7653000353401,25.2780599480021],[-80.7533001313657,25.2781799487438],[-80.7490999297957,25.2782061485786],[-80.7490945246327,25.2734986125665],[-80.7490783136351,25.2593782171041]]]},"properties":{"OBJECTID":2188,"CATEGORY":1,"ZONEID":"A"}},{"type":"Feature","id":2189,"geometry":{"type":"Polygon","coordinates":[[[-80.7167315918316,25.2595579834659],[-80.7324607250456,25.2594705692704],[-80.7325319839054,25.2735353907407],[-80.7325561261286,25.2783000492794],[-80.7208300214663,25.2783700497234],[-80.716698020891,25.2783300498228],[-80.7167065333267,25.2735705328749],[-80.7167315918316,25.2595579834659]]]},"properties":{"OBJECTID":2189,"CATEGORY":1,"ZONEID":"A"}},{"type":"Feature","id":2190,"geometry":{"type":"Polygon","coordinates":[[[-80.6845761114705,25.2782299505071],[-80.6845474471281,25.2736419446235],[-80.6844605818368,25.2597373271029],[-80.7006778883223,25.2596472003616],[-80.7006584442879,25.2736061688942],[-80.7006520159437,25.2782200494188],[-80.6886000123778,25.2782000498516],[-80.6845761114705,25.2782299505071]]]},"properties":{"OBJECTID":2190,"CATEGORY":1,"ZONEID":"A"}},{"type":"Feature","id":2191,"geometry":{"type":"Polygon","coordinates":[[[-80.6721785448794,25.2598055834251],[-80.6844605818368,25.2597373271029],[-80.6845474471281,25.2736419446235],[-80.6845761114705,25.2782299505071],[-80.6723567086479,25.2783467506338],[-80.6722776074957,25.2771811503519],[-80.6721946840118,25.273669375302],[-80.6721785448794,25.2598055834251]]]},"properties":{"OBJECTID":2191,"CATEGORY":1,"ZONEID":"A"}},{"type":"Feature","id":2192,"geometry":{"type":"Polygon","coordinates":[[[-80.7809339713886,25.2592011810342],[-80.7976270076822,25.2591084102642],[-80.7977315670896,25.2733906093621],[-80.7977641444934,25.2778400481421],[-80.7854501409866,25.2779300484665],[-80.7810561395722,25.2779600482891],[-80.7810266200336,25.2734277035651],[-80.7809339713886,25.2592011810342]]]},"properties":{"OBJECTID":2192,"CATEGORY":1,"ZONEID":"A"}},{"type":"Feature","id":2193,"geometry":{"type":"Polygon","coordinates":[[[-80.7652567670862,25.2592883062009],[-80.7809339713886,25.2592011810342],[-80.7810266200336,25.2734277035651],[-80.7810561395722,25.2779600482891],[-80.7695600359619,25.2780200487242],[-80.7653000353401,25.2780599480021],[-80.7652894370164,25.2734626499593],[-80.7652567670862,25.2592883062009]]]},"properties":{"OBJECTID":2193,"CATEGORY":1,"ZONEID":"A"}},{"type":"Feature","id":2194,"geometry":{"type":"Polygon","coordinates":[[[-80.8449401256498,25.2588454686432],[-80.8613897077217,25.2587540494805],[-80.8611650624253,25.2594549415096],[-80.8611801622069,25.2604200413329],[-80.8615299625853,25.2610699424771],[-80.8615551621256,25.2618550425454],[-80.8618449631279,25.2624650421785],[-80.8619289241659,25.2732480519714],[-80.8619601630798,25.2772599462514],[-80.8497500587188,25.2773600463673],[-80.8449980580024,25.2774200462869],[-80.8449851626866,25.2732856774818],[-80.8449401256498,25.2588454686432]]]},"properties":{"OBJECTID":2194,"CATEGORY":1,"ZONEID":"A"}},{"type":"Feature","id":2195,"geometry":{"type":"Polygon","coordinates":[[[-80.8127982233244,25.2590240959608],[-80.8291318230115,25.2589333228113],[-80.8291781949447,25.2733207782594],[-80.8291920532546,25.2776200471582],[-80.8175400497218,25.2777400467105],[-80.8128780485187,25.2777600471658],[-80.8128592890007,25.2733570162884],[-80.8127982233244,25.2590240959608]]]},"properties":{"OBJECTID":2195,"CATEGORY":1,"ZONEID":"A"}},{"type":"Feature","id":2196,"geometry":{"type":"Polygon","coordinates":[[[-80.5906550925589,25.6011331093563],[-80.5903731446289,25.5938718562169],[-80.5903732191891,25.5938718829526],[-80.5903732811728,25.5938718829526],[-80.6064509741918,25.5938761079966],[-80.606451026294,25.5938761136678],[-80.6069665891985,25.6083284409412],[-80.5989518265218,25.6083615972455],[-80.5909370683367,25.6083943136709],[-80.5906550925589,25.6011331093563]]]},"properties":{"OBJECTID":2196,"CATEGORY":4,"ZONEID":"D"}},{"type":"Feature","id":2197,"geometry":{"type":"Polygon","coordinates":[[[-80.5903732185902,25.5938718651288],[-80.5905493374937,25.579188290903],[-80.6065897800728,25.5791845782418],[-80.606451026294,25.5938761136678],[-80.6064509741918,25.5938761079966],[-80.5903732811728,25.5938718829526],[-80.5903732185902,25.5938718651288]]]},"properties":{"OBJECTID":2197,"CATEGORY":4,"ZONEID":"D"}},{"type":"Feature","id":2198,"geometry":{"type":"Polygon","coordinates":[[[-80.606451026294,25.5938761136678],[-80.6064512877037,25.5938761079966],[-80.6142164364108,25.5938775590136],[-80.6152319917209,25.5938777161869],[-80.6224805300878,25.5938786324907],[-80.622480607343,25.5938786324907],[-80.6229966535411,25.6082748302641],[-80.6149816204715,25.6083018543256],[-80.6069665891985,25.6083284409412],[-80.606451026294,25.5938761136678]]]},"properties":{"OBJECTID":2198,"CATEGORY":4,"ZONEID":"D"}},{"type":"Feature","id":2199,"geometry":{"type":"Polygon","coordinates":[[[-80.6353200956468,25.1994500312431],[-80.6402540959381,25.1993620300469],[-80.6423174965013,25.1994526306531],[-80.6515202002928,25.1994200307316],[-80.6515600998645,25.2139501348745],[-80.635299994944,25.2139799351252],[-80.6353200956468,25.1994500312431]]]},"properties":{"OBJECTID":2199,"CATEGORY":1,"ZONEID":"A"}},{"type":"Feature","id":2200,"geometry":{"type":"Polygon","coordinates":[[[-80.6515901000017,25.2287300380315],[-80.6352800954638,25.2287601377718],[-80.635299994944,25.2139799351252],[-80.6515600998645,25.2139501348745],[-80.6515901000017,25.2287300380315]]]},"properties":{"OBJECTID":2200,"CATEGORY":1,"ZONEID":"A"}},{"type":"Feature","id":2204,"geometry":{"type":"Polygon","coordinates":[[[-80.8447225563828,25.2148749307716],[-80.8447226614857,25.2133046931542],[-80.8580600607985,25.2133300292318],[-80.8580201603285,25.2281800338518],[-80.8447901573029,25.2282300334481],[-80.8447225563828,25.2148749307716]]]},"properties":{"OBJECTID":2204,"CATEGORY":1,"ZONEID":"A"}},{"type":"Feature","id":2205,"geometry":{"type":"Polygon","coordinates":[[[-80.8033067444064,25.2134700301869],[-80.8125912595676,25.2134339750394],[-80.812600147499,25.2153068308861],[-80.8126299473119,25.2283299350632],[-80.7973901426028,25.2283800345514],[-80.7972701429522,25.2135501312067],[-80.8033067444064,25.2134700301869]]]},"properties":{"OBJECTID":2205,"CATEGORY":1,"ZONEID":"A"}},{"type":"Feature","id":2206,"geometry":{"type":"Polygon","coordinates":[[[-80.6215400910037,25.2145299344327],[-80.6220399917812,25.214190035341],[-80.6229675921436,25.2140203349461],[-80.6243366920102,25.214046634768],[-80.6260399930103,25.2140525351599],[-80.6287580938374,25.2139539343723],[-80.6298099940857,25.2142344353243],[-80.635299994944,25.2139799351252],[-80.6352800954638,25.2287601377718],[-80.6276830484959,25.2287745302233],[-80.6192000910796,25.228790138364],[-80.6192081480694,25.2257124403074],[-80.6192350903414,25.2154174360339],[-80.6198900906426,25.2153349362884],[-80.6204800906465,25.2146500353199],[-80.6215400910037,25.2145299344327]]]},"properties":{"OBJECTID":2206,"CATEGORY":1,"ZONEID":"A"}},{"type":"Feature","id":2207,"geometry":{"type":"Polygon","coordinates":[[[-80.6192000910796,25.228790138364],[-80.6276830484959,25.2287745302233],[-80.6352800954638,25.2287601377718],[-80.6349202734801,25.2441167839816],[-80.634920196225,25.2441201429608],[-80.6207703848238,25.2442189833612],[-80.6206676786408,25.2442197081331],[-80.6191750918636,25.2442300426322],[-80.6192000910796,25.228790138364]]]},"properties":{"OBJECTID":2207,"CATEGORY":1,"ZONEID":"A"}},{"type":"Feature","id":2208,"geometry":{"type":"Polygon","coordinates":[[[-80.5732718554799,25.2732612263439],[-80.5731692040941,25.2588242634917],[-80.5877193901258,25.2589769281509],[-80.5890807797523,25.2589911382903],[-80.5890916817066,25.2603731437875],[-80.5891942046334,25.2733698535325],[-80.5732718554799,25.2732612263439]]]},"properties":{"OBJECTID":2208,"CATEGORY":1,"ZONEID":"A"}},{"type":"Feature","id":2209,"geometry":{"type":"Polygon","coordinates":[[[-80.6050564744607,25.2591569615821],[-80.6049811462325,25.2497703134627],[-80.6049369042047,25.2442573483264],[-80.604939397928,25.2442573434512],[-80.6049547402547,25.2442573166379],[-80.6185299909968,25.2442399432425],[-80.6191742447523,25.2442300556326],[-80.6191750918636,25.2442300426322],[-80.6206676786408,25.2442197081331],[-80.6208272050622,25.2593189638196],[-80.6107574940708,25.2592157185543],[-80.6050564744607,25.2591569615821]]]},"properties":{"OBJECTID":2209,"CATEGORY":1,"ZONEID":"A"}},{"type":"Feature","id":2210,"geometry":{"type":"MultiPolygon","coordinates":[[[[-80.7319040228942,25.1672300202402],[-80.7319100218436,25.1701000216559],[-80.716630118137,25.1701400222068],[-80.716600118898,25.1555601181517],[-80.717760018203,25.1556350175318],[-80.7184151182172,25.15556991783],[-80.7261701195548,25.1557600177736],[-80.7256851200312,25.156885118264],[-80.7250601207655,25.1574001183637],[-80.724260020088,25.158000017795],[-80.7236101195227,25.158960118582],[-80.7228800191654,25.1594199189664],[-80.7226301204298,25.1601600194882],[-80.7228000187995,25.1607300197113],[-80.7231226199877,25.1618876192899],[-80.7236900192773,25.1626999200047],[-80.7247500205328,25.1651800196856],[-80.7253901204784,25.1657400203432],[-80.7268775203831,25.1662275208291],[-80.7276500212218,25.1667100207837],[-80.7286701220073,25.1670101207447],[-80.7293901217075,25.1671500204682],[-80.7302876222197,25.1670726207444],[-80.7313751227026,25.1675150208309],[-80.7319040228942,25.1672300202402]]],[[[-80.7319040228942,25.1672300202402],[-80.7313151215299,25.1667100207837],[-80.7307000216986,25.1657199209688],[-80.7296751221129,25.1649951208907],[-80.729030146112,25.1632699864126],[-80.7290301218574,25.1632699197413],[-80.7292550222753,25.1620901201333],[-80.7292600213999,25.1610700192037],[-80.7296425213529,25.1598150185941],[-80.7307201224014,25.1595800180392],[-80.7318000222388,25.1601968189297],[-80.7319040228942,25.1672300202402]]]]},"properties":{"OBJECTID":2210,"CATEGORY":1,"ZONEID":"A"}},{"type":"Feature","id":2211,"geometry":{"type":"Polygon","coordinates":[[[-80.7005900142228,25.1847901257456],[-80.7005600140855,25.1701700226113],[-80.716630118137,25.1701400222068],[-80.7165767177849,25.1758132243194],[-80.7165034188509,25.1771034229738],[-80.7167378351226,25.184743068151],[-80.7135835168851,25.1847333252829],[-80.7005900142228,25.1847901257456]]]},"properties":{"OBJECTID":2211,"CATEGORY":1,"ZONEID":"A"}},{"type":"Feature","id":2212,"geometry":{"type":"Polygon","coordinates":[[[-80.7486901282445,25.1846600240971],[-80.7487367274515,25.1833734238058],[-80.7486267269483,25.1743833215538],[-80.7485900271757,25.1700601210933],[-80.760010330044,25.169980121552],[-80.7610131184973,25.1699821817453],[-80.7648677525506,25.1699900379597],[-80.7649958514119,25.1731023338475],[-80.7651000326285,25.1756334219774],[-80.7650335177716,25.1816104028688],[-80.7650001327824,25.1846101244746],[-80.7545876291702,25.184417424253],[-80.7513600281684,25.1846500243389],[-80.7486901282445,25.1846600240971]]]},"properties":{"OBJECTID":2212,"CATEGORY":1,"ZONEID":"A"}},{"type":"Feature","id":2213,"geometry":{"type":"Polygon","coordinates":[[[-80.6846076090992,25.1708651226009],[-80.6864551085671,25.1702324226162],[-80.7005600140855,25.1701700226113],[-80.7005900142228,25.1847901257456],[-80.6845100089403,25.1848300263639],[-80.6846076090992,25.1708651226009]]]},"properties":{"OBJECTID":2213,"CATEGORY":1,"ZONEID":"A"}},{"type":"Feature","id":2214,"geometry":{"type":"Polygon","coordinates":[[[-80.7485900271757,25.1700601210933],[-80.7485001273754,25.1554900169283],[-80.7551301289568,25.1554700175044],[-80.754800129244,25.1566700177877],[-80.7547500284039,25.1576099177492],[-80.7549200291816,25.1588350183561],[-80.7553300283621,25.1593100175174],[-80.7562049290583,25.159805018424],[-80.7574701297792,25.160390018458],[-80.7585001291008,25.1605500178744],[-80.7592600301693,25.1607800185481],[-80.7598900294578,25.1610100187882],[-80.7607701305013,25.1615000188785],[-80.761780131528,25.1618200186549],[-80.7624401309538,25.1618150182456],[-80.7636300312943,25.1617151181557],[-80.7642501320467,25.1618000186426],[-80.7649468312451,25.1620300185854],[-80.7648433318496,25.1693967203953],[-80.7648677525506,25.1699900379597],[-80.7610131184973,25.1699821817453],[-80.760010330044,25.169980121552],[-80.7485900271757,25.1700601210933]]]},"properties":{"OBJECTID":2214,"CATEGORY":1,"ZONEID":"A"}},{"type":"Feature","id":2215,"geometry":{"type":"Polygon","coordinates":[[[-80.7167401204367,25.2285901367137],[-80.700670015487,25.2286300367917],[-80.7006400144514,25.2138300332965],[-80.7167101194012,25.2137900332745],[-80.7167401204367,25.2285901367137]]]},"properties":{"OBJECTID":2215,"CATEGORY":1,"ZONEID":"A"}},{"type":"Feature","id":2216,"geometry":{"type":"Polygon","coordinates":[[[-80.7005900142228,25.1847901257456],[-80.7135835168851,25.1847333252829],[-80.7167378351226,25.184743068151],[-80.716986718762,25.1928533278441],[-80.716680119264,25.1992400299459],[-80.7006200143601,25.1992900292425],[-80.7005900142228,25.1847901257456]]]},"properties":{"OBJECTID":2216,"CATEGORY":1,"ZONEID":"A"}},{"type":"Feature","id":2217,"geometry":{"type":"Polygon","coordinates":[[[-80.6720000047167,25.1848499266735],[-80.6719442049643,25.1745583234095],[-80.6719448265985,25.1745580226033],[-80.6728302052442,25.174130023408],[-80.6731800056226,25.1735999234478],[-80.6732300058513,25.1728199235311],[-80.6730001063088,25.1717601237334],[-80.6731500045871,25.1710500222511],[-80.6735668058109,25.1702433227557],[-80.6776268064162,25.1702666230508],[-80.6771601064733,25.1722201230128],[-80.6772400062279,25.173120023088],[-80.6774902067975,25.1738001235782],[-80.6778551060591,25.1743950237442],[-80.6786650073563,25.1745588242112],[-80.6800601080606,25.1745999232739],[-80.680695107372,25.1744800235306],[-80.681590108771,25.1730350231663],[-80.6837226086442,25.1722550228873],[-80.6846076090992,25.1708651226009],[-80.6845100089403,25.1848300263639],[-80.6720024975416,25.1848499226089],[-80.6720000047167,25.1848499266735]]]},"properties":{"OBJECTID":2217,"CATEGORY":1,"ZONEID":"A"}},{"type":"Feature","id":2218,"geometry":{"type":"Polygon","coordinates":[[[-80.8270961588308,25.7182331319088],[-80.840969342125,25.7180242055145],[-80.8409618384975,25.7202583808427],[-80.8409618187346,25.7202645437646],[-80.8409205222827,25.7325544070688],[-80.8270706314054,25.7327620592971],[-80.8248639468593,25.7327950232103],[-80.8249247322613,25.7202219665869],[-80.824924816703,25.7202046488907],[-80.8249341897246,25.7182655705499],[-80.827090455427,25.7182332176975],[-80.8270961588308,25.7182331319088]]]},"properties":{"OBJECTID":2218,"CATEGORY":5,"ZONEID":"E"}},{"type":"Feature","id":2220,"geometry":{"type":"Polygon","coordinates":[[[-80.8727323305721,25.7905114255672],[-80.8728160894892,25.7905104501124],[-80.8728653027937,25.8051951983439],[-80.8726449370714,25.8051974255991],[-80.856838893696,25.8053562844299],[-80.8568417709999,25.8043059961028],[-80.8568790394061,25.7906953083659],[-80.8727323305721,25.7905114255672]]]},"properties":{"OBJECTID":2220,"CATEGORY":5,"ZONEID":"E"}},{"type":"Feature","id":2222,"geometry":{"type":"Polygon","coordinates":[[[-80.8139400593053,25.6907599518483],[-80.8250845677032,25.6904904740223],[-80.825012860584,25.7037379951361],[-80.8250055833318,25.7050819800736],[-80.813780160083,25.7051500552366],[-80.8106799590531,25.7052299551152],[-80.8106501592402,25.7039800553074],[-80.8109601588616,25.6908199522069],[-80.8139400593053,25.6907599518483]]]},"properties":{"OBJECTID":2222,"CATEGORY":4,"ZONEID":"D"}},{"type":"Feature","id":2223,"geometry":{"type":"Polygon","coordinates":[[[-80.8408228188173,25.7616147255036],[-80.8569592661474,25.761373268889],[-80.8569191617599,25.7760343021806],[-80.840773583055,25.7762487955788],[-80.8408228188173,25.7616147255036]]]},"properties":{"OBJECTID":2223,"CATEGORY":5,"ZONEID":"E"}},{"type":"Feature","id":2224,"geometry":{"type":"Polygon","coordinates":[[[-80.8410461103526,25.7033427340331],[-80.8570792586115,25.7029457102953],[-80.8570127159069,25.7161413683938],[-80.8570044415248,25.7177810756493],[-80.840969342125,25.7180242055145],[-80.8409790915408,25.7161599970052],[-80.8410461103526,25.7033427340331]]]},"properties":{"OBJECTID":2224,"CATEGORY":4,"ZONEID":"D"}},{"type":"Feature","id":2228,"geometry":{"type":"Polygon","coordinates":[[[-80.7282501263743,25.3646500712727],[-80.7327901273786,25.3647299710327],[-80.7366900284374,25.3647199706796],[-80.7453700313112,25.3647799711625],[-80.745130131723,25.3801999743612],[-80.7329001278818,25.3801000753095],[-80.7289034270631,25.3803034744542],[-80.7282501263743,25.3646500712727]]]},"properties":{"OBJECTID":2228,"CATEGORY":3,"ZONEID":"C"}},{"type":"Feature","id":2229,"geometry":{"type":"Polygon","coordinates":[[[-80.7455400338854,25.4540200928475],[-80.745356833263,25.4390300899501],[-80.7489100349277,25.4390799903454],[-80.7613266386164,25.4387566891525],[-80.7613835379065,25.4539132931234],[-80.7490800348071,25.4541000932166],[-80.7455400338854,25.4540200928475]]]},"properties":{"OBJECTID":2229,"CATEGORY":3,"ZONEID":"C"}},{"type":"Feature","id":2230,"geometry":{"type":"Polygon","coordinates":[[[-80.696910018949,25.409846583493],[-80.7006001193714,25.4097599829038],[-80.7128700218859,25.4095899825727],[-80.7127900233166,25.4246000870885],[-80.7006400198414,25.4246599872262],[-80.6968800188117,25.4247900870326],[-80.696910018949,25.409846583493]]]},"properties":{"OBJECTID":2230,"CATEGORY":3,"ZONEID":"C"}},{"type":"Feature","id":2231,"geometry":{"type":"Polygon","coordinates":[[[-80.6968800188117,25.4247900870326],[-80.7006400198414,25.4246599872262],[-80.7127900233166,25.4246000870885],[-80.7128400244436,25.4393599904547],[-80.700550120041,25.4395200901201],[-80.6971201196226,25.4396266908845],[-80.6968800188117,25.4247900870326]]]},"properties":{"OBJECTID":2231,"CATEGORY":3,"ZONEID":"C"}},{"type":"Feature","id":2232,"geometry":{"type":"Polygon","coordinates":[[[-80.6702798495251,25.4761052757461],[-80.6833326733357,25.4761240366638],[-80.6832800167886,25.4837299024789],[-80.683225566306,25.4908818491144],[-80.6832255627128,25.4908824207761],[-80.6703698122076,25.4908198096113],[-80.670329608107,25.4842439328872],[-80.6702798495251,25.4761052757461]]]},"properties":{"OBJECTID":2232,"CATEGORY":3,"ZONEID":"C"}},{"type":"Feature","id":2233,"geometry":{"type":"Polygon","coordinates":[[[-80.6701898868426,25.4613907125006],[-80.6834389718815,25.4614107563872],[-80.6833801151624,25.4692699987338],[-80.6833326733357,25.4761240366638],[-80.6702798495251,25.4761052757461],[-80.6701898868426,25.4613907125006]]]},"properties":{"OBJECTID":2233,"CATEGORY":3,"ZONEID":"C"}},{"type":"Feature","id":2234,"geometry":{"type":"Polygon","coordinates":[[[-80.6701898868426,25.4613906792469],[-80.6700999205669,25.4466761196528],[-80.6835380282096,25.4467446055447],[-80.6834901156656,25.4545799953592],[-80.6834389745765,25.4614104498042],[-80.6834389718815,25.4614107563872],[-80.6701898868426,25.4613907125006],[-80.6701898868426,25.4613906792469]]]},"properties":{"OBJECTID":2234,"CATEGORY":3,"ZONEID":"C"}},{"type":"Feature","id":2235,"geometry":{"type":"Polygon","coordinates":[[[-80.6700559219826,25.4394800412929],[-80.6700099560878,25.431961497791],[-80.6836325318758,25.4320325256285],[-80.6835822558643,25.4398600539859],[-80.6835380282096,25.4467446055447],[-80.6700999205669,25.4466761196528],[-80.6700559219826,25.4394800412929]]]},"properties":{"OBJECTID":2235,"CATEGORY":3,"ZONEID":"C"}},{"type":"Feature","id":2236,"geometry":{"type":"Polygon","coordinates":[[[-80.6699199943038,25.417246849126],[-80.68373593066,25.4172701174171],[-80.6836822141009,25.4249400622241],[-80.6836325363674,25.4320317800765],[-80.6836325318758,25.4320325256285],[-80.6700099560878,25.431961497791],[-80.6699199943038,25.417246849126]]]},"properties":{"OBJECTID":2236,"CATEGORY":3,"ZONEID":"C"}},{"type":"Feature","id":2237,"geometry":{"type":"Polygon","coordinates":[[[-80.6699199943038,25.417246849126],[-80.6698764978778,25.4030591646728],[-80.6838373504556,25.4031310153175],[-80.68379001463,25.4098499833162],[-80.68373593066,25.4172701174171],[-80.6699199943038,25.417246849126]]]},"properties":{"OBJECTID":2237,"CATEGORY":2,"ZONEID":"B"}},{"type":"Feature","id":2238,"geometry":{"type":"Polygon","coordinates":[[[-80.6698764978778,25.4030591646728],[-80.669832640329,25.3887576344074],[-80.6839401105375,25.3887987526709],[-80.6838910652179,25.3956399684533],[-80.6838373675235,25.4031286961681],[-80.6838373504556,25.4031310153175],[-80.6698764978778,25.4030591646728]]]},"properties":{"OBJECTID":2238,"CATEGORY":2,"ZONEID":"B"}},{"type":"Feature","id":2239,"geometry":{"type":"Polygon","coordinates":[[[-80.669832640329,25.3887576344074],[-80.6697880731111,25.3742278239923],[-80.6840699260793,25.3742769476652],[-80.6840134085731,25.380600031548],[-80.6839401105375,25.3887987526709],[-80.669832640329,25.3887576344074]]]},"properties":{"OBJECTID":2239,"CATEGORY":2,"ZONEID":"B"}},{"type":"Feature","id":2240,"geometry":{"type":"Polygon","coordinates":[[[-80.6697880731111,25.3742278239923],[-80.6697629723854,25.3660478755886],[-80.6697434780455,25.3596926510669],[-80.6725001094117,25.3591800707683],[-80.6721500098944,25.3651998722443],[-80.6841680131251,25.3654039726328],[-80.6840699260793,25.3742769476652],[-80.6697880731111,25.3742278239923]]]},"properties":{"OBJECTID":2240,"CATEGORY":2,"ZONEID":"B"}},{"type":"Feature","id":2241,"geometry":{"type":"Polygon","coordinates":[[[-80.6696988901663,25.3451511838621],[-80.6723151085655,25.3451609844954],[-80.6722201099276,25.3514999687914],[-80.6725001094117,25.3591800707683],[-80.6697434780455,25.3596926510669],[-80.6696988901663,25.3451511838621]]]},"properties":{"OBJECTID":2241,"CATEGORY":2,"ZONEID":"B"}},{"type":"Feature","id":2242,"geometry":{"type":"Polygon","coordinates":[[[-80.3312509271768,25.5222532070163],[-80.3392206087992,25.5222468093199],[-80.3471902994048,25.5222399746795],[-80.347357070739,25.529763803353],[-80.3475238744126,25.5372876756885],[-80.339416483752,25.5373322310396],[-80.3313093059921,25.5373762854519],[-80.3312801197285,25.5298147498757],[-80.3312509271768,25.5222532070163]]]},"properties":{"OBJECTID":2242,"CATEGORY":1,"ZONEID":"A"}},{"type":"Feature","id":2243,"geometry":{"type":"Polygon","coordinates":[[[-80.3471902994048,25.5222399746795],[-80.3555621729497,25.5222955743176],[-80.3639342459206,25.5223508050819],[-80.3639431473268,25.5297669395842],[-80.3639521322762,25.5371830946849],[-80.355738030743,25.5372356283645],[-80.3475238744126,25.5372876756885],[-80.347357070739,25.529763803353],[-80.3471902994048,25.5222399746795]]]},"properties":{"OBJECTID":2243,"CATEGORY":1,"ZONEID":"A"}},{"type":"Feature","id":2244,"geometry":{"type":"Polygon","coordinates":[[[-80.3962847729876,25.5219443442926],[-80.3983163543253,25.5219229996662],[-80.4003479311712,25.5219016307162],[-80.4023795080172,25.5218802301468],[-80.4044110875581,25.5218587979578],[-80.406456816463,25.5218431376548],[-80.4085025435714,25.5218274489768],[-80.4105482724763,25.5218117286809],[-80.4125940013813,25.52179598001],[-80.4126194030425,25.5236274805691],[-80.4126448082971,25.5254589799253],[-80.4126702126533,25.5272904821291],[-80.4126956179079,25.5291219806926],[-80.4127183120469,25.5309591968076],[-80.4127410097792,25.532796411534],[-80.4127637012233,25.5346336281115],[-80.4127863989555,25.5364708424844],[-80.410753857319,25.5364913431616],[-80.4087213102925,25.5365118081707],[-80.4066887713509,25.5365322431857],[-80.404656226121,25.5365526587437],[-80.4026045656402,25.536574935342],[-80.4005529105494,25.5365971803244],[-80.3985012545602,25.536619402607],[-80.396449595876,25.5366415957053],[-80.3964292454415,25.5348008304045],[-80.3964088923121,25.5329600708958],[-80.3963885427759,25.5311193139399],[-80.3963681887482,25.5292785473804],[-80.3963473361555,25.527444997094],[-80.3963264808679,25.5256114495895],[-80.3963056255803,25.5237778983846],[-80.3962847729876,25.5219443442926]]]},"properties":{"OBJECTID":2244,"CATEGORY":2,"ZONEID":"B"}},{"type":"Feature","id":2245,"geometry":{"type":"Polygon","coordinates":[[[-80.4125940013813,25.52179598001],[-80.4146379354522,25.5217759299797],[-80.4166818731165,25.5217558564371],[-80.4187258089841,25.5217357488433],[-80.4207697457501,25.5217156193584],[-80.4228052949462,25.5216955547229],[-80.4248408477356,25.5216754609003],[-80.4268763960334,25.5216553419439],[-80.4289119488229,25.5216351954216],[-80.4289272543187,25.5234995393896],[-80.4289425661027,25.5253638868176],[-80.4289578751918,25.5272282304072],[-80.4289731824842,25.5290925733981],[-80.4289905981226,25.5308956743514],[-80.4290080200493,25.5326987717091],[-80.429025433891,25.5345018695218],[-80.4290428495296,25.5363049661656],[-80.4270106923719,25.5363256865332],[-80.4249785388075,25.536346377717],[-80.4229463852431,25.5363670429593],[-80.4209142343737,25.5363876773968],[-80.4188822712521,25.5364085104179],[-80.4168503153171,25.5364293150659],[-80.4148183593821,25.5364500945829],[-80.4127863989555,25.5364708424844],[-80.4127637012233,25.5346336281115],[-80.4127410097792,25.532796411534],[-80.4127183120469,25.5309591968076],[-80.4126956179079,25.5291219806926],[-80.4126702126533,25.5272904821291],[-80.4126448082971,25.5254589799253],[-80.4126194030425,25.5236274805691],[-80.4125940013813,25.52179598001]]]},"properties":{"OBJECTID":2245,"CATEGORY":3,"ZONEID":"C"}},{"type":"Feature","id":2246,"geometry":{"type":"Polygon","coordinates":[[[-80.4289119488229,25.5216351954216],[-80.4309518359835,25.5216109599259],[-80.4329917231442,25.5215866960521],[-80.4350316094065,25.5215624038003],[-80.4370714992621,25.5215380839812],[-80.4391083123879,25.5215135963503],[-80.4411451246153,25.5214890803412],[-80.4431819377411,25.521464538386],[-80.4452187499685,25.5214399631887],[-80.4452378167104,25.5232792619501],[-80.4452568834523,25.5251185600812],[-80.445275946601,25.5269578494731],[-80.4452950133429,25.528797143093],[-80.4453134889933,25.5306415128576],[-80.4453319619488,25.5324858810145],[-80.4453504375993,25.5343302516139],[-80.4453689060633,25.5361746189791],[-80.4433363051379,25.5361905513812],[-80.4413037024159,25.5362064610855],[-80.4392711032872,25.5362223359336],[-80.4372385014635,25.5362381864627],[-80.4351895880308,25.5362549205015],[-80.4331406745982,25.5362716367056],[-80.4310917656571,25.5362883164321],[-80.4290428495296,25.5363049661656],[-80.429025433891,25.5345018695218],[-80.4290080200493,25.5326987717091],[-80.4289905981226,25.5308956743514],[-80.4289731824842,25.5290925733981],[-80.4289578751918,25.5272282304072],[-80.4289425661027,25.5253638868176],[-80.4289272543187,25.5234995393896],[-80.4289119488229,25.5216351954216]]]},"properties":{"OBJECTID":2246,"CATEGORY":3,"ZONEID":"C"}},{"type":"Feature","id":2247,"geometry":{"type":"Polygon","coordinates":[[[-80.4452187499685,25.5214399631887],[-80.4472536074619,25.5214217346554],[-80.4492884703452,25.5214034817995],[-80.4513233242453,25.5213851965144],[-80.4533581844336,25.5213668820426],[-80.4553932548277,25.5213484678567],[-80.4574283234252,25.5213300236734],[-80.4594633920227,25.5213115519247],[-80.4614984606201,25.5212930534214],[-80.4615191596009,25.52312204702],[-80.4615398648699,25.5249510427354],[-80.4615605629524,25.526780035701],[-80.4615812655264,25.5286090275357],[-80.4616016222491,25.5304472509769],[-80.4616219834633,25.5322854794842],[-80.4616423464742,25.534123702517],[-80.4616627014002,25.5359619241258],[-80.4596463599816,25.5359927709173],[-80.4576300149696,25.5360235893311],[-80.4556136663643,25.5360543834202],[-80.4535973249455,25.5360851442683],[-80.4515402188775,25.5361075563173],[-80.4494831173011,25.5361299391819],[-80.4474260121313,25.5361522936727],[-80.4453689060633,25.5361746189791],[-80.4453504375993,25.5343302516139],[-80.4453319619488,25.5324858810145],[-80.4453134889933,25.5306415128576],[-80.4452950133429,25.528797143093],[-80.445275946601,25.5269578494731],[-80.4452568834523,25.5251185600812],[-80.4452378167104,25.5232792619501],[-80.4452187499685,25.5214399631887]]]},"properties":{"OBJECTID":2247,"CATEGORY":3,"ZONEID":"C"}},{"type":"Feature","id":2248,"geometry":{"type":"Polygon","coordinates":[[[-80.446048451033,25.5953776816309],[-80.4469902133358,25.5953463227152],[-80.4480745769018,25.595310208142],[-80.4501007027706,25.5952427070696],[-80.4521268232496,25.5951751776034],[-80.4533988394885,25.5951327672028],[-80.4541529104908,25.5951076165027],[-80.4541529446268,25.5951076173129],[-80.4561783132158,25.5950385606121],[-80.4582036728217,25.5949694706547],[-80.4602290387158,25.5949003579729],[-80.4622543956267,25.5948311974513],[-80.4625249151897,25.6025438957448],[-80.4626717888404,25.6099839111],[-80.4545915497592,25.6103495864312],[-80.4464092270275,25.6106758489176],[-80.4462039017979,25.6032052067419],[-80.446048451033,25.5953776816309]]]},"properties":{"OBJECTID":2248,"CATEGORY":4,"ZONEID":"D"}},{"type":"Feature","id":2249,"geometry":{"type":"Polygon","coordinates":[[[-80.6238729331514,25.716938417354],[-80.6077495428339,25.7173367969842],[-80.6072540348181,25.7024283781978],[-80.6234247995887,25.7025996941297],[-80.6238729331514,25.716938417354]]]},"properties":{"OBJECTID":2249,"CATEGORY":5,"ZONEID":"E"}},{"type":"Feature","id":2250,"geometry":{"type":"Polygon","coordinates":[[[-80.6077495428339,25.7173367969842],[-80.5915641058798,25.7172274511427],[-80.5913139376496,25.7099639213143],[-80.5910637900806,25.7027003811495],[-80.5910478377977,25.7022548862557],[-80.6072540348181,25.7024283781978],[-80.6077495428339,25.7173367969842]]]},"properties":{"OBJECTID":2250,"CATEGORY":5,"ZONEID":"E"}},{"type":"Feature","id":2252,"geometry":{"type":"Polygon","coordinates":[[[-80.6395944872793,25.7027692047807],[-80.6475888501142,25.7027469704792],[-80.6555832120508,25.7027242942232],[-80.6558024647606,25.7099875051285],[-80.6560217381315,25.7172507049275],[-80.6480096811805,25.7172734407342],[-80.6399976242294,25.7172957338311],[-80.6397960467712,25.7100324744584],[-80.6395944872793,25.7027692047807]]]},"properties":{"OBJECTID":2252,"CATEGORY":5,"ZONEID":"E"}},{"type":"Feature","id":2253,"geometry":{"type":"Polygon","coordinates":[[[-80.3196203376836,25.7481192715719],[-80.3276353294307,25.7478785019756],[-80.3356600741869,25.7476369955856],[-80.3359205577715,25.7549308557425],[-80.3361847774494,25.7623286996406],[-80.3279447792832,25.7624575104224],[-80.3197219613968,25.7625855913238],[-80.3196711571759,25.7553524336761],[-80.3196203376836,25.7481192715719]]]},"properties":{"OBJECTID":2253,"CATEGORY":5,"ZONEID":"E"}},{"type":"Feature","id":2254,"geometry":{"type":"Polygon","coordinates":[[[-80.3318693337066,25.581407099092],[-80.3399548324237,25.5813311578377],[-80.3480403634802,25.5812547700837],[-80.3480799010308,25.5900162958947],[-80.3481195697354,25.5987777642293],[-80.3461146827349,25.598827337387],[-80.3452607693786,25.5988484430973],[-80.3441097912427,25.5988768829794],[-80.342191209883,25.5989242671052],[-80.3421049383781,25.5989263977661],[-80.3421048997506,25.5989263977661],[-80.3401000064618,25.5989758849877],[-80.3392068780501,25.5989980479003],[-80.338919063223,25.5990051908756],[-80.3380925035671,25.5990256962434],[-80.3360850024691,25.5990754807438],[-80.3340775076593,25.5991252311978],[-80.3320700829181,25.5991749638082],[-80.3320700424939,25.5991749638082],[-80.3320699957815,25.5991749638082],[-80.3319696377946,25.5902910813748],[-80.3318693337066,25.581407099092]]]},"properties":{"OBJECTID":2254,"CATEGORY":2,"ZONEID":"B"}},{"type":"Feature","id":2255,"geometry":{"type":"Polygon","coordinates":[[[-80.3723676675373,25.566349977875],[-80.3805683608166,25.5662788503219],[-80.3805706874532,25.5665580986372],[-80.3805834084959,25.5680885238203],[-80.3805984525819,25.5698981999551],[-80.3806134993629,25.5717078698099],[-80.3806256760266,25.5731727009181],[-80.380628543449,25.5735175422958],[-80.3806513166398,25.5753590620784],[-80.3806740799491,25.5772005632582],[-80.3806968558348,25.5790420766236],[-80.3807196290254,25.5808835859662],[-80.3807195886013,25.5808835851559],[-80.3725235944092,25.580991422531],[-80.3643276882521,25.5810988425261],[-80.3642472890342,25.5737596802848],[-80.3641670703776,25.5664205689294],[-80.3723676675373,25.566349977875]]]},"properties":{"OBJECTID":2255,"CATEGORY":2,"ZONEID":"B"}},{"type":"Feature","id":2256,"geometry":{"type":"Polygon","coordinates":[[[-80.3948023775974,25.5661379589234],[-80.3968425827617,25.5661181351047],[-80.3968637596462,25.5679521473729],[-80.3968849437172,25.5697861574854],[-80.3969061206017,25.5716201694913],[-80.3969273010795,25.5734541777154],[-80.3969441885085,25.5752980353698],[-80.3969610768359,25.5771418937964],[-80.3969779606716,25.5789857505615],[-80.396994848999,25.580829607283],[-80.3949863184316,25.5808455337479],[-80.3929777896609,25.5808614359029],[-80.3909692599918,25.5808773080762],[-80.3889607312211,25.5808931526986],[-80.3869004576934,25.580890804567],[-80.3848401787758,25.5808884280763],[-80.3827799034515,25.5808860232264],[-80.3807196290254,25.5808835859662],[-80.3806968558348,25.5790420766236],[-80.3806740799491,25.5772005632582],[-80.3806513166398,25.5753590620784],[-80.380628543449,25.5735175422958],[-80.3806256760266,25.5731727009181],[-80.3806134993629,25.5717078698099],[-80.3805984525819,25.5698981999551],[-80.3805834084959,25.5680885238203],[-80.3805706874532,25.5665580986372],[-80.3805683608166,25.5662788503219],[-80.3825967136088,25.5662584900692],[-80.384625060113,25.5662381055024],[-80.3866534093122,25.5662176917591],[-80.388681757613,25.5661972528913],[-80.3907219681672,25.5661775157908],[-80.3927621697382,25.5661577487037],[-80.3948023775974,25.5661379589234]]]},"properties":{"OBJECTID":2256,"CATEGORY":3,"ZONEID":"C"}},{"type":"Feature","id":2257,"geometry":{"type":"Polygon","coordinates":[[[-80.3720325321558,25.5371272968757],[-80.3801130721725,25.5370710054122],[-80.3801131099018,25.5370710078439],[-80.3801255345006,25.5388946950038],[-80.3801379590993,25.5407183746922],[-80.3801503827997,25.5425420663591],[-80.3801628047034,25.5443657521701],[-80.3801747082792,25.5461782092102],[-80.3801866118551,25.547990667214],[-80.3801985154309,25.5498031237472],[-80.3802104118202,25.5516155804282],[-80.3720825521475,25.5516872321379],[-80.3639545613208,25.5517584939753],[-80.3639533503918,25.5444708261807],[-80.3639521322762,25.5371830946849],[-80.3720325321558,25.5371272968757]]]},"properties":{"OBJECTID":2257,"CATEGORY":2,"ZONEID":"B"}},{"type":"Feature","id":2259,"geometry":{"type":"Polygon","coordinates":[[[-80.8417999594712,25.3796866726811],[-80.8416600594421,25.3644300680378],[-80.8459119608532,25.3644399685735],[-80.8500000616591,25.3640200689101],[-80.8570760642026,25.3641199682712],[-80.8573700639305,25.3794400716964],[-80.8463099603382,25.3796900733541],[-80.8417999594712,25.3796866726811]]]},"properties":{"OBJECTID":2259,"CATEGORY":2,"ZONEID":"B"}},{"type":"Feature","id":2260,"geometry":{"type":"Polygon","coordinates":[[[-80.7773999406702,25.3643699699749],[-80.7810000415793,25.3643699699749],[-80.7818700410673,25.3643699699749],[-80.7853300434196,25.364259969776],[-80.7929599444724,25.3643199696755],[-80.7928600455246,25.3798600736013],[-80.7816900429388,25.3799200738702],[-80.7772801404456,25.3800566742602],[-80.7773999406702,25.3643699699749]]]},"properties":{"OBJECTID":2260,"CATEGORY":3,"ZONEID":"C"}},{"type":"Feature","id":2261,"geometry":{"type":"Polygon","coordinates":[[[-80.6838910652179,25.3956399684533],[-80.696696617865,25.3954766797037],[-80.696910018949,25.409846583493],[-80.68379001463,25.4098499833162],[-80.6838373504556,25.4031310153175],[-80.6838373675235,25.4031286961681],[-80.6838910652179,25.3956399684533]]]},"properties":{"OBJECTID":2261,"CATEGORY":3,"ZONEID":"C"}},{"type":"Feature","id":2262,"geometry":{"type":"Polygon","coordinates":[[[-80.7289034270631,25.3803034744542],[-80.7329001278818,25.3801000753095],[-80.745130131723,25.3801999743612],[-80.7453700313112,25.39508657876],[-80.7329001287801,25.3954199794645],[-80.7290301272473,25.3954999789742],[-80.7289034270631,25.3803034744542]]]},"properties":{"OBJECTID":2262,"CATEGORY":3,"ZONEID":"C"}},{"type":"Feature","id":2263,"geometry":{"type":"Polygon","coordinates":[[[-80.712840022647,25.3952899794381],[-80.712880122543,25.3805665753427],[-80.7168900232065,25.3804199748526],[-80.7289034270631,25.3803034744542],[-80.7290301272473,25.3954999789742],[-80.71674012403,25.3953400789062],[-80.712840022647,25.3952899794381]]]},"properties":{"OBJECTID":2263,"CATEGORY":3,"ZONEID":"C"}},{"type":"Feature","id":2264,"geometry":{"type":"Polygon","coordinates":[[[-80.7128100216115,25.3648500717998],[-80.7168900223082,25.3649900716472],[-80.7205200236415,25.3645199715606],[-80.7282501263743,25.3646500712727],[-80.7289034270631,25.3803034744542],[-80.7168900232065,25.3804199748526],[-80.712880122543,25.3805665753427],[-80.7128100216115,25.3648500717998]]]},"properties":{"OBJECTID":2264,"CATEGORY":3,"ZONEID":"C"}},{"type":"Feature","id":2265,"geometry":{"type":"Polygon","coordinates":[[[-80.6841680131251,25.3654039726328],[-80.6877100145948,25.3647799711625],[-80.6922100154162,25.3649299722393],[-80.6966401174269,25.3650399718284],[-80.6968500168779,25.3806532764197],[-80.6840134085731,25.380600031548],[-80.6840699260793,25.3742769476652],[-80.6841680131251,25.3654039726328]]]},"properties":{"OBJECTID":2265,"CATEGORY":3,"ZONEID":"C"}},{"type":"Feature","id":2266,"geometry":{"type":"Polygon","coordinates":[[[-80.745356833263,25.4390300899501],[-80.745570032226,25.424213385635],[-80.7491201338047,25.4242200863018],[-80.7612800376127,25.4238849859753],[-80.7613266386164,25.4387566891525],[-80.7489100349277,25.4390799903454],[-80.745356833263,25.4390300899501]]]},"properties":{"OBJECTID":2266,"CATEGORY":3,"ZONEID":"C"}},{"type":"Feature","id":2267,"geometry":{"type":"Polygon","coordinates":[[[-80.745130131723,25.3801999743612],[-80.7491300332391,25.3802400745301],[-80.7609900362861,25.3801567746279],[-80.7612800367144,25.3950500785255],[-80.7491100331476,25.3950300787814],[-80.7453700313112,25.39508657876],[-80.745130131723,25.3801999743612]]]},"properties":{"OBJECTID":2267,"CATEGORY":3,"ZONEID":"C"}},{"type":"Feature","id":2268,"geometry":{"type":"Polygon","coordinates":[[[-80.7609900362861,25.3801567746279],[-80.7654001373071,25.3800200745226],[-80.7772801404456,25.3800566742602],[-80.7775800421049,25.3948500785006],[-80.7653400373196,25.395050077714],[-80.7612800367144,25.3950500785255],[-80.7609900362861,25.3801567746279]]]},"properties":{"OBJECTID":2268,"CATEGORY":3,"ZONEID":"C"}},{"type":"Feature","id":2269,"geometry":{"type":"Polygon","coordinates":[[[-80.7294300302623,25.5428949162761],[-80.7291601305369,25.5287600122087],[-80.732510032673,25.5287600130193],[-80.7452651350355,25.5284150120328],[-80.7451051361002,25.5427550153907],[-80.7325301315792,25.5430800161944],[-80.7294300302623,25.5428949162761]]]},"properties":{"OBJECTID":2269,"CATEGORY":3,"ZONEID":"C"}}]}