{"type":"FeatureCollection","features":[{"type":"Feature","id":1,"geometry":{"type":"Point","coordinates":[-80.2048880225339,25.8318125376651]},"properties":{"OBJECTID":1,"NAME":"Miami Edison Senior High","ADDRESS":"6161 NW 5th Ct","GRADES":"9-12","ENROLLMNT":591}},{"type":"Feature","id":2,"geometry":{"type":"Point","coordinates":[-80.3442203810407,25.7181784998789]},"properties":{"OBJECTID":2,"NAME":"Blue Lakes K-8 Center","ADDRESS":"9250 SW 52nd Ter","GRADES":"PK-8","ENROLLMNT":351}},{"type":"Feature","id":3,"geometry":{"type":"Point","coordinates":[-80.1843648348718,25.9009727937534]},"properties":{"OBJECTID":3,"NAME":"Arch Creek Elementary","ADDRESS":"702 NE 137th St","GRADES":"PK-5","ENROLLMNT":426}},{"type":"Feature","id":4,"geometry":{"type":"Point","coordinates":[-80.4055108895705,25.7223032208094]},"properties":{"OBJECTID":4,"NAME":"Royal Green Elementary","ADDRESS":"13047 SW 47th St","GRADES":"PK-5","ENROLLMNT":379}},{"type":"Feature","id":5,"geometry":{"type":"Point","coordinates":[-80.4520858142585,25.5367290614381]},"properties":{"OBJECTID":5,"NAME":"Redland Middle","ADDRESS":"16001 SW 248th St","GRADES":"6-8","ENROLLMNT":673}},{"type":"Feature","id":6,"geometry":{"type":"Point","coordinates":[-80.3162978215873,25.8904351157121]},"properties":{"OBJECTID":6,"NAME":"Palm Lakes Elementary","ADDRESS":"7450 W 16th Ave","GRADES":"PK-5","ENROLLMNT":566}},{"type":"Feature","id":7,"geometry":{"type":"Point","coordinates":[-80.2719502741378,25.7164392340127]},"properties":{"OBJECTID":7,"NAME":"Ponce de Leon Middle","ADDRESS":"5801 Augusto St","GRADES":"6-8","ENROLLMNT":781}},{"type":"Feature","id":8,"geometry":{"type":"Point","coordinates":[-80.1872475636528,25.8703788508397]},"properties":{"OBJECTID":8,"NAME":"Miami Shores Elementary","ADDRESS":"10351 NE 5th Ave","GRADES":"PK-5","ENROLLMNT":619}},{"type":"Feature","id":9,"geometry":{"type":"Point","coordinates":[-80.2290709655281,25.843406108191]},"properties":{"OBJECTID":9,"NAME":"Lillie C. Evans K-8 Center","ADDRESS":"1895 NW 75th St","GRADES":"PK-8","ENROLLMNT":268}},{"type":"Feature","id":10,"geometry":{"type":"Point","coordinates":[-80.1910256926849,25.7890466141798]},"properties":{"OBJECTID":10,"NAME":"School Board Adm - Main Building","ADDRESS":"1450 NE 2nd Ave","GRADES":"0","ENROLLMNT":0}},{"type":"Feature","id":11,"geometry":{"type":"Point","coordinates":[-80.4042122472665,25.7015666751285]},"properties":{"OBJECTID":11,"NAME":"Miami Sunset Adult Education","ADDRESS":"13125 SW 72nd St","GRADES":"0","ENROLLMNT":0}},{"type":"Feature","id":12,"geometry":{"type":"Point","coordinates":[-80.2516464317119,25.7399139210347]},"properties":{"OBJECTID":12,"NAME":"English Center","ADDRESS":"3501 SW 28th St","GRADES":"0","ENROLLMNT":0}},{"type":"Feature","id":13,"geometry":{"type":"Point","coordinates":[-80.4299146716992,25.6300423873951]},"properties":{"OBJECTID":13,"NAME":"Jack D. Gordon  Elementary","ADDRESS":"14600 Country Walk Dr","GRADES":"PK-5","ENROLLMNT":792}},{"type":"Feature","id":14,"geometry":{"type":"Point","coordinates":[-80.2312502550512,25.7689609888997]},"properties":{"OBJECTID":14,"NAME":"Former Region Office/Warehouse","ADDRESS":"2201 SW 4th St","GRADES":"0","ENROLLMNT":0}},{"type":"Feature","id":15,"geometry":{"type":"Point","coordinates":[-80.1466819837367,25.8466119911539]},"properties":{"OBJECTID":15,"NAME":"Treasure Island Elementary","ADDRESS":"7540 E Treasure Dr","GRADES":"PK-5","ENROLLMNT":403}},{"type":"Feature","id":16,"geometry":{"type":"Point","coordinates":[-80.2456591962759,25.8779395753037]},"properties":{"OBJECTID":16,"NAME":"School For Advanced Studies North","ADDRESS":"11380 NW 27th Ave","GRADES":"11-12","ENROLLMNT":112}},{"type":"Feature","id":17,"geometry":{"type":"Point","coordinates":[-80.1265249628591,25.8617163019148]},"properties":{"OBJECTID":17,"NAME":"Biscayne Beach Elementary","ADDRESS":"800 77th St","GRADES":"PK-5","ENROLLMNT":536}},{"type":"Feature","id":18,"geometry":{"type":"Point","coordinates":[-80.3900687159875,25.5991523796578]},"properties":{"OBJECTID":18,"NAME":"Robert Morgan Educational Center and Technical College","ADDRESS":"18180 SW 122nd Ave","GRADES":"0","ENROLLMNT":0}},{"type":"Feature","id":19,"geometry":{"type":"Point","coordinates":[-80.1904438269259,25.7897732037458]},"properties":{"OBJECTID":19,"NAME":"Miami-Dade Online Academy","ADDRESS":"1501 NE 2nd Ave","GRADES":"K-12","ENROLLMNT":317}},{"type":"Feature","id":20,"geometry":{"type":"Point","coordinates":[-80.1470426761879,25.9164787927816]},"properties":{"OBJECTID":20,"NAME":"Alonzo and Tracy Mourning Senior High","ADDRESS":"2601 NE 151st St","GRADES":"9-12","ENROLLMNT":1609}},{"type":"Feature","id":21,"geometry":{"type":"Point","coordinates":[-80.1981723800649,25.7935380695923]},"properties":{"OBJECTID":21,"NAME":"Phillis Wheatley Elementary","ADDRESS":"1801 NW 1st Pl","GRADES":"PK-5","ENROLLMNT":147}},{"type":"Feature","id":22,"geometry":{"type":"Point","coordinates":[-80.191885352564,25.7892909247037]},"properties":{"OBJECTID":22,"NAME":"Anna Brenner Meyers Telecommunication Complex","ADDRESS":"172 NE 15th St","GRADES":"0","ENROLLMNT":0}},{"type":"Feature","id":23,"geometry":{"type":"Point","coordinates":[-80.4207100526994,25.7213360618238]},"properties":{"OBJECTID":23,"NAME":"Bent Tree Elementary","ADDRESS":"4861 SW 140th Ave","GRADES":"PK-5","ENROLLMNT":426}},{"type":"Feature","id":24,"geometry":{"type":"Point","coordinates":[-80.3073229871456,25.8949647457844]},"properties":{"OBJECTID":24,"NAME":"Hialeah-Miami Lakes Adult Education","ADDRESS":"7977 W 12th Ave","GRADES":"0","ENROLLMNT":0}},{"type":"Feature","id":25,"geometry":{"type":"Point","coordinates":[-80.2536753603244,25.8495958131948]},"properties":{"OBJECTID":25,"NAME":"Broadmoor Elementary","ADDRESS":"3401 NW 83rd St","GRADES":"PK-5","ENROLLMNT":486}},{"type":"Feature","id":26,"geometry":{"type":"Point","coordinates":[-80.4332072370657,25.7165059818375]},"properties":{"OBJECTID":26,"NAME":"Jane S. Roberts K-8 Center","ADDRESS":"14850 Cottonwood Cir","GRADES":"PK-8","ENROLLMNT":636}},{"type":"Feature","id":27,"geometry":{"type":"Point","coordinates":[-80.3646959642809,25.8205173806585]},"properties":{"OBJECTID":27,"NAME":"John I. Smith K-8 Center","ADDRESS":"10415 NW 52nd St","GRADES":"PK-8","ENROLLMNT":820}},{"type":"Feature","id":28,"geometry":{"type":"Point","coordinates":[-80.2727491252587,25.9212168827004]},"properties":{"OBJECTID":28,"NAME":"Jan Mann Opportunity School","ADDRESS":"16101 NW 44th Ct","GRADES":"6-12","ENROLLMNT":66}},{"type":"Feature","id":29,"geometry":{"type":"Point","coordinates":[-80.2880741917664,25.9499317033796]},"properties":{"OBJECTID":29,"NAME":"Charles David Wyche Jr. Elementary","ADDRESS":"5241 NW 195th Dr","GRADES":"PK-5","ENROLLMNT":564}},{"type":"Feature","id":30,"geometry":{"type":"Point","coordinates":[-80.4391322165576,25.7441022883043]},"properties":{"OBJECTID":30,"NAME":"Miami Arts Studio 6-12 at Zelda Glazer","ADDRESS":"15015 SW 24th St","GRADES":"PK6-12","ENROLLMNT":1795}},{"type":"Feature","id":31,"geometry":{"type":"Point","coordinates":[-80.2318752767747,25.9146439334485]},"properties":{"OBJECTID":31,"NAME":"Rainbow Park Elementary","ADDRESS":"15355 NW 19th Ave","GRADES":"PK-5","ENROLLMNT":173}},{"type":"Feature","id":32,"geometry":{"type":"Point","coordinates":[-80.3558220223238,25.5878970004153]},"properties":{"OBJECTID":32,"NAME":"Bel-Aire Elementary","ADDRESS":"10205 SW 194th St","GRADES":"PK-5","ENROLLMNT":316}},{"type":"Feature","id":33,"geometry":{"type":"Point","coordinates":[-80.2267760107257,25.8053128902053]},"properties":{"OBJECTID":33,"NAME":"Maya Angelou Elementary","ADDRESS":"1850 NW 32nd St","GRADES":"PK-5","ENROLLMNT":648}},{"type":"Feature","id":34,"geometry":{"type":"Point","coordinates":[-80.4604864590452,25.5013726989477]},"properties":{"OBJECTID":34,"NAME":"South Dade Senior High","ADDRESS":"28401 SW 167th Ave","GRADES":"9-12","ENROLLMNT":3351}},{"type":"Feature","id":35,"geometry":{"type":"Point","coordinates":[-80.3381513405233,25.7220485954733]},"properties":{"OBJECTID":35,"NAME":"Southwest Miami Senior High","ADDRESS":"8855 SW 50th Ter","GRADES":"9-12","ENROLLMNT":2573}},{"type":"Feature","id":36,"geometry":{"type":"Point","coordinates":[-80.2578216629774,25.7541437041534]},"properties":{"OBJECTID":36,"NAME":"Coral Gables Preparatory Academy","ADDRESS":"105 Minorca Ave","GRADES":"PK-8","ENROLLMNT":0}},{"type":"Feature","id":37,"geometry":{"type":"Point","coordinates":[-80.3809338017622,25.5644214543037]},"properties":{"OBJECTID":37,"NAME":"Pine Villa Elementary","ADDRESS":"21799 SW 117th Ct","GRADES":"PK-5","ENROLLMNT":235}},{"type":"Feature","id":38,"geometry":{"type":"Point","coordinates":[-80.3538675415904,25.8796846280436]},"properties":{"OBJECTID":38,"NAME":"Hialeah Gardens Senior High","ADDRESS":"11700 Hialeah Gardens Blvd","GRADES":"9-12","ENROLLMNT":2896}},{"type":"Feature","id":39,"geometry":{"type":"Point","coordinates":[-80.3803910441591,25.8512785220332]},"properties":{"OBJECTID":39,"NAME":"Dr. Rolando Espinosa K-8 Center","ADDRESS":"11250 NW 86th St","GRADES":"PK-8","ENROLLMNT":595}},{"type":"Feature","id":40,"geometry":{"type":"Point","coordinates":[-80.2715627499074,25.9333564724394]},"properties":{"OBJECTID":40,"NAME":"Carol City Elementary","ADDRESS":"4375 NW 173rd Dr","GRADES":"PK-5","ENROLLMNT":315}},{"type":"Feature","id":41,"geometry":{"type":"Point","coordinates":[-80.3481136390579,25.8818455003889]},"properties":{"OBJECTID":41,"NAME":"West Hialeah Gardens Elementary","ADDRESS":"11990 NW 92nd Ave","GRADES":"PK-5","ENROLLMNT":1124}},{"type":"Feature","id":42,"geometry":{"type":"Point","coordinates":[-80.1987720782806,25.8209677026451]},"properties":{"OBJECTID":42,"NAME":"Shadowlawn Elementary","ADDRESS":"149 NW 49th St","GRADES":"PK-5","ENROLLMNT":0}},{"type":"Feature","id":43,"geometry":{"type":"Point","coordinates":[-80.2281789734853,25.7627921183006]},"properties":{"OBJECTID":43,"NAME":"Shenandoah Elementary","ADDRESS":"1023 SW 21st Ave","GRADES":"PK-5","ENROLLMNT":816}},{"type":"Feature","id":44,"geometry":{"type":"Point","coordinates":[-80.3220741748154,25.6195267346663]},"properties":{"OBJECTID":44,"NAME":"Southwood Middle","ADDRESS":"16301 SW 80th Ave","GRADES":"6-8","ENROLLMNT":1061}},{"type":"Feature","id":45,"geometry":{"type":"Point","coordinates":[-80.2163586858553,25.9518559589903]},"properties":{"OBJECTID":45,"NAME":"Norland Elementary","ADDRESS":"19340 NW 8th Ct","GRADES":"PK-5","ENROLLMNT":523}},{"type":"Feature","id":46,"geometry":{"type":"Point","coordinates":[-80.4526136786925,25.6320096497994]},"properties":{"OBJECTID":46,"NAME":"Norma Butler Bossard Elementary","ADDRESS":"15950 SW 144th St","GRADES":"PK-5","ENROLLMNT":1003}},{"type":"Feature","id":47,"geometry":{"type":"Point","coordinates":[-80.4914615522246,25.4833516144617]},"properties":{"OBJECTID":47,"NAME":"Redondo Elementary","ADDRESS":"18480 SW 304th St","GRADES":"PK-3","ENROLLMNT":578}},{"type":"Feature","id":48,"geometry":{"type":"Point","coordinates":[-80.4055916391314,25.7447949334361]},"properties":{"OBJECTID":48,"NAME":"W. R. Thomas Middle","ADDRESS":"13001 SW 26th St","GRADES":"6-8","ENROLLMNT":510}},{"type":"Feature","id":49,"geometry":{"type":"Point","coordinates":[-80.2873952010572,25.7296020994573]},"properties":{"OBJECTID":49,"NAME":"David Fairchild Elementary","ADDRESS":"5757 SW 45th St","GRADES":"PK-5","ENROLLMNT":467}},{"type":"Feature","id":50,"geometry":{"type":"Point","coordinates":[-80.3596019381049,25.6296885673231]},"properties":{"OBJECTID":50,"NAME":"Richmond Heights Middle","ADDRESS":"15015 SW 103rd Ave","GRADES":"6-8","ENROLLMNT":342}},{"type":"Feature","id":51,"geometry":{"type":"Point","coordinates":[-80.2405303576877,25.8063835802501]},"properties":{"OBJECTID":51,"NAME":"Juvenile Justice Center","ADDRESS":"3300 NW 27th Ave","GRADES":"6-12","ENROLLMNT":49}},{"type":"Feature","id":52,"geometry":{"type":"Point","coordinates":[-80.195204269111,25.7899342290986]},"properties":{"OBJECTID":52,"NAME":"Chapman Partnership Early Childhood Center North","ADDRESS":"1550 North Miami Ave","GRADES":"PK","ENROLLMNT":44}},{"type":"Feature","id":53,"geometry":{"type":"Point","coordinates":[-80.1332744790009,25.7864175861327]},"properties":{"OBJECTID":53,"NAME":"Miami Beach Adult & Community Education Center","ADDRESS":"1424 Drexel Ave","GRADES":"0","ENROLLMNT":0}},{"type":"Feature","id":54,"geometry":{"type":"Point","coordinates":[-80.173463744763,25.8912911249807]},"properties":{"OBJECTID":54,"NAME":"W.J. Bryan Elementary","ADDRESS":"1201 NE 125th St","GRADES":"PK-5","ENROLLMNT":590}},{"type":"Feature","id":55,"geometry":{"type":"Point","coordinates":[-80.3463696057478,25.7440449332286]},"properties":{"OBJECTID":55,"NAME":"Rockway Elementary","ADDRESS":"2790 SW 93rd Ct","GRADES":"PK-5","ENROLLMNT":375}},{"type":"Feature","id":56,"geometry":{"type":"Point","coordinates":[-80.4042122472665,25.7015666751285]},"properties":{"OBJECTID":56,"NAME":"Miami Sunset Senior High","ADDRESS":"13125 SW 72nd St","GRADES":"9-12","ENROLLMNT":969}},{"type":"Feature","id":57,"geometry":{"type":"Point","coordinates":[-80.4457935405963,25.604365182124]},"properties":{"OBJECTID":57,"NAME":"Herbert A. Ammons Elementary","ADDRESS":"17475 SW 157th Ave","GRADES":"1-5","ENROLLMNT":982}},{"type":"Feature","id":58,"geometry":{"type":"Point","coordinates":[-80.1861951639413,25.9088971750834]},"properties":{"OBJECTID":58,"NAME":"North Miami Elementary","ADDRESS":"655 NE 145th St","GRADES":"PK-5","ENROLLMNT":431}},{"type":"Feature","id":59,"geometry":{"type":"Point","coordinates":[-80.2416895590017,25.8324935919465]},"properties":{"OBJECTID":59,"NAME":"Educational Alternative Outreach Program","ADDRESS":"6300 NW 27th Ave","GRADES":"0","ENROLLMNT":0}},{"type":"Feature","id":60,"geometry":{"type":"Point","coordinates":[-80.4257182403585,25.6923104801561]},"properties":{"OBJECTID":60,"NAME":"Kendale Lakes Elementary","ADDRESS":"8000 SW 142nd Ave","GRADES":"PK-5","ENROLLMNT":685}},{"type":"Feature","id":61,"geometry":{"type":"Point","coordinates":[-80.3317529803177,25.8742280539253]},"properties":{"OBJECTID":61,"NAME":"Ben Sheppard Elementary","ADDRESS":"5700 W 24th Ave","GRADES":"PK-5","ENROLLMNT":917}},{"type":"Feature","id":62,"geometry":{"type":"Point","coordinates":[-80.3809575559133,25.624364585589]},"properties":{"OBJECTID":62,"NAME":"Transportation Center Administrative Offices","ADDRESS":"15401 SW 117th Ave","GRADES":"0","ENROLLMNT":0}},{"type":"Feature","id":63,"geometry":{"type":"Point","coordinates":[-80.3934119247764,25.5413196121942]},"properties":{"OBJECTID":63,"NAME":"Coconut Palm K-8 Academy","ADDRESS":"24400 SW 124th Ave","GRADES":"PK-8","ENROLLMNT":1150}},{"type":"Feature","id":64,"geometry":{"type":"Point","coordinates":[-80.3717647829971,25.6919761531077]},"properties":{"OBJECTID":64,"NAME":"Maintenance Operations Plant Operations Center","ADDRESS":"11035 SW 84th St","GRADES":"0","ENROLLMNT":0}},{"type":"Feature","id":65,"geometry":{"type":"Point","coordinates":[-80.3381513405233,25.7220485954733]},"properties":{"OBJECTID":65,"NAME":"Southwest Miami Adult Center","ADDRESS":"8855 SW 50th Ter","GRADES":"0","ENROLLMNT":0}},{"type":"Feature","id":66,"geometry":{"type":"Point","coordinates":[-80.3476793503304,25.7424774255997]},"properties":{"OBJECTID":66,"NAME":"Rockway Middle","ADDRESS":"9393 SW 29th Ter","GRADES":"6-8","ENROLLMNT":887}},{"type":"Feature","id":67,"geometry":{"type":"Point","coordinates":[-80.2589671021012,25.7272280287374]},"properties":{"OBJECTID":67,"NAME":"George Washington Carver Elementary","ADDRESS":"238 Grand Ave","GRADES":"PK-5","ENROLLMNT":559}},{"type":"Feature","id":68,"geometry":{"type":"Point","coordinates":[-80.2383748043493,25.9204081122581]},"properties":{"OBJECTID":68,"NAME":"Bunche Park Elementary","ADDRESS":"16001 Bunche Park School Dr","GRADES":"PK-5","ENROLLMNT":276}},{"type":"Feature","id":69,"geometry":{"type":"Point","coordinates":[-80.1992042927981,25.9662357656466]},"properties":{"OBJECTID":69,"NAME":"Andover Middle","ADDRESS":"121 NE 207th St","GRADES":"6-8","ENROLLMNT":388}},{"type":"Feature","id":70,"geometry":{"type":"Point","coordinates":[-80.2199992396982,25.9342952715081]},"properties":{"OBJECTID":70,"NAME":"Scott Lake Elementary","ADDRESS":"1160 NW 175th St","GRADES":"PK-5","ENROLLMNT":469}},{"type":"Feature","id":71,"geometry":{"type":"Point","coordinates":[-80.3714516150177,25.852591070108]},"properties":{"OBJECTID":71,"NAME":"Ronald W. Reagan/Doral Senior High","ADDRESS":"8600 NW 107th Ave","GRADES":"9-12","ENROLLMNT":1271}},{"type":"Feature","id":72,"geometry":{"type":"Point","coordinates":[-80.2481041553577,25.7669384783412]},"properties":{"OBJECTID":72,"NAME":"Auburndale Elementary","ADDRESS":"3255 SW 6th St","GRADES":"PK-5","ENROLLMNT":784}},{"type":"Feature","id":73,"geometry":{"type":"Point","coordinates":[-80.2589658327817,25.725904239354]},"properties":{"OBJECTID":73,"NAME":"George Washington Carver Middle","ADDRESS":"4901 Lincoln Dr","GRADES":"6-8","ENROLLMNT":928}},{"type":"Feature","id":74,"geometry":{"type":"Point","coordinates":[-80.2020145230441,25.8040712839452]},"properties":{"OBJECTID":74,"NAME":"Eneida Massas Hartner Elementary","ADDRESS":"401 NW 29th St","GRADES":"PK-5","ENROLLMNT":325}},{"type":"Feature","id":75,"geometry":{"type":"Point","coordinates":[-80.2300936390886,25.7765704597187]},"properties":{"OBJECTID":75,"NAME":"Citrus Grove K-8 Center","ADDRESS":"2153 NW 3rd St","GRADES":"0","ENROLLMNT":0}},{"type":"Feature","id":76,"geometry":{"type":"Point","coordinates":[-80.1493417695288,25.9478541216265]},"properties":{"OBJECTID":76,"NAME":"Ojus Elementary","ADDRESS":"18600 W Dixie Hwy","GRADES":"PK-5","ENROLLMNT":813}},{"type":"Feature","id":77,"geometry":{"type":"Point","coordinates":[-80.2201893959759,25.8093998225741]},"properties":{"OBJECTID":77,"NAME":"Pace Center for Girls","ADDRESS":"1400 NW 36th St","GRADES":"6-12","ENROLLMNT":36}},{"type":"Feature","id":78,"geometry":{"type":"Point","coordinates":[-80.2777602486121,25.8654468708126]},"properties":{"OBJECTID":78,"NAME":"Hialeah Senior High","ADDRESS":"251 E 47th St","GRADES":"9-12","ENROLLMNT":1666}},{"type":"Feature","id":79,"geometry":{"type":"Point","coordinates":[-80.3807263430339,25.6238650103981]},"properties":{"OBJECTID":79,"NAME":"Transportation Center Southwest","ADDRESS":"15501 SW 117th Ave","GRADES":"0","ENROLLMNT":0}},{"type":"Feature","id":80,"geometry":{"type":"Point","coordinates":[-80.2161782376709,25.8360419788921]},"properties":{"OBJECTID":80,"NAME":"Holmes Elementary","ADDRESS":"1175 NW 67th St","GRADES":"PK-5","ENROLLMNT":385}},{"type":"Feature","id":81,"geometry":{"type":"Point","coordinates":[-80.1943537549798,25.906855858607]},"properties":{"OBJECTID":81,"NAME":"Linda Lentin K-8 Center","ADDRESS":"14312 NE 2nd Ct","GRADES":"PK-8","ENROLLMNT":611}},{"type":"Feature","id":82,"geometry":{"type":"Point","coordinates":[-80.23045482202,25.8657770848421]},"properties":{"OBJECTID":82,"NAME":"C.O.P.E. Center North","ADDRESS":"9950 NW 19th Ave","GRADES":"6-12","ENROLLMNT":29}},{"type":"Feature","id":83,"geometry":{"type":"Point","coordinates":[-80.2725422432488,25.8111259766952]},"properties":{"OBJECTID":83,"NAME":"Family Empowerment Scholarship","ADDRESS":"489 East Dr","GRADES":"0","ENROLLMNT":0}},{"type":"Feature","id":84,"geometry":{"type":"Point","coordinates":[-80.3766097862949,25.8194942416978]},"properties":{"OBJECTID":84,"NAME":"Central Region Office","ADDRESS":"5005 NW 112th Ave","GRADES":" 0","ENROLLMNT":0}},{"type":"Feature","id":85,"geometry":{"type":"Point","coordinates":[-80.3661788402699,25.6831424382647]},"properties":{"OBJECTID":85,"NAME":"Kendale Elementary","ADDRESS":"10693 SW 93rd St","GRADES":"PK-5","ENROLLMNT":347}},{"type":"Feature","id":86,"geometry":{"type":"Point","coordinates":[-80.3339329265092,25.7411857076019]},"properties":{"OBJECTID":86,"NAME":"Banyan Elementary","ADDRESS":"3060 SW 85th Ave","GRADES":"PK-5","ENROLLMNT":345}},{"type":"Feature","id":87,"geometry":{"type":"Point","coordinates":[-80.3486396188264,25.8879843822795]},"properties":{"OBJECTID":87,"NAME":"Ernest R. Graham K-8 Center","ADDRESS":"7330 W 32nd Ave","GRADES":"PK-8","ENROLLMNT":958}},{"type":"Feature","id":88,"geometry":{"type":"Point","coordinates":[-80.2924937727085,25.7571132669727]},"properties":{"OBJECTID":88,"NAME":"Sylvania Heights Elementary","ADDRESS":"5901 SW 16th St","GRADES":"PK-5","ENROLLMNT":554}},{"type":"Feature","id":89,"geometry":{"type":"Point","coordinates":[-80.3558677259105,25.6021639838757]},"properties":{"OBJECTID":89,"NAME":"Robert Russa Moton Elementary","ADDRESS":"18050 Homestead Ave","GRADES":"K-5","ENROLLMNT":165}},{"type":"Feature","id":90,"geometry":{"type":"Point","coordinates":[-80.2177798233297,25.7536884493981]},"properties":{"OBJECTID":90,"NAME":"Coral Way K-8 Center","ADDRESS":"1950 SW 13th Ave","GRADES":"PK-8","ENROLLMNT":1031}},{"type":"Feature","id":91,"geometry":{"type":"Point","coordinates":[-80.1980048622307,25.8850709423587]},"properties":{"OBJECTID":91,"NAME":"Gratigny Elementary","ADDRESS":"11905 N Miami Ave","GRADES":"PK-5","ENROLLMNT":447}},{"type":"Feature","id":92,"geometry":{"type":"Point","coordinates":[-80.2007141874158,25.8318404723561]},"properties":{"OBJECTID":92,"NAME":"MDCPS Police Center","ADDRESS":"6100 NW 2nd Ave","GRADES":"0","ENROLLMNT":0}},{"type":"Feature","id":93,"geometry":{"type":"Point","coordinates":[-80.4551074809729,25.699101784781]},"properties":{"OBJECTID":93,"NAME":"Christina M. Eve PLC - N","ADDRESS":"16251 SW 72nd St","GRADES":"0","ENROLLMNT":0}},{"type":"Feature","id":94,"geometry":{"type":"Point","coordinates":[-80.2256593051145,25.8395660683126]},"properties":{"OBJECTID":94,"NAME":"D.A. Dorsey Technical College","ADDRESS":"7100 NW 17th Ave","GRADES":"0","ENROLLMNT":0}},{"type":"Feature","id":95,"geometry":{"type":"Point","coordinates":[-80.275310590443,25.9503381086926]},"properties":{"OBJECTID":95,"NAME":"Miami Gardens Elementary","ADDRESS":"4444 NW 195th St","GRADES":"PK-5","ENROLLMNT":264}},{"type":"Feature","id":96,"geometry":{"type":"Point","coordinates":[-80.2316100330174,25.91677529691]},"properties":{"OBJECTID":96,"NAME":"North Dade Center Middle","ADDRESS":"1840 NW 157th St","GRADES":"6-8","ENROLLMNT":328}},{"type":"Feature","id":97,"geometry":{"type":"Point","coordinates":[-80.4093938564878,25.7735125309198]},"properties":{"OBJECTID":97,"NAME":"Marjory Stoneman Douglas PLC-F","ADDRESS":"650 NW 132nd Ave","GRADES":"0","ENROLLMNT":0}},{"type":"Feature","id":98,"geometry":{"type":"Point","coordinates":[-80.4804381097775,25.4745287789057]},"properties":{"OBJECTID":98,"NAME":"Neva King Cooper Educational Center","ADDRESS":"151 NW 5th St","GRADES":"PK-12","ENROLLMNT":94}},{"type":"Feature","id":99,"geometry":{"type":"Point","coordinates":[-80.3225013030717,25.6298150384339]},"properties":{"OBJECTID":99,"NAME":"Coral Reef Elementary","ADDRESS":"7955 SW 152nd St","GRADES":"PK-5","ENROLLMNT":693}},{"type":"Feature","id":100,"geometry":{"type":"Point","coordinates":[-80.3573751483646,25.8897991331295]},"properties":{"OBJECTID":100,"NAME":"Hialeah Gardens Elementary PLC- B","ADDRESS":"9749 NW 127th Ter","GRADES":"0","ENROLLMNT":0}},{"type":"Feature","id":101,"geometry":{"type":"Point","coordinates":[-80.3059194404811,25.7139789785009]},"properties":{"OBJECTID":101,"NAME":"South Miami K-8 Center","ADDRESS":"6800 SW 60th St","GRADES":"PK-8","ENROLLMNT":502}},{"type":"Feature","id":102,"geometry":{"type":"Point","coordinates":[-80.1331151942262,25.7987497677241]},"properties":{"OBJECTID":102,"NAME":"Miami Beach Senior High","ADDRESS":"2231 Prairie Ave","GRADES":"9-12","ENROLLMNT":2090}},{"type":"Feature","id":103,"geometry":{"type":"Point","coordinates":[-80.3439541958489,25.9037283413031]},"properties":{"OBJECTID":103,"NAME":"Bob Graham Education Center PLC-H","ADDRESS":"8875 NW 143rd St","GRADES":"0","ENROLLMNT":0}},{"type":"Feature","id":104,"geometry":{"type":"Point","coordinates":[-80.2705122249799,25.8292320428519]},"properties":{"OBJECTID":104,"NAME":"Hialeah Elementary","ADDRESS":"550 E 8th St","GRADES":"PK-5","ENROLLMNT":709}},{"type":"Feature","id":105,"geometry":{"type":"Point","coordinates":[-80.2190494419652,25.8277828370551]},"properties":{"OBJECTID":105,"NAME":"Orchard Villa Elementary","ADDRESS":"5720 NW 13th Ave","GRADES":"PK-5","ENROLLMNT":278}},{"type":"Feature","id":106,"geometry":{"type":"Point","coordinates":[-80.3189435110159,25.8579265546392]},"properties":{"OBJECTID":106,"NAME":"Westland Hialeah Senior High","ADDRESS":"4000 W 18th Ave","GRADES":"9-12","ENROLLMNT":1175}},{"type":"Feature","id":107,"geometry":{"type":"Point","coordinates":[-80.1494561026066,25.9705780613715]},"properties":{"OBJECTID":107,"NAME":"Aventura Waterways K-8 Center","ADDRESS":"21101 NE 26th Ave","GRADES":"K-8","ENROLLMNT":2054}},{"type":"Feature","id":108,"geometry":{"type":"Point","coordinates":[-80.4122527565576,25.6790360002024]},"properties":{"OBJECTID":108,"NAME":"Calusa Elementary","ADDRESS":"9580 W Calusa Club Dr","GRADES":"PK-5","ENROLLMNT":692}},{"type":"Feature","id":109,"geometry":{"type":"Point","coordinates":[-80.2471116436312,25.9250404385107]},"properties":{"OBJECTID":109,"NAME":"Golden Glades Elementary","ADDRESS":"16520 NW 28th Ave","GRADES":"PK-5","ENROLLMNT":211}},{"type":"Feature","id":110,"geometry":{"type":"Point","coordinates":[-80.4454988518606,25.4782210564035]},"properties":{"OBJECTID":110,"NAME":"Center For International Education: A Cambridge A S","ADDRESS":"900 NE 23rd Ave","GRADES":"9-12","ENROLLMNT":381}},{"type":"Feature","id":111,"geometry":{"type":"Point","coordinates":[-80.4222152554165,25.6228730771052]},"properties":{"OBJECTID":111,"NAME":"Jack D. Gordon Elementary Manatee PLC-T","ADDRESS":"15551 SW 142nd Ave","GRADES":"0","ENROLLMNT":0}},{"type":"Feature","id":112,"geometry":{"type":"Point","coordinates":[-80.2532848806367,25.8523688474433]},"properties":{"OBJECTID":112,"NAME":"Madison Middle","ADDRESS":"3400 NW 87th St","GRADES":"6-8","ENROLLMNT":456}},{"type":"Feature","id":113,"geometry":{"type":"Point","coordinates":[-80.2432849211322,25.7806138189509]},"properties":{"OBJECTID":113,"NAME":"Kensington Park Elementary","ADDRESS":"711 NW 30th Ave","GRADES":"PK-5","ENROLLMNT":967}},{"type":"Feature","id":114,"geometry":{"type":"Point","coordinates":[-80.4661212611408,25.4940438404039]},"properties":{"OBJECTID":114,"NAME":"Avocado Elementary","ADDRESS":"16969 SW 294th St","GRADES":"PK-3","ENROLLMNT":670}},{"type":"Feature","id":115,"geometry":{"type":"Point","coordinates":[-80.4818772279306,25.4763575001202]},"properties":{"OBJECTID":115,"NAME":"Homestead Middle","ADDRESS":"650 NW 2nd Ave","GRADES":"6-8","ENROLLMNT":540}},{"type":"Feature","id":116,"geometry":{"type":"Point","coordinates":[-80.382532036705,25.854080623293]},"properties":{"OBJECTID":116,"NAME":"Dr. Toni Bilbao Preparatory Academy","ADDRESS":"8905 NW 114th Ave","GRADES":"PK-8","ENROLLMNT":573}},{"type":"Feature","id":117,"geometry":{"type":"Point","coordinates":[-80.227477539267,25.9557730848436]},"properties":{"OBJECTID":117,"NAME":"Norwood Elementary","ADDRESS":"19810 NW 14th Ct","GRADES":"PK-5","ENROLLMNT":451}},{"type":"Feature","id":118,"geometry":{"type":"Point","coordinates":[-80.3445379741212,25.716883028]},"properties":{"OBJECTID":118,"NAME":"Pre-K Intervention","ADDRESS":"5555 SW 93rd Ave","GRADES":"PK","ENROLLMNT":357}},{"type":"Feature","id":119,"geometry":{"type":"Point","coordinates":[-80.1895105177699,25.7897760144644]},"properties":{"OBJECTID":119,"NAME":"School Board Adm - Annex","ADDRESS":"1500 Biscayne Blvd","GRADES":"0","ENROLLMNT":0}},{"type":"Feature","id":120,"geometry":{"type":"Point","coordinates":[-80.3249748564274,25.585372891444]},"properties":{"OBJECTID":120,"NAME":"Dr. Edward L. Whigham PLC-E","ADDRESS":"8035 SW 196th St","GRADES":"0","ENROLLMNT":0}},{"type":"Feature","id":121,"geometry":{"type":"Point","coordinates":[-80.3587907998275,25.6328780515232]},"properties":{"OBJECTID":121,"NAME":"Dorothy M. Wallace C.O.P.E. Center","ADDRESS":"10225 SW 147th Ter","GRADES":"6-12","ENROLLMNT":28}},{"type":"Feature","id":122,"geometry":{"type":"Point","coordinates":[-80.2766219187554,25.8267436877759]},"properties":{"OBJECTID":122,"NAME":"South Hialeah Elementary","ADDRESS":"265 E 5th St","GRADES":"PK-5","ENROLLMNT":888}},{"type":"Feature","id":123,"geometry":{"type":"Point","coordinates":[-80.4184209126919,25.7732589221551]},"properties":{"OBJECTID":123,"NAME":"Transportation Center Central West","ADDRESS":"13775 NW 6th St","GRADES":"0","ENROLLMNT":0}},{"type":"Feature","id":124,"geometry":{"type":"Point","coordinates":[-80.2098898770702,25.8354666237228]},"properties":{"OBJECTID":124,"NAME":"Thena C. Crowder Early Childhood Diagnostic SP ED","ADDRESS":"757 NW 66th St","GRADES":"PK","ENROLLMNT":83}},{"type":"Feature","id":125,"geometry":{"type":"Point","coordinates":[-80.2683030512022,25.8749485510329]},"properties":{"OBJECTID":125,"NAME":"North Region Office","ADDRESS":"733 E 57th St","GRADES":"0","ENROLLMNT":0}},{"type":"Feature","id":126,"geometry":{"type":"Point","coordinates":[-80.4510709003454,25.7126629175877]},"properties":{"OBJECTID":126,"NAME":"John A. Ferguson Senior High","ADDRESS":"15900 SW 56th St","GRADES":"9-12","ENROLLMNT":4228}},{"type":"Feature","id":127,"geometry":{"type":"Point","coordinates":[-80.2829396731306,25.9338820652492]},"properties":{"OBJECTID":127,"NAME":"North Glade Elementary","ADDRESS":"5000 NW 177th St","GRADES":"PK-5","ENROLLMNT":219}},{"type":"Feature","id":128,"geometry":{"type":"Point","coordinates":[-80.2452330355051,25.807696233213]},"properties":{"OBJECTID":128,"NAME":"Melrose Elementary","ADDRESS":"3050 NW 35th St","GRADES":"PK-5","ENROLLMNT":514}},{"type":"Feature","id":129,"geometry":{"type":"Point","coordinates":[-80.2678421930036,25.8529855553764]},"properties":{"OBJECTID":129,"NAME":"Flamingo Elementary","ADDRESS":"701 E 33rd St","GRADES":"PK-5","ENROLLMNT":480}},{"type":"Feature","id":131,"geometry":{"type":"Point","coordinates":[-80.3357712389066,25.5910039882745]},"properties":{"OBJECTID":131,"NAME":"Whispering Pines Elementary","ADDRESS":"18929 SW 89th Rd","GRADES":"PK-5","ENROLLMNT":498}},{"type":"Feature","id":132,"geometry":{"type":"Point","coordinates":[-80.2822442944557,25.9411562957746]},"properties":{"OBJECTID":132,"NAME":"Lake Stevens Middle","ADDRESS":"18484 NW 48th Pl","GRADES":"6-8","ENROLLMNT":517}},{"type":"Feature","id":133,"geometry":{"type":"Point","coordinates":[-80.2262758718946,25.8302352741078]},"properties":{"OBJECTID":133,"NAME":"Charles R. Drew K-8 Center","ADDRESS":"1775 NW 60th St","GRADES":"PK-8","ENROLLMNT":454}},{"type":"Feature","id":134,"geometry":{"type":"Point","coordinates":[-80.4310360063291,25.7340977868052]},"properties":{"OBJECTID":134,"NAME":"G. Holmes Braddock Senior High","ADDRESS":"3601 SW 147th Ave","GRADES":"9-12","ENROLLMNT":2265}},{"type":"Feature","id":135,"geometry":{"type":"Point","coordinates":[-80.3729041243569,25.6983237067238]},"properties":{"OBJECTID":135,"NAME":"Early Childhood, ESE and Tiitle","ADDRESS":"11001 SW 76th St","GRADES":"6-8","ENROLLMNT":16}},{"type":"Feature","id":136,"geometry":{"type":"Point","coordinates":[-80.2688059703191,25.9201069925671]},"properties":{"OBJECTID":136,"NAME":"Transportation Center North","ADDRESS":"16150 NW 42nd Ave","GRADES":"0","ENROLLMNT":0}},{"type":"Feature","id":137,"geometry":{"type":"Point","coordinates":[-80.4507343662872,25.4609028127901]},"properties":{"OBJECTID":137,"NAME":"Gateway Environmental K-8 Learning Center","ADDRESS":"955 SE 18th Ave","GRADES":"PK-8","ENROLLMNT":1168}},{"type":"Feature","id":138,"geometry":{"type":"Point","coordinates":[-80.4549823438572,25.7175014112267]},"properties":{"OBJECTID":138,"NAME":"Dr. Manuel C. Barreiro Elementary","ADDRESS":"5125 SW 162nd Ave","GRADES":"PK-5","ENROLLMNT":538}},{"type":"Feature","id":139,"geometry":{"type":"Point","coordinates":[-80.3328241413439,25.7761601471018]},"properties":{"OBJECTID":139,"NAME":"Charles R. Hadley PLC-A","ADDRESS":"8390 NW 7th St","GRADES":"0","ENROLLMNT":0}},{"type":"Feature","id":140,"geometry":{"type":"Point","coordinates":[-80.3815551844105,25.7591907482544]},"properties":{"OBJECTID":140,"NAME":"Dr. Carlos J. Finlay Elementary","ADDRESS":"851 SW 117th Ave","GRADES":"PK-5","ENROLLMNT":525}},{"type":"Feature","id":141,"geometry":{"type":"Point","coordinates":[-80.3533935257678,25.733284257266]},"properties":{"OBJECTID":141,"NAME":"Olympia Heights Elementary","ADDRESS":"9797 SW 40th St","GRADES":"PK-5","ENROLLMNT":325}},{"type":"Feature","id":142,"geometry":{"type":"Point","coordinates":[-80.323371374425,25.7692427011059]},"properties":{"OBJECTID":142,"NAME":"Seminole Elementary","ADDRESS":"121 SW 78th Pl","GRADES":"PK-5","ENROLLMNT":500}},{"type":"Feature","id":143,"geometry":{"type":"Point","coordinates":[-80.2624153041839,25.9452870145301]},"properties":{"OBJECTID":143,"NAME":"Carol City Middle","ADDRESS":"3737 NW 188th St","GRADES":"6-8","ENROLLMNT":419}},{"type":"Feature","id":144,"geometry":{"type":"Point","coordinates":[-80.4452832175649,25.6933992355777]},"properties":{"OBJECTID":144,"NAME":"Dante B. Fascell Elementary","ADDRESS":"15625 SW 80th St","GRADES":"PK-5","ENROLLMNT":415}},{"type":"Feature","id":145,"geometry":{"type":"Point","coordinates":[-80.2743169657039,25.8124375217803]},"properties":{"OBJECTID":145,"NAME":"District Office/Charter School","ADDRESS":"1080 La Baron Dr","GRADES":"0","ENROLLMNT":0}},{"type":"Feature","id":146,"geometry":{"type":"Point","coordinates":[-80.3907194960035,25.507594923911]},"properties":{"OBJECTID":146,"NAME":"Mandarin Lakes K-8 Academy","ADDRESS":"12225 SW 280TH St","GRADES":"PK-8","ENROLLMNT":652}},{"type":"Feature","id":147,"geometry":{"type":"Point","coordinates":[-80.2435988427981,25.7825498979927]},"properties":{"OBJECTID":147,"NAME":"Kensington Park PLC-D","ADDRESS":"1025 NW 30th Ave","GRADES":"0","ENROLLMNT":0}},{"type":"Feature","id":148,"geometry":{"type":"Point","coordinates":[-80.2359521163,25.770947249108]},"properties":{"OBJECTID":148,"NAME":"Miami Senior High","ADDRESS":"2450 SW 1st St","GRADES":"9-12","ENROLLMNT":3035}},{"type":"Feature","id":149,"geometry":{"type":"Point","coordinates":[-80.41794727506,25.5214203719334]},"properties":{"OBJECTID":149,"NAME":"Miami MacArthur South SH","ADDRESS":"13990 SW 264th St","GRADES":"6-12","ENROLLMNT":94}},{"type":"Feature","id":150,"geometry":{"type":"Point","coordinates":[-80.2001012920503,25.8316119031769]},"properties":{"OBJECTID":150,"NAME":"iTech@Thomas A. Edison Education Center","ADDRESS":"6101 NW 2nd Ave","GRADES":"9-12","ENROLLMNT":225}},{"type":"Feature","id":151,"geometry":{"type":"Point","coordinates":[-80.4577797659239,25.7197797162836]},"properties":{"OBJECTID":151,"NAME":"Dr. Manuel C. Barreiro Elementary ECC-3","ADDRESS":"16350 SW 47th St","GRADES":"PK-5","ENROLLMNT":0}},{"type":"Feature","id":152,"geometry":{"type":"Point","coordinates":[-80.1938881554731,25.8294644055811]},"properties":{"OBJECTID":152,"NAME":"Toussaint L'ouverture Elementary","ADDRESS":"120 NE 59th St","GRADES":"PK-5","ENROLLMNT":382}},{"type":"Feature","id":153,"geometry":{"type":"Point","coordinates":[-80.2635670198366,25.8041978852105]},"properties":{"OBJECTID":153,"NAME":"George T. Baker Aviation Technical College","ADDRESS":"3275 NW 42nd Ave","GRADES":"0","ENROLLMNT":0}},{"type":"Feature","id":154,"geometry":{"type":"Point","coordinates":[-80.4840059324218,25.46301414052]},"properties":{"OBJECTID":154,"NAME":"Laura C. Saunders Elementary","ADDRESS":"505 SW 8th St","GRADES":"PK-5","ENROLLMNT":490}},{"type":"Feature","id":155,"geometry":{"type":"Point","coordinates":[-80.1736369875605,25.8876108654782]},"properties":{"OBJECTID":155,"NAME":"David Lawrence Jr. K-8 Center PLC South Campus","ADDRESS":"12175 NE 12th Ct","GRADES":"0","ENROLLMNT":0}},{"type":"Feature","id":156,"geometry":{"type":"Point","coordinates":[-80.2946719986263,25.8303840149634]},"properties":{"OBJECTID":156,"NAME":"Miami Springs Senior High","ADDRESS":"751 Dove Ave","GRADES":"9-12","ENROLLMNT":1026}},{"type":"Feature","id":157,"geometry":{"type":"Point","coordinates":[-80.1806250746822,25.8550208267756]},"properties":{"OBJECTID":157,"NAME":"Phyllis Ruth Miller Elementary","ADDRESS":"840 NE 87th St","GRADES":"PK-5","ENROLLMNT":471}},{"type":"Feature","id":158,"geometry":{"type":"Point","coordinates":[-80.2776638719586,25.9616658830709]},"properties":{"OBJECTID":158,"NAME":"Dr. Frederica S. Wilson/Skyway Elementary","ADDRESS":"4555 NW 206th Ter","GRADES":"PK-5","ENROLLMNT":345}},{"type":"Feature","id":159,"geometry":{"type":"Point","coordinates":[-80.1733684137484,25.9715363844854]},"properties":{"OBJECTID":159,"NAME":"Dr. Michael M. Krop Senior High","ADDRESS":"1410 NE 215th St","GRADES":"9-12","ENROLLMNT":2109}},{"type":"Feature","id":161,"geometry":{"type":"Point","coordinates":[-80.2036969858246,25.8059098175866]},"properties":{"OBJECTID":161,"NAME":"Jose De Diego Middle","ADDRESS":"3100 NW 5th Ave","GRADES":"6-8","ENROLLMNT":644}},{"type":"Feature","id":162,"geometry":{"type":"Point","coordinates":[-80.3716943766384,25.651055642515]},"properties":{"OBJECTID":162,"NAME":"Gloria Floyd Elementary","ADDRESS":"12650 SW 109th Ave","GRADES":"PK-5","ENROLLMNT":350}},{"type":"Feature","id":163,"geometry":{"type":"Point","coordinates":[-80.4126689891479,25.7498023253578]},"properties":{"OBJECTID":163,"NAME":"Joe Hall Elementary","ADDRESS":"1901 SW 134th Ave","GRADES":"PK-5","ENROLLMNT":411}},{"type":"Feature","id":164,"geometry":{"type":"Point","coordinates":[-80.3701688980471,25.613828999485]},"properties":{"OBJECTID":164,"NAME":"Pine Lake Elementary","ADDRESS":"16700 SW 109th Ave","GRADES":"PK-5","ENROLLMNT":332}},{"type":"Feature","id":165,"geometry":{"type":"Point","coordinates":[-80.3093340761149,25.7699859506594]},"properties":{"OBJECTID":165,"NAME":"Food & Nutrition Center","ADDRESS":"7042 W Flagler St","GRADES":"0","ENROLLMNT":0}},{"type":"Feature","id":166,"geometry":{"type":"Point","coordinates":[-80.4531900162192,25.5391439862951]},"properties":{"OBJECTID":166,"NAME":"Redland Elementary","ADDRESS":"24501 SW 162nd Ave","GRADES":"PK-5","ENROLLMNT":980}},{"type":"Feature","id":167,"geometry":{"type":"Point","coordinates":[-80.3184581638444,25.7613195401524]},"properties":{"OBJECTID":167,"NAME":"Flagami Elementary","ADDRESS":"920 SW 76th Ave","GRADES":"PK-5","ENROLLMNT":388}},{"type":"Feature","id":168,"geometry":{"type":"Point","coordinates":[-80.3475114057964,25.7096302176943]},"properties":{"OBJECTID":168,"NAME":"Glades Middle","ADDRESS":"9451 SW 64th St","GRADES":"6-8","ENROLLMNT":540}},{"type":"Feature","id":169,"geometry":{"type":"Point","coordinates":[-80.1642906162055,25.9237414156258]},"properties":{"OBJECTID":169,"NAME":"Fulford Elementary","ADDRESS":"16140 NE 18th Ave","GRADES":"PK-5","ENROLLMNT":492}},{"type":"Feature","id":170,"geometry":{"type":"Point","coordinates":[-80.3089115445378,25.9030440781404]},"properties":{"OBJECTID":170,"NAME":"Miami Lakes K-8 Center","ADDRESS":"14250 NW 67th Ave","GRADES":"PK-8","ENROLLMNT":1190}},{"type":"Feature","id":171,"geometry":{"type":"Point","coordinates":[-80.193208512587,25.7763842956757]},"properties":{"OBJECTID":171,"NAME":"School For Advanced Studies Wolfson","ADDRESS":"25 NE 2nd St","GRADES":"11-12","ENROLLMNT":134}},{"type":"Feature","id":172,"geometry":{"type":"Point","coordinates":[-80.2125549638208,25.8046395397192]},"properties":{"OBJECTID":172,"NAME":"Santa Clara Elementary","ADDRESS":"1051 NW 29th Ter","GRADES":"PK-5","ENROLLMNT":555}},{"type":"Feature","id":173,"geometry":{"type":"Point","coordinates":[-80.3244181884121,25.7371995801358]},"properties":{"OBJECTID":173,"NAME":"Emerson Elementary","ADDRESS":"8001 SW 36th St","GRADES":"PK-5","ENROLLMNT":298}},{"type":"Feature","id":174,"geometry":{"type":"Point","coordinates":[-80.1911691760936,25.7902670180711]},"properties":{"OBJECTID":174,"NAME":"School Board Adm -Garage","ADDRESS":"115 NE 15th St","GRADES":"0","ENROLLMNT":0}},{"type":"Feature","id":175,"geometry":{"type":"Point","coordinates":[-80.361685123164,25.7233747739152]},"properties":{"OBJECTID":175,"NAME":"Riviera Middle","ADDRESS":"10301 SW 48th St","GRADES":"6-8","ENROLLMNT":480}},{"type":"Feature","id":176,"geometry":{"type":"Point","coordinates":[-80.3702614236231,25.6926181153873]},"properties":{"OBJECTID":176,"NAME":"Terra Environmental Research Institute Senior High","ADDRESS":"11005 SW 84th St","GRADES":"9-12","ENROLLMNT":1631}},{"type":"Feature","id":177,"geometry":{"type":"Point","coordinates":[-80.3073229871456,25.8949647457844]},"properties":{"OBJECTID":177,"NAME":"Hialeah-Miami Lakes Senior High","ADDRESS":"7977 W 12th Ave","GRADES":"9-12","ENROLLMNT":1350}},{"type":"Feature","id":178,"geometry":{"type":"Point","coordinates":[-80.1512955594577,25.7154049187834]},"properties":{"OBJECTID":178,"NAME":"Marjory Stoneman Douglas Biscayne Nature Center","ADDRESS":"6767 Crandon Blvd","GRADES":"0","ENROLLMNT":0}},{"type":"Feature","id":179,"geometry":{"type":"Point","coordinates":[-80.2949550101616,25.916240286809]},"properties":{"OBJECTID":179,"NAME":"Miami Lakes Educational Center and Technical College","ADDRESS":"5780 NW 158th St","GRADES":"0","ENROLLMNT":0}},{"type":"Feature","id":180,"geometry":{"type":"Point","coordinates":[-80.1392501647973,25.7732496337621]},"properties":{"OBJECTID":180,"NAME":"Miami Beach South Pointe Elementary","ADDRESS":"1050 4th St","GRADES":"PK-5","ENROLLMNT":488}},{"type":"Feature","id":181,"geometry":{"type":"Point","coordinates":[-80.2845773477076,25.822904876448]},"properties":{"OBJECTID":181,"NAME":"Miami Springs Elementary","ADDRESS":"51 Park St","GRADES":"PK-5","ENROLLMNT":391}},{"type":"Feature","id":182,"geometry":{"type":"Point","coordinates":[-80.3801103017682,25.6211514249292]},"properties":{"OBJECTID":182,"NAME":"Transportation Center Vehicle Maintenance Office","ADDRESS":"11601 SW 160th St","GRADES":"0","ENROLLMNT":0}},{"type":"Feature","id":183,"geometry":{"type":"Point","coordinates":[-80.1700014804529,25.9400659857694]},"properties":{"OBJECTID":183,"NAME":"Greynolds Park Elementary","ADDRESS":"1536 NE 179th St","GRADES":"PK-5","ENROLLMNT":514}},{"type":"Feature","id":184,"geometry":{"type":"Point","coordinates":[-80.3616672934022,25.6545849088698]},"properties":{"OBJECTID":184,"NAME":"Leewood K-8 Center","ADDRESS":"10343 SW 124th St","GRADES":"PK-8","ENROLLMNT":509}},{"type":"Feature","id":185,"geometry":{"type":"Point","coordinates":[-80.2191374220658,25.9513210168931]},"properties":{"OBJECTID":185,"NAME":"Miami Norland Senior High","ADDRESS":"1193 NW 193rd St","GRADES":"9-12","ENROLLMNT":1670}},{"type":"Feature","id":186,"geometry":{"type":"Point","coordinates":[-80.3900687159875,25.5991523796578]},"properties":{"OBJECTID":186,"NAME":"Robert Morgan Educational Center Senior High","ADDRESS":"18180 SW 122nd Ave","GRADES":"9-12","ENROLLMNT":1747}},{"type":"Feature","id":187,"geometry":{"type":"Point","coordinates":[-80.4299559169472,25.6765415501942]},"properties":{"OBJECTID":187,"NAME":"Claude Pepper Elementary","ADDRESS":"14550 SW 96th St","GRADES":"PK-5","ENROLLMNT":419}},{"type":"Feature","id":188,"geometry":{"type":"Point","coordinates":[-80.4497442674355,25.5372142289092]},"properties":{"OBJECTID":188,"NAME":"Maintenance Service Center 4","ADDRESS":"24600 SW 159th Ave","GRADES":"0","ENROLLMNT":0}},{"type":"Feature","id":189,"geometry":{"type":"Point","coordinates":[-80.1745553397671,25.9656431380719]},"properties":{"OBJECTID":189,"NAME":"Madie Ives Elementary PLC-M","ADDRESS":"1351 Ives Dairy Rd","GRADES":"0","ENROLLMNT":0}},{"type":"Feature","id":190,"geometry":{"type":"Point","coordinates":[-80.3862704341504,25.5804523294847]},"properties":{"OBJECTID":190,"NAME":"Caribbean K-8 Center","ADDRESS":"11990 SW 200th St","GRADES":"PK-8","ENROLLMNT":778}},{"type":"Feature","id":191,"geometry":{"type":"Point","coordinates":[-80.2620492092646,25.9466875986878]},"properties":{"OBJECTID":191,"NAME":"Barbara Hawkins Elementary","ADDRESS":"19010 NW 37th Ave","GRADES":"PK-5","ENROLLMNT":220}},{"type":"Feature","id":192,"geometry":{"type":"Point","coordinates":[-80.2652213428908,25.773021047007]},"properties":{"OBJECTID":192,"NAME":"Kinloch Park Elementary","ADDRESS":"4275 NW 1st St","GRADES":"PK-5","ENROLLMNT":546}},{"type":"Feature","id":193,"geometry":{"type":"Point","coordinates":[-80.199044151929,25.8052493657615]},"properties":{"OBJECTID":193,"NAME":"Young Men's Preparatory Academy Senior High","ADDRESS":"3001 NW 2nd Ave","GRADES":"6-12","ENROLLMNT":161}},{"type":"Feature","id":194,"geometry":{"type":"Point","coordinates":[-80.2053683984287,25.8450900927254]},"properties":{"OBJECTID":194,"NAME":"Jesse J. McCrary Jr. Elementary","ADDRESS":"514 NW 77th St","GRADES":"PK-5","ENROLLMNT":383}},{"type":"Feature","id":195,"geometry":{"type":"Point","coordinates":[-80.2935104598959,25.7666400621472]},"properties":{"OBJECTID":195,"NAME":"Fairlawn Elementary","ADDRESS":"444 SW 60th Ave","GRADES":"PK-5","ENROLLMNT":496}},{"type":"Feature","id":196,"geometry":{"type":"Point","coordinates":[-80.2238604691823,25.9454382180032]},"properties":{"OBJECTID":196,"NAME":"Parkway Elementary","ADDRESS":"1320 NW 188th St","GRADES":"PK-5","ENROLLMNT":177}},{"type":"Feature","id":197,"geometry":{"type":"Point","coordinates":[-80.3328049380581,25.7753199671884]},"properties":{"OBJECTID":197,"NAME":"Charles R. Hadley Elementary","ADDRESS":"8400 NW 7th St","GRADES":"PK-5","ENROLLMNT":596}},{"type":"Feature","id":198,"geometry":{"type":"Point","coordinates":[-80.2429032476292,25.813094894513]},"properties":{"OBJECTID":198,"NAME":"Maintenance Service Center 2","ADDRESS":"2925 NW 41st St","GRADES":"0","ENROLLMNT":0}},{"type":"Feature","id":199,"geometry":{"type":"Point","coordinates":[-80.4787790741613,25.4415414941589]},"properties":{"OBJECTID":199,"NAME":"Transportation Center South","ADDRESS":"660 SW 3rd Ave","GRADES":"0","ENROLLMNT":0}},{"type":"Feature","id":200,"geometry":{"type":"Point","coordinates":[-80.2989855873481,25.8617229659397]},"properties":{"OBJECTID":200,"NAME":"Meadowlane Elementary","ADDRESS":"4280 W 8th Ave","GRADES":"PK-5","ENROLLMNT":778}},{"type":"Feature","id":201,"geometry":{"type":"Point","coordinates":[-80.3766750947144,25.7292300316748]},"properties":{"OBJECTID":201,"NAME":"Royal Palm Elementary","ADDRESS":"4200 SW 112th Ct","GRADES":"PK-5","ENROLLMNT":513}},{"type":"Feature","id":202,"geometry":{"type":"Point","coordinates":[-80.3030935705659,25.8332313915449]},"properties":{"OBJECTID":202,"NAME":"Springview Elementary","ADDRESS":"1122 Bluebird Ave","GRADES":"PK-5","ENROLLMNT":306}},{"type":"Feature","id":203,"geometry":{"type":"Point","coordinates":[-80.2035298318081,25.8808048864249]},"properties":{"OBJECTID":203,"NAME":"Hubert O. Sibley K-8 Center","ADDRESS":"255 NW 115th St","GRADES":"PK-8","ENROLLMNT":785}},{"type":"Feature","id":204,"geometry":{"type":"Point","coordinates":[-80.3093340761149,25.7699859506594]},"properties":{"OBJECTID":204,"NAME":"Materials Control Center","ADDRESS":"7040 W Flagler St","GRADES":"0","ENROLLMNT":0}},{"type":"Feature","id":205,"geometry":{"type":"Point","coordinates":[-80.3485807630056,25.5727610092501]},"properties":{"OBJECTID":205,"NAME":"Gulfstream Elementary","ADDRESS":"20900 SW 97th Ave","GRADES":"PK-5","ENROLLMNT":553}},{"type":"Feature","id":206,"geometry":{"type":"Point","coordinates":[-80.2296408396764,25.9163549699521]},"properties":{"OBJECTID":206,"NAME":"North Dade Center For Modern Languages Elementary","ADDRESS":"1840 NW 157th St","GRADES":"K-5","ENROLLMNT":308}},{"type":"Feature","id":207,"geometry":{"type":"Point","coordinates":[-80.1547080436264,25.9657641889791]},"properties":{"OBJECTID":207,"NAME":"Virginia A. Boone/Highland Oaks Elementary","ADDRESS":"20500 NE 24th Ave","GRADES":"PK-5","ENROLLMNT":574}},{"type":"Feature","id":208,"geometry":{"type":"Point","coordinates":[-80.2946719986263,25.8303840149634]},"properties":{"OBJECTID":208,"NAME":"Miami Springs Adult Education","ADDRESS":"751 Dove Ave","GRADES":"0","ENROLLMNT":0}},{"type":"Feature","id":209,"geometry":{"type":"Point","coordinates":[-80.407239569774,25.7442959180197]},"properties":{"OBJECTID":209,"NAME":"Dade County Public School-Management Information","ADDRESS":"13135 SW 26th St","GRADES":"0","ENROLLMNT":0}},{"type":"Feature","id":210,"geometry":{"type":"Point","coordinates":[-80.2076262240638,25.7950491699632]},"properties":{"OBJECTID":210,"NAME":"Lindsey Hopkins Technical College","ADDRESS":"750 NW 20th St","GRADES":"0","ENROLLMNT":0}},{"type":"Feature","id":211,"geometry":{"type":"Point","coordinates":[-80.1345561395527,25.8153327412316]},"properties":{"OBJECTID":211,"NAME":"Miami Beach Nautilus Middle","ADDRESS":"4301 N Michigan Ave","GRADES":"6-8","ENROLLMNT":903}},{"type":"Feature","id":212,"geometry":{"type":"Point","coordinates":[-80.3025643568624,25.8448264941473]},"properties":{"OBJECTID":212,"NAME":"James H. Bright Elementary/J.W. Johnson Elementary","ADDRESS":"2530 W 10th Ave","GRADES":"PK-5","ENROLLMNT":469}},{"type":"Feature","id":213,"geometry":{"type":"Point","coordinates":[-80.2407598197506,25.8291884180378]},"properties":{"OBJECTID":213,"NAME":"Transportation Center Northeast","ADDRESS":"5901 NW 27th Ave","GRADES":"0","ENROLLMNT":0}},{"type":"Feature","id":214,"geometry":{"type":"Point","coordinates":[-80.3802839038918,25.6041724671922]},"properties":{"OBJECTID":214,"NAME":"Miami Heights Elementary","ADDRESS":"17661 SW 117th Ave","GRADES":"PK-5","ENROLLMNT":695}},{"type":"Feature","id":215,"geometry":{"type":"Point","coordinates":[-80.3895812083676,25.5903300096517]},"properties":{"OBJECTID":215,"NAME":"South Miami Heights Elementary","ADDRESS":"12231 SW 190th Ter","GRADES":"PK-5","ENROLLMNT":425}},{"type":"Feature","id":216,"geometry":{"type":"Point","coordinates":[-80.3538311849743,25.5797545141452]},"properties":{"OBJECTID":216,"NAME":"Cutler Ridge Elementary","ADDRESS":"20210 Coral Sea Rd","GRADES":"PK-5","ENROLLMNT":433}},{"type":"Feature","id":217,"geometry":{"type":"Point","coordinates":[-80.3075657128337,25.9394141597234]},"properties":{"OBJECTID":217,"NAME":"American Senior High Adult Education","ADDRESS":"18350 NW 67th Ave","GRADES":" ","ENROLLMNT":0}},{"type":"Feature","id":218,"geometry":{"type":"Point","coordinates":[-80.3405197981772,25.7552824025911]},"properties":{"OBJECTID":218,"NAME":"Miami Coral Park Adult Education","ADDRESS":"8865 SW 16th St","GRADES":"0","ENROLLMNT":0}},{"type":"Feature","id":219,"geometry":{"type":"Point","coordinates":[-80.3479147242062,25.8798095812685]},"properties":{"OBJECTID":219,"NAME":"Hialeah Gardens Middle","ADDRESS":"11690 NW 92nd Ave","GRADES":"6-8","ENROLLMNT":1536}},{"type":"Feature","id":220,"geometry":{"type":"Point","coordinates":[-80.308515146749,25.9396245973196]},"properties":{"OBJECTID":220,"NAME":"American Senior High","ADDRESS":"18350 NW 67th Ave","GRADES":"9-12","ENROLLMNT":1550}},{"type":"Feature","id":221,"geometry":{"type":"Point","coordinates":[-80.1231751361815,25.944747898677]},"properties":{"OBJECTID":221,"NAME":"Norman S. Edelcup/Sunny Isles Beach K-8","ADDRESS":"201 182nd Dr","GRADES":"K-8","ENROLLMNT":1744}},{"type":"Feature","id":222,"geometry":{"type":"Point","coordinates":[-80.2226754817281,25.9509582271357]},"properties":{"OBJECTID":222,"NAME":"Norland Middle","ADDRESS":"1235 NW 192nd Ter","GRADES":"6-8","ENROLLMNT":668}},{"type":"Feature","id":223,"geometry":{"type":"Point","coordinates":[-80.2261422313264,25.810286172312]},"properties":{"OBJECTID":223,"NAME":"Miami Jackson Senior High","ADDRESS":"1751 NW 36th St","GRADES":"9-12","ENROLLMNT":1176}},{"type":"Feature","id":224,"geometry":{"type":"Point","coordinates":[-80.2315945478586,25.890751932689]},"properties":{"OBJECTID":224,"NAME":"Carrie P. Meek/Westview K-8 Center Annex","ADDRESS":"1901 NW 127th St","GRADES":"PK-8","ENROLLMNT":0}},{"type":"Feature","id":225,"geometry":{"type":"Point","coordinates":[-80.2848015645076,25.6761982472404]},"properties":{"OBJECTID":225,"NAME":"Pinecrest Elementary","ADDRESS":"10250 SW 57th Ave","GRADES":"PK-5","ENROLLMNT":1007}},{"type":"Feature","id":226,"geometry":{"type":"Point","coordinates":[-80.154169861143,25.9639884651692]},"properties":{"OBJECTID":226,"NAME":"Highland Oaks Middle","ADDRESS":"2375 NE 203rd St","GRADES":"6-8","ENROLLMNT":735}},{"type":"Feature","id":227,"geometry":{"type":"Point","coordinates":[-80.3893950082705,25.7666632917026]},"properties":{"OBJECTID":227,"NAME":"Marjory Stoneman Douglas Elementary","ADDRESS":"11901 SW 2nd St","GRADES":"PK-5","ENROLLMNT":564}},{"type":"Feature","id":228,"geometry":{"type":"Point","coordinates":[-80.3770217680573,25.7580769479676]},"properties":{"OBJECTID":228,"NAME":"Academy for Advanced Academics - South","ADDRESS":"11200 SW 8th St","GRADES":"11-12","ENROLLMNT":0}},{"type":"Feature","id":229,"geometry":{"type":"Point","coordinates":[-80.3569788835265,25.8910341309976]},"properties":{"OBJECTID":229,"NAME":"Hialeah Gardens Elementary","ADDRESS":"9702 NW 130th St","GRADES":"PK-5","ENROLLMNT":1000}},{"type":"Feature","id":230,"geometry":{"type":"Point","coordinates":[-80.3007804554217,25.7022460318357]},"properties":{"OBJECTID":230,"NAME":"Ludlam Elementary","ADDRESS":"6639 SW 74th St","GRADES":"PK-5","ENROLLMNT":266}},{"type":"Feature","id":231,"geometry":{"type":"Point","coordinates":[-80.2735279161011,25.814891927167]},"properties":{"OBJECTID":231,"NAME":"Miami Springs Middle","ADDRESS":"150 S Royal Poinciana Blvd","GRADES":"6-8","ENROLLMNT":660}},{"type":"Feature","id":232,"geometry":{"type":"Point","coordinates":[-80.2448233669046,25.8527808961531]},"properties":{"OBJECTID":232,"NAME":"Vacant Property","ADDRESS":"2780 NW 87th St","GRADES":"0","ENROLLMNT":0}},{"type":"Feature","id":233,"geometry":{"type":"Point","coordinates":[-80.2034137389306,25.7964287662358]},"properties":{"OBJECTID":233,"NAME":"Paul Laurence Dunbar K-8 Center","ADDRESS":"505 NW 20th St","GRADES":"PK-8","ENROLLMNT":359}},{"type":"Feature","id":234,"geometry":{"type":"Point","coordinates":[-80.4063587069592,25.6956874802666]},"properties":{"OBJECTID":234,"NAME":"Winston Park K-8 Center","ADDRESS":"13200 SW 79th St","GRADES":"PK-8","ENROLLMNT":1048}},{"type":"Feature","id":235,"geometry":{"type":"Point","coordinates":[-80.2547945479807,25.9640068504618]},"properties":{"OBJECTID":235,"NAME":"North County K-8 Center","ADDRESS":"3250 NW 207th St","GRADES":"PK-8","ENROLLMNT":322}},{"type":"Feature","id":236,"geometry":{"type":"Point","coordinates":[-80.231817230336,25.8762327431392]},"properties":{"OBJECTID":236,"NAME":"Henry E.S. Reeves K-8 Center","ADDRESS":"2005 NW 111th St","GRADES":"PK-8","ENROLLMNT":830}},{"type":"Feature","id":237,"geometry":{"type":"Point","coordinates":[-80.2539306947658,25.7263264770529]},"properties":{"OBJECTID":237,"NAME":"Frances S. Tucker Elementary","ADDRESS":"3500 Douglas Rd","GRADES":"PK-8","ENROLLMNT":341}},{"type":"Feature","id":238,"geometry":{"type":"Point","coordinates":[-80.4526694748514,25.6646871502654]},"properties":{"OBJECTID":238,"NAME":"Dr. Gilbert L. Porter Elementary","ADDRESS":"15851 SW 112th St","GRADES":"PK-5","ENROLLMNT":585}},{"type":"Feature","id":239,"geometry":{"type":"Point","coordinates":[-80.2283038860222,25.8617041597113]},"properties":{"OBJECTID":239,"NAME":"Miami Central Senior High","ADDRESS":"1781 NW 95th St","GRADES":"9-12","ENROLLMNT":1362}},{"type":"Feature","id":240,"geometry":{"type":"Point","coordinates":[-80.1841253700682,25.9188011276629]},"properties":{"OBJECTID":240,"NAME":"Oak Grove Elementary","ADDRESS":"15640 NE 8th Ave","GRADES":"PK-5","ENROLLMNT":527}},{"type":"Feature","id":241,"geometry":{"type":"Point","coordinates":[-80.3716452675385,25.5488858079496]},"properties":{"OBJECTID":241,"NAME":"Goulds Elementary","ADDRESS":"23555 SW 112th Ave","GRADES":"PK-5","ENROLLMNT":479}},{"type":"Feature","id":242,"geometry":{"type":"Point","coordinates":[-80.2139628960606,25.7723808713461]},"properties":{"OBJECTID":242,"NAME":"Young Women's Preparatory Academy","ADDRESS":"1150 SW 1st St","GRADES":"6-12","ENROLLMNT":287}},{"type":"Feature","id":243,"geometry":{"type":"Point","coordinates":[-80.4862145088197,25.4520166011929]},"properties":{"OBJECTID":243,"NAME":"Florida City Elementary","ADDRESS":"364 NW 6th Ave","GRADES":"PK-5","ENROLLMNT":644}},{"type":"Feature","id":244,"geometry":{"type":"Point","coordinates":[-80.3299798559655,25.7566247944616]},"properties":{"OBJECTID":244,"NAME":"Everglades K-8 Center","ADDRESS":"8300 SW 16th St","GRADES":"0","ENROLLMNT":336}},{"type":"Feature","id":245,"geometry":{"type":"Point","coordinates":[-80.3063068623035,25.7485224783168]},"properties":{"OBJECTID":245,"NAME":"Coral Terrace Elementary","ADDRESS":"6801 SW 24th St","GRADES":"PK-5","ENROLLMNT":455}},{"type":"Feature","id":246,"geometry":{"type":"Point","coordinates":[-80.2270076547965,25.754230206397]},"properties":{"OBJECTID":246,"NAME":"Shenandoah Middle","ADDRESS":"1950 SW 19th St","GRADES":"6-8","ENROLLMNT":1228}},{"type":"Feature","id":247,"geometry":{"type":"Point","coordinates":[-80.2019362384603,25.8556596360018]},"properties":{"OBJECTID":247,"NAME":"Dr. Marvin Dunn Academy For Community Education","ADDRESS":"8950 NW 2nd Ave","GRADES":"9-12","ENROLLMNT":83}},{"type":"Feature","id":248,"geometry":{"type":"Point","coordinates":[-80.4497521815932,25.5371158883082]},"properties":{"OBJECTID":248,"NAME":"Transportation Redland Vehicle Maintenance","ADDRESS":"24600 SW 159th Ave","GRADES":"0","ENROLLMNT":0}},{"type":"Feature","id":249,"geometry":{"type":"Point","coordinates":[-80.3308297188181,25.8738053049905]},"properties":{"OBJECTID":249,"NAME":"Ben Sheppard Elementary PLC-V","ADDRESS":"5601 W 24th Ave","GRADES":"0","ENROLLMNT":0}},{"type":"Feature","id":250,"geometry":{"type":"Point","coordinates":[-80.2344464401708,25.9355474564729]},"properties":{"OBJECTID":250,"NAME":"Parkview Elementary","ADDRESS":"17631 NW 20th Ave","GRADES":"PK-5","ENROLLMNT":26}},{"type":"Feature","id":251,"geometry":{"type":"Point","coordinates":[-80.3845641255907,25.8083374636534]},"properties":{"OBJECTID":251,"NAME":"School For Advanced Studies West","ADDRESS":"3800 NW 115th Ave","GRADES":"11-12","ENROLLMNT":115}},{"type":"Feature","id":252,"geometry":{"type":"Point","coordinates":[-80.2684831517386,25.8776165506131]},"properties":{"OBJECTID":252,"NAME":"Hialeah Middle","ADDRESS":"6027 E 7th Ave","GRADES":"6-8","ENROLLMNT":1006}},{"type":"Feature","id":253,"geometry":{"type":"Point","coordinates":[-80.2261422313264,25.810286172312]},"properties":{"OBJECTID":253,"NAME":"Miami Jackson Adult Education","ADDRESS":"1751 NW 36th St","GRADES":"0","ENROLLMNT":0}},{"type":"Feature","id":254,"geometry":{"type":"Point","coordinates":[-80.2813359656511,25.7720454313819]},"properties":{"OBJECTID":254,"NAME":"Henry M. Flagler Elementary","ADDRESS":"5222 NW 1st St","GRADES":"PK-5","ENROLLMNT":790}},{"type":"Feature","id":255,"geometry":{"type":"Point","coordinates":[-80.2522317577814,25.9344395577348]},"properties":{"OBJECTID":255,"NAME":"Myrtle Grove K-8 Center","ADDRESS":"3125 NW 176th St","GRADES":"PK-8","ENROLLMNT":158}},{"type":"Feature","id":256,"geometry":{"type":"Point","coordinates":[-80.4428199508176,25.6778144659478]},"properties":{"OBJECTID":256,"NAME":"Felix Varela Senior High","ADDRESS":"15255 SW 96th St","GRADES":"9-12","ENROLLMNT":1909}},{"type":"Feature","id":257,"geometry":{"type":"Point","coordinates":[-80.234873448053,25.8360127046597]},"properties":{"OBJECTID":257,"NAME":"Poinciana Park Elementary","ADDRESS":"6745 NW 23rd Ave","GRADES":"PK-5","ENROLLMNT":195}},{"type":"Feature","id":258,"geometry":{"type":"Point","coordinates":[-80.3914987297153,25.6690471710436]},"properties":{"OBJECTID":258,"NAME":"Devon Aire K-8 Center","ADDRESS":"10501 SW 122nd Ave","GRADES":"PK-8","ENROLLMNT":815}},{"type":"Feature","id":259,"geometry":{"type":"Point","coordinates":[-80.3646959642809,25.8205173806585]},"properties":{"OBJECTID":259,"NAME":"John I. Smith Elementary PLC-A1","ADDRESS":"10415 NW 52nd St","GRADES":"0","ENROLLMNT":0}},{"type":"Feature","id":260,"geometry":{"type":"Point","coordinates":[-80.4373650237812,25.5038577567906]},"properties":{"OBJECTID":260,"NAME":"South Dade Skill Center","ADDRESS":"28300 SW 152nd Ave","GRADES":"0","ENROLLMNT":0}},{"type":"Feature","id":261,"geometry":{"type":"Point","coordinates":[-80.1753192113891,25.929697155283]},"properties":{"OBJECTID":261,"NAME":"North Miami Beach Senior High","ADDRESS":"1247 NE 167th St","GRADES":"9-12","ENROLLMNT":1065}},{"type":"Feature","id":262,"geometry":{"type":"Point","coordinates":[-80.2933283363535,25.709819586295]},"properties":{"OBJECTID":262,"NAME":"Florida Diagnostic and Learning Resources System/South","ADDRESS":"6521 SW 62nd Ave","GRADES":"0","ENROLLMNT":0}},{"type":"Feature","id":263,"geometry":{"type":"Point","coordinates":[-80.239725834604,25.9344527491249]},"properties":{"OBJECTID":263,"NAME":"TAP - Teenage Parent Program","ADDRESS":"2349 NW 175th St","GRADES":"PK","ENROLLMNT":0}},{"type":"Feature","id":264,"geometry":{"type":"Point","coordinates":[-80.1832976973997,25.8969487226882]},"properties":{"OBJECTID":264,"NAME":"North Miami Senior High","ADDRESS":"13110 NE 8th Ave","GRADES":"9-12","ENROLLMNT":1680}},{"type":"Feature","id":265,"geometry":{"type":"Point","coordinates":[-80.4489538694614,25.7202418724654]},"properties":{"OBJECTID":265,"NAME":"Lamar Louise Curry Middle","ADDRESS":"15750 SW 47th St","GRADES":"6-8","ENROLLMNT":709}},{"type":"Feature","id":266,"geometry":{"type":"Point","coordinates":[-80.3507869561731,25.6700983775865]},"properties":{"OBJECTID":266,"NAME":"Miami Killian Senior High","ADDRESS":"10655 SW 97th Ave","GRADES":"9-12","ENROLLMNT":652}},{"type":"Feature","id":267,"geometry":{"type":"Point","coordinates":[-80.3157069897434,25.6608027448607]},"properties":{"OBJECTID":267,"NAME":"Miami Palmetto Senior High","ADDRESS":"7431 SW 120th St","GRADES":"9-12","ENROLLMNT":2618}},{"type":"Feature","id":268,"geometry":{"type":"Point","coordinates":[-80.2281339930424,25.839409300881]},"properties":{"OBJECTID":268,"NAME":"Liberty City Elementary","ADDRESS":"1855 NW 71st St","GRADES":"PK-5","ENROLLMNT":323}},{"type":"Feature","id":269,"geometry":{"type":"Point","coordinates":[-80.3157069897434,25.6608027448607]},"properties":{"OBJECTID":269,"NAME":"Miami Palmetto Adult Education","ADDRESS":"7431 SW 120th St","GRADES":"0","ENROLLMNT":0}},{"type":"Feature","id":270,"geometry":{"type":"Point","coordinates":[-80.4417218969267,25.7043218163768]},"properties":{"OBJECTID":270,"NAME":"Doolin/Bowman Foster Ashe Elementary","ADDRESS":"6601 SW 152nd Ave","GRADES":"PK-8","ENROLLMNT":849}},{"type":"Feature","id":271,"geometry":{"type":"Point","coordinates":[-80.1691242827644,25.9388213066329]},"properties":{"OBJECTID":271,"NAME":"Greynolds Park Elementary PLC-C","ADDRESS":"1575 NE 177th St","GRADES":"0","ENROLLMNT":0}},{"type":"Feature","id":272,"geometry":{"type":"Point","coordinates":[-80.2140201214391,25.8491879152057]},"properties":{"OBJECTID":272,"NAME":"Arcola Lake Elementary","ADDRESS":"1037 NW 81st St","GRADES":"PK-5","ENROLLMNT":585}},{"type":"Feature","id":273,"geometry":{"type":"Point","coordinates":[-80.4744360081218,25.4742148497226]},"properties":{"OBJECTID":273,"NAME":"School For Advanced Studies Homestead","ADDRESS":"500 College Ter","GRADES":"11-12","ENROLLMNT":127}},{"type":"Feature","id":274,"geometry":{"type":"Point","coordinates":[-80.2037501651911,25.7864813026628]},"properties":{"OBJECTID":274,"NAME":"Chapman House","ADDRESS":"526 NW 13th St","GRADES":"0","ENROLLMNT":0}},{"type":"Feature","id":275,"geometry":{"type":"Point","coordinates":[-80.2471240026529,25.8722772734448]},"properties":{"OBJECTID":275,"NAME":"Nathaniel Traz Powell Football Stadium","ADDRESS":"11380 NW 27th Ave","GRADES":"0","ENROLLMNT":0}},{"type":"Feature","id":276,"geometry":{"type":"Point","coordinates":[-80.1982069265758,25.7772752087001]},"properties":{"OBJECTID":276,"NAME":"Law Enforcement Officers Memorial Senior High","ADDRESS":"300 NW 2nd Ave","GRADES":"9-12","ENROLLMNT":272}},{"type":"Feature","id":277,"geometry":{"type":"Point","coordinates":[-80.318858863665,25.6439858493146]},"properties":{"OBJECTID":277,"NAME":"Howard Drive Elementary","ADDRESS":"7750 SW 136th St","GRADES":"PK-5","ENROLLMNT":344}},{"type":"Feature","id":278,"geometry":{"type":"Point","coordinates":[-80.2637101367328,25.7333511760936]},"properties":{"OBJECTID":278,"NAME":"Coral Gables Adult Education","ADDRESS":"450 Bird Rd","GRADES":"0","ENROLLMNT":0}},{"type":"Feature","id":279,"geometry":{"type":"Point","coordinates":[-80.4953434941642,25.4639711791179]},"properties":{"OBJECTID":279,"NAME":"West Homestead K-8 Center","ADDRESS":"1550 SW 6th St","GRADES":"PK-8","ENROLLMNT":873}},{"type":"Feature","id":280,"geometry":{"type":"Point","coordinates":[-80.2008200817198,25.7853264705278]},"properties":{"OBJECTID":280,"NAME":"Frederick Douglass Elementary","ADDRESS":"314 NW 12th St","GRADES":"PK-5","ENROLLMNT":171}},{"type":"Feature","id":281,"geometry":{"type":"Point","coordinates":[-80.2755312499145,25.8655453309783]},"properties":{"OBJECTID":281,"NAME":"Hialeah Adult Education Center","ADDRESS":"251 E 47th St","GRADES":"0","ENROLLMNT":0}},{"type":"Feature","id":282,"geometry":{"type":"Point","coordinates":[-80.2389212234855,25.9650125031752]},"properties":{"OBJECTID":282,"NAME":"Robert Renick Education Center","ADDRESS":"2201 NW 207th St","GRADES":"PK-12","ENROLLMNT":54}},{"type":"Feature","id":283,"geometry":{"type":"Point","coordinates":[-80.2573779149899,25.9409174584568]},"properties":{"OBJECTID":283,"NAME":"Miami Carol City Senior High","ADDRESS":"3301 Miami Gardens Dr","GRADES":"9-12","ENROLLMNT":791}},{"type":"Feature","id":285,"geometry":{"type":"Point","coordinates":[-80.4479713667638,25.63325279251]},"properties":{"OBJECTID":285,"NAME":"Jorge Mas Canosa Middle","ADDRESS":"15735 SW 144th St","GRADES":"6-8","ENROLLMNT":1015}},{"type":"Feature","id":286,"geometry":{"type":"Point","coordinates":[-80.2933399659432,25.8484832374228]},"properties":{"OBJECTID":286,"NAME":"Henry H. Filer Middle","ADDRESS":"531 W 29th St","GRADES":"6-8","ENROLLMNT":727}},{"type":"Feature","id":287,"geometry":{"type":"Point","coordinates":[-80.2844389110341,25.7071230856724]},"properties":{"OBJECTID":287,"NAME":"International Studies Preparatory Academy","ADDRESS":"1570 Madruga Ave","GRADES":"9-12","ENROLLMNT":374}},{"type":"Feature","id":288,"geometry":{"type":"Point","coordinates":[-80.2202158639374,25.8794307301708]},"properties":{"OBJECTID":288,"NAME":"Lakeview Elementary","ADDRESS":"1290 NW 115th St","GRADES":"PK-5","ENROLLMNT":343}},{"type":"Feature","id":289,"geometry":{"type":"Point","coordinates":[-80.3729041243569,25.6983237067238]},"properties":{"OBJECTID":289,"NAME":"Ruth Owens Kruse Educational Center","ADDRESS":"11001 SW 76th St","GRADES":"PK-12","ENROLLMNT":112}},{"type":"Feature","id":290,"geometry":{"type":"Point","coordinates":[-80.1306678995247,25.8144707379169]},"properties":{"OBJECTID":290,"NAME":"North Beach Elementary","ADDRESS":"4100 Prairie Ave","GRADES":"PK-5","ENROLLMNT":896}},{"type":"Feature","id":291,"geometry":{"type":"Point","coordinates":[-80.3052113901707,25.8738279267318]},"properties":{"OBJECTID":291,"NAME":"Palm Springs Middle","ADDRESS":"1025 W 56th St","GRADES":"6-8","ENROLLMNT":694}},{"type":"Feature","id":292,"geometry":{"type":"Point","coordinates":[-80.2359480136941,25.8686700883315]},"properties":{"OBJECTID":292,"NAME":"Henry E. S. Reeves K-8 Center Lower Academy","ADDRESS":"2225 NW 103rd St","GRADES":"PK-8","ENROLLMNT":0}},{"type":"Feature","id":293,"geometry":{"type":"Point","coordinates":[-80.3729041243569,25.6983237067238]},"properties":{"OBJECTID":293,"NAME":"Brucie Ball Educational Center","ADDRESS":"11001 SW 76th St","GRADES":"PK-12","ENROLLMNT":469}},{"type":"Feature","id":294,"geometry":{"type":"Point","coordinates":[-80.3031225214709,25.9442260047223]},"properties":{"OBJECTID":294,"NAME":"Joella C. Good Elementary","ADDRESS":"6350 NW 188th Ter","GRADES":"PK-5","ENROLLMNT":931}},{"type":"Feature","id":295,"geometry":{"type":"Point","coordinates":[-80.2291973791499,25.8680917694168]},"properties":{"OBJECTID":295,"NAME":"William H. Turner Technical Adult Education","ADDRESS":"10151 NW 19th Ave","GRADES":"0","ENROLLMNT":0}},{"type":"Feature","id":296,"geometry":{"type":"Point","coordinates":[-80.194447597486,25.7618877548362]},"properties":{"OBJECTID":296,"NAME":"Southside Preparatory Academy","ADDRESS":"45 SW 13th St","GRADES":"PK-8","ENROLLMNT":883}},{"type":"Feature","id":297,"geometry":{"type":"Point","coordinates":[-80.1455249725154,25.9138545913243]},"properties":{"OBJECTID":297,"NAME":"David Lawrence Jr. K-8 Center","ADDRESS":"15000 Bay Vista Blvd","GRADES":"PK-8","ENROLLMNT":1259}},{"type":"Feature","id":298,"geometry":{"type":"Point","coordinates":[-80.4458824603347,25.4814841276451]},"properties":{"OBJECTID":298,"NAME":"Campbell Drive K-8 Center","ADDRESS":"15790 SW 307th St","GRADES":"PK-8","ENROLLMNT":855}},{"type":"Feature","id":299,"geometry":{"type":"Point","coordinates":[-80.2431364574635,25.7288920509693]},"properties":{"OBJECTID":299,"NAME":"Coconut Grove Elementary","ADDRESS":"3351 Matilda St","GRADES":"PK-5","ENROLLMNT":546}},{"type":"Feature","id":300,"geometry":{"type":"Point","coordinates":[-80.4011654735382,25.6665411157604]},"properties":{"OBJECTID":300,"NAME":"Arvida Middle","ADDRESS":"10900 SW 127th Ave","GRADES":"6-8","ENROLLMNT":988}},{"type":"Feature","id":301,"geometry":{"type":"Point","coordinates":[-80.4497530296028,25.6767296987124]},"properties":{"OBJECTID":301,"NAME":"Oliver Hoover Elementary PLC-U","ADDRESS":"15700 SW 96th St","GRADES":"0","ENROLLMNT":0}},{"type":"Feature","id":302,"geometry":{"type":"Point","coordinates":[-80.363073080465,25.7253426942094]},"properties":{"OBJECTID":302,"NAME":"Tropical Elementary","ADDRESS":"4545 SW 104th Ave","GRADES":"PK-5","ENROLLMNT":390}},{"type":"Feature","id":303,"geometry":{"type":"Point","coordinates":[-80.3489447998846,25.5872095182358]},"properties":{"OBJECTID":303,"NAME":"Cutler Bay Middle","ADDRESS":"19400 Gulfstream Rd","GRADES":"6-8","ENROLLMNT":926}},{"type":"Feature","id":304,"geometry":{"type":"Point","coordinates":[-80.4058918129802,25.7124316768853]},"properties":{"OBJECTID":304,"NAME":"Howard D. Mcmillan Middle","ADDRESS":"13100 SW 59th St","GRADES":"6-8","ENROLLMNT":955}},{"type":"Feature","id":305,"geometry":{"type":"Point","coordinates":[-80.2527306102249,25.9483980374767]},"properties":{"OBJECTID":305,"NAME":"Brentwood Elementary PLC-D1","ADDRESS":"3101 NW 191st St","GRADES":"0","ENROLLMNT":0}},{"type":"Feature","id":306,"geometry":{"type":"Point","coordinates":[-80.2851619344636,25.9401710053106]},"properties":{"OBJECTID":306,"NAME":"Lake Stevens Elementary","ADDRESS":"5101 NW 183rd St","GRADES":"PK-5","ENROLLMNT":246}},{"type":"Feature","id":307,"geometry":{"type":"Point","coordinates":[-80.2946440511395,25.8831537439494]},"properties":{"OBJECTID":307,"NAME":"Twin Lakes Elementary","ADDRESS":"6735 W 5TH Pl","GRADES":"PK-5","ENROLLMNT":328}},{"type":"Feature","id":308,"geometry":{"type":"Point","coordinates":[-80.2560358741763,25.7569438742377]},"properties":{"OBJECTID":308,"NAME":"Coral Gables Preparatory Academy MLC","ADDRESS":"39 Zamora Ave","GRADES":"PK-8","ENROLLMNT":808}},{"type":"Feature","id":309,"geometry":{"type":"Point","coordinates":[-80.3826460401011,25.8277070035063]},"properties":{"OBJECTID":309,"NAME":"Eugenia B. Thomas K-8 Center","ADDRESS":"5950 NW 114th Ave","GRADES":"PK-8","ENROLLMNT":864}},{"type":"Feature","id":310,"geometry":{"type":"Point","coordinates":[-80.3373069223596,25.8632300120978]},"properties":{"OBJECTID":310,"NAME":"Transportation Center Northwest","ADDRESS":"9900 NW South River Drive","GRADES":"0","ENROLLMNT":0}},{"type":"Feature","id":311,"geometry":{"type":"Point","coordinates":[-80.3235869027196,25.6858486922292]},"properties":{"OBJECTID":311,"NAME":"South Region Office Annex","ADDRESS":"9040 SW 79th Ave","GRADES":"0","ENROLLMNT":0}},{"type":"Feature","id":312,"geometry":{"type":"Point","coordinates":[-80.3741425876216,25.6751620684153]},"properties":{"OBJECTID":312,"NAME":"School For Advanced Studies South","ADDRESS":"11011 SW 104th St","GRADES":"11-12","ENROLLMNT":289}},{"type":"Feature","id":313,"geometry":{"type":"Point","coordinates":[-80.166771842072,25.6908134242885]},"properties":{"OBJECTID":313,"NAME":"Key Biscayne K-8 Center","ADDRESS":"150 W McIntyre St","GRADES":"PK-8","ENROLLMNT":879}},{"type":"Feature","id":314,"geometry":{"type":"Point","coordinates":[-80.3310342059195,25.5648046796685]},"properties":{"OBJECTID":314,"NAME":"Dr. Edward L. Whigham Elementary","ADDRESS":"21545 SW 87th Ave","GRADES":"PK-5","ENROLLMNT":732}},{"type":"Feature","id":315,"geometry":{"type":"Point","coordinates":[-80.4805781301808,25.482374764288]},"properties":{"OBJECTID":315,"NAME":"Medical Academy For Science And Technology","ADDRESS":"1220 NW 1st Ave","GRADES":"9-12","ENROLLMNT":507}},{"type":"Feature","id":316,"geometry":{"type":"Point","coordinates":[-80.2136582971106,25.7713998926817]},"properties":{"OBJECTID":316,"NAME":"Riverside Elementary","ADDRESS":"1190 SW 2nd St","GRADES":"PK-5","ENROLLMNT":844}},{"type":"Feature","id":317,"geometry":{"type":"Point","coordinates":[-80.4664226414271,25.6784519740365]},"properties":{"OBJECTID":317,"NAME":"Kendall Square K-8 Center","ADDRESS":"9325 SW 169th Pl","GRADES":"K-6","ENROLLMNT":639}},{"type":"Feature","id":318,"geometry":{"type":"Point","coordinates":[-80.3086153250729,25.7688031240866]},"properties":{"OBJECTID":318,"NAME":"Stores And Distribution Complex","ADDRESS":"7001 SW 4th St","GRADES":"0","ENROLLMNT":0}},{"type":"Feature","id":319,"geometry":{"type":"Point","coordinates":[-80.3057944282312,25.9183736566677]},"properties":{"OBJECTID":319,"NAME":"Miami Lakes Middle","ADDRESS":"6425 Miami Lakeway N","GRADES":"6-8","ENROLLMNT":967}},{"type":"Feature","id":320,"geometry":{"type":"Point","coordinates":[-80.3061486168797,25.8760574135513]},"properties":{"OBJECTID":320,"NAME":"John G. Dupuis Elementary","ADDRESS":"1150 W 59th Pl","GRADES":"PK-5","ENROLLMNT":525}},{"type":"Feature","id":321,"geometry":{"type":"Point","coordinates":[-80.2355150293204,25.7434580646767]},"properties":{"OBJECTID":321,"NAME":"Silver Bluff Elementary","ADDRESS":"2609 SW 25th Ave","GRADES":"PK-5","ENROLLMNT":359}},{"type":"Feature","id":322,"geometry":{"type":"Point","coordinates":[-80.3539216066958,25.7700012192491]},"properties":{"OBJECTID":322,"NAME":"E.W.F. Stirrup Elementary","ADDRESS":"330 NW 97th Ave","GRADES":"PK-5","ENROLLMNT":612}},{"type":"Feature","id":323,"geometry":{"type":"Point","coordinates":[-80.4427528781069,25.6742421899347]},"properties":{"OBJECTID":323,"NAME":"Hammocks Middle","ADDRESS":"9889 Hammocks Blvd","GRADES":"6-8","ENROLLMNT":483}},{"type":"Feature","id":324,"geometry":{"type":"Point","coordinates":[-80.5063865091047,25.4960228332893]},"properties":{"OBJECTID":324,"NAME":"South Dade Middle","ADDRESS":"29100 SW 194th Ave","GRADES":"4-8","ENROLLMNT":1303}},{"type":"Feature","id":325,"geometry":{"type":"Point","coordinates":[-80.3052934449837,25.7207481706812]},"properties":{"OBJECTID":325,"NAME":"South Miami Senior High","ADDRESS":"6856 SW 53rd St","GRADES":"9-12","ENROLLMNT":1595}},{"type":"Feature","id":326,"geometry":{"type":"Point","coordinates":[-80.2399532601862,25.9039659433105]},"properties":{"OBJECTID":326,"NAME":"Nathan B. Young Elementary","ADDRESS":"14120 NW 24th Ave","GRADES":"PK-5","ENROLLMNT":315}},{"type":"Feature","id":327,"geometry":{"type":"Point","coordinates":[-80.3669377010893,25.6212517004178]},"properties":{"OBJECTID":327,"NAME":"Johnnie M. Parris Colonial Drive Elementary","ADDRESS":"10755 SW 160th St","GRADES":"PK-5","ENROLLMNT":286}},{"type":"Feature","id":328,"geometry":{"type":"Point","coordinates":[-80.3763581421327,25.7169168736356]},"properties":{"OBJECTID":328,"NAME":"Cypress K-8 Center","ADDRESS":"5400 SW 112th Ct","GRADES":"PK-8","ENROLLMNT":374}},{"type":"Feature","id":329,"geometry":{"type":"Point","coordinates":[-80.2446031664723,25.8883957637128]},"properties":{"OBJECTID":329,"NAME":"Maintenance Service Center 1","ADDRESS":"12525 NW 28th Ave","GRADES":"0","ENROLLMNT":0}},{"type":"Feature","id":330,"geometry":{"type":"Point","coordinates":[-80.3339693855334,25.9346336808185]},"properties":{"OBJECTID":330,"NAME":"Palm Springs North Elementary","ADDRESS":"17615 NW 82nd Ave","GRADES":"PK-5","ENROLLMNT":1408}},{"type":"Feature","id":331,"geometry":{"type":"Point","coordinates":[-80.4258923913527,25.7218274342673]},"properties":{"OBJECTID":331,"NAME":"Ethel Koger Beckham K-8 Center","ADDRESS":"4702 SW 143rd Ct","GRADES":"PK-8","ENROLLMNT":821}},{"type":"Feature","id":332,"geometry":{"type":"Point","coordinates":[-80.2970128187122,25.84289260744]},"properties":{"OBJECTID":332,"NAME":"J.W. Johnson Elementary/James H. Bright Elementary","ADDRESS":"735 W 23rd St","GRADES":"PK-5","ENROLLMNT":0}},{"type":"Feature","id":333,"geometry":{"type":"Point","coordinates":[-80.3568268679191,25.6297263845083]},"properties":{"OBJECTID":333,"NAME":"Coral Reef Senior High","ADDRESS":"10101 SW 152nd St","GRADES":"9-12","ENROLLMNT":3351}},{"type":"Feature","id":334,"geometry":{"type":"Point","coordinates":[-80.1394742827826,25.9102493520505]},"properties":{"OBJECTID":334,"NAME":"MAST @ FIU Biscayne Bay Campus","ADDRESS":"3000 NE 151st St","GRADES":"9-12","ENROLLMNT":484}},{"type":"Feature","id":335,"geometry":{"type":"Point","coordinates":[-80.3358626865043,25.6153780403675]},"properties":{"OBJECTID":335,"NAME":"Dr. Henry E. Perrine Academy of the Arts","ADDRESS":"8851 SW 168th St","GRADES":"K-5","ENROLLMNT":517}},{"type":"Feature","id":336,"geometry":{"type":"Point","coordinates":[-80.1832976973997,25.8969487226882]},"properties":{"OBJECTID":336,"NAME":"North Miami Adult Education","ADDRESS":"13110 NE 8th Ave","GRADES":"0","ENROLLMNT":0}},{"type":"Feature","id":337,"geometry":{"type":"Point","coordinates":[-80.1786243190336,25.9298100391068]},"properties":{"OBJECTID":337,"NAME":"John F. Kennedy Middle","ADDRESS":"1075 NE 167th St","GRADES":"6-8","ENROLLMNT":1045}},{"type":"Feature","id":338,"geometry":{"type":"Point","coordinates":[-80.3093040355535,25.7672987364717]},"properties":{"OBJECTID":338,"NAME":"Transportation Center Central East","ADDRESS":"7011 SW 4th St","GRADES":"0","ENROLLMNT":0}},{"type":"Feature","id":339,"geometry":{"type":"Point","coordinates":[-80.2506446556599,25.7672039038324]},"properties":{"OBJECTID":339,"NAME":"Auburndale Elementary PLC-H1","ADDRESS":"3255 SW 6th St","GRADES":"0","ENROLLMNT":0}},{"type":"Feature","id":340,"geometry":{"type":"Point","coordinates":[-80.312602721142,25.6523384845001]},"properties":{"OBJECTID":340,"NAME":"Palmetto Middle","ADDRESS":"7351 SW 128th St","GRADES":"6-8","ENROLLMNT":720}},{"type":"Feature","id":341,"geometry":{"type":"Point","coordinates":[-80.193208512587,25.7763842956757]},"properties":{"OBJECTID":341,"NAME":"New World School of the Arts","ADDRESS":"25 NE 2nd St","GRADES":"9-12","ENROLLMNT":446}},{"type":"Feature","id":342,"geometry":{"type":"Point","coordinates":[-80.4363220743465,25.6816326199752]},"properties":{"OBJECTID":342,"NAME":"Oliver Hoover Elementary","ADDRESS":"9050 Hammocks Blvd","GRADES":"PK-5","ENROLLMNT":621}},{"type":"Feature","id":343,"geometry":{"type":"Point","coordinates":[-80.3798460784971,25.6670810203832]},"properties":{"OBJECTID":343,"NAME":"William Lehman Elementary","ADDRESS":"10990 SW 113th Pl","GRADES":"PK-5","ENROLLMNT":531}},{"type":"Feature","id":344,"geometry":{"type":"Point","coordinates":[-80.2306179426008,25.7785226148287]},"properties":{"OBJECTID":344,"NAME":"Citrus Grove K-8 Center","ADDRESS":"2121 NW 5th St","GRADES":"PK-8","ENROLLMNT":1593}},{"type":"Feature","id":345,"geometry":{"type":"Point","coordinates":[-80.2048320556951,25.7705577415777]},"properties":{"OBJECTID":345,"NAME":"Ada Merritt K-8 Center","ADDRESS":"660 SW 3rd St","GRADES":"K-8","ENROLLMNT":770}},{"type":"Feature","id":346,"geometry":{"type":"Point","coordinates":[-80.218824110356,25.8176425454327]},"properties":{"OBJECTID":346,"NAME":"Georgia Jones-Ayers Middle","ADDRESS":"1331 NW 46th St","GRADES":"6-8","ENROLLMNT":476}},{"type":"Feature","id":347,"geometry":{"type":"Point","coordinates":[-80.3314741270838,25.7553961940823]},"properties":{"OBJECTID":347,"NAME":"Everglades K-8 Center","ADDRESS":"8375 SW 16th St","GRADES":"PK-8","ENROLLMNT":567}},{"type":"Feature","id":348,"geometry":{"type":"Point","coordinates":[-80.1746754894363,25.9672012433565]},"properties":{"OBJECTID":348,"NAME":"Madie Ives K-8 Preparatory Academy","ADDRESS":"20770 NE 14th Ave","GRADES":"PK-8","ENROLLMNT":1059}},{"type":"Feature","id":349,"geometry":{"type":"Point","coordinates":[-80.1321085070846,25.8841424470621]},"properties":{"OBJECTID":349,"NAME":"Ruth K. Broad/Bay Harbor K-8 Center","ADDRESS":"1155 93rd St","GRADES":"PK-8","ENROLLMNT":1260}},{"type":"Feature","id":350,"geometry":{"type":"Point","coordinates":[-80.2388404514667,25.8503781312687]},"properties":{"OBJECTID":350,"NAME":"Dr. Henry W. Mack/West Little K-8 Center","ADDRESS":"2450 NW 84th St","GRADES":"PK-8","ENROLLMNT":389}},{"type":"Feature","id":351,"geometry":{"type":"Point","coordinates":[-80.3578821000187,25.7089333895429]},"properties":{"OBJECTID":351,"NAME":"Snapper Creek Elementary","ADDRESS":"10151 SW 64th St","GRADES":"PK-5","ENROLLMNT":364}},{"type":"Feature","id":352,"geometry":{"type":"Point","coordinates":[-80.2047780328105,25.8357610382954]},"properties":{"OBJECTID":352,"NAME":"Edison Park K-8 Center","ADDRESS":"500 NW 67th St","GRADES":"PK-8","ENROLLMNT":430}},{"type":"Feature","id":353,"geometry":{"type":"Point","coordinates":[-80.2311864971239,25.8258996875707]},"properties":{"OBJECTID":353,"NAME":"Agenoria S. Paschal/ Olinda Elementary School","ADDRESS":"5536 NW 21st Ave","GRADES":"PK-5","ENROLLMNT":301}},{"type":"Feature","id":354,"geometry":{"type":"Point","coordinates":[-80.3305331606883,25.8748510928611]},"properties":{"OBJECTID":354,"NAME":"Jose Marti Mathematics & Science Technology Academy","ADDRESS":"5701 W 24th Ave","GRADES":"6-12","ENROLLMNT":1000}},{"type":"Feature","id":355,"geometry":{"type":"Point","coordinates":[-80.2081198995164,25.9098968455259]},"properties":{"OBJECTID":355,"NAME":"Thomas Jefferson Biscayne Gardens K-8 Academy","ADDRESS":"525 NW 147th St","GRADES":"PK-8","ENROLLMNT":792}},{"type":"Feature","id":356,"geometry":{"type":"Point","coordinates":[-80.2438988127293,25.8861020573463]},"properties":{"OBJECTID":356,"NAME":"Transportation Center John H Schee","ADDRESS":"2755 NW 122nd St","GRADES":"0","ENROLLMNT":0}},{"type":"Feature","id":357,"geometry":{"type":"Point","coordinates":[-80.3986712867788,25.514812154812]},"properties":{"OBJECTID":357,"NAME":"Air Base K-8 Center for International Education","ADDRESS":"12829 SW 272nd St","GRADES":"PK-8","ENROLLMNT":1124}},{"type":"Feature","id":358,"geometry":{"type":"Point","coordinates":[-80.2355477648277,25.8195591825122]},"properties":{"OBJECTID":358,"NAME":"Brownsville Middle","ADDRESS":"4899 NW 24th Ave","GRADES":"6-8","ENROLLMNT":490}},{"type":"Feature","id":359,"geometry":{"type":"Point","coordinates":[-80.3543625779907,25.7715476880999]},"properties":{"OBJECTID":359,"NAME":"Ruben Dario Middle","ADDRESS":"350 NW 97th Ave","GRADES":"6-8","ENROLLMNT":484}},{"type":"Feature","id":360,"geometry":{"type":"Point","coordinates":[-80.2810322659148,25.8800125004592]},"properties":{"OBJECTID":360,"NAME":"Palm Springs Elementary","ADDRESS":"6304 E 1st Ave","GRADES":"PK-5","ENROLLMNT":578}},{"type":"Feature","id":361,"geometry":{"type":"Point","coordinates":[-80.3664117473719,25.7989506803007]},"properties":{"OBJECTID":361,"NAME":"ITS Annex Warehouse","ADDRESS":"2740 NW 104th Ct","GRADES":"0","ENROLLMNT":0}},{"type":"Feature","id":362,"geometry":{"type":"Point","coordinates":[-80.2139181725358,25.8389830842578]},"properties":{"OBJECTID":362,"NAME":"Miami Northwestern Senior High","ADDRESS":"1100 NW 71st St","GRADES":"9-12","ENROLLMNT":1461}},{"type":"Feature","id":363,"geometry":{"type":"Point","coordinates":[-80.2292923346686,25.8671751335582]},"properties":{"OBJECTID":363,"NAME":"William H. Turner Technical Arts High School","ADDRESS":"10151 NW 19th Ave","GRADES":"9-12","ENROLLMNT":1262}},{"type":"Feature","id":364,"geometry":{"type":"Point","coordinates":[-80.2478427429151,25.9044497856251]},"properties":{"OBJECTID":364,"NAME":"Dr. Robert  B. Ingram Elementary","ADDRESS":"600 Ahmad St","GRADES":"PK-5","ENROLLMNT":245}},{"type":"Feature","id":365,"geometry":{"type":"Point","coordinates":[-80.2527306102249,25.9483980374767]},"properties":{"OBJECTID":365,"NAME":"Brentwood Elementary","ADDRESS":"3101 NW 191st St","GRADES":"PK-5","ENROLLMNT":334}},{"type":"Feature","id":366,"geometry":{"type":"Point","coordinates":[-80.220112977193,25.8950695291288]},"properties":{"OBJECTID":366,"NAME":"Benjamin Franklin K-8 Center","ADDRESS":"13100 NW 12th Ave","GRADES":"PK-8","ENROLLMNT":536}},{"type":"Feature","id":367,"geometry":{"type":"Point","coordinates":[-80.3579992331453,25.6914147716495]},"properties":{"OBJECTID":367,"NAME":"Sunset Park Elementary","ADDRESS":"10235 SW 84th St","GRADES":"PK-5","ENROLLMNT":387}},{"type":"Feature","id":368,"geometry":{"type":"Point","coordinates":[-80.4171642073386,25.514985488526]},"properties":{"OBJECTID":368,"NAME":"William A. Chapman Elementary","ADDRESS":"27190 SW 140th Ave","GRADES":"PK-5","ENROLLMNT":513}},{"type":"Feature","id":369,"geometry":{"type":"Point","coordinates":[-80.1323305005542,25.7861969119854]},"properties":{"OBJECTID":369,"NAME":"Miami Beach Fienberg/Fisher K-8 Center","ADDRESS":"1420 Washington Ave","GRADES":"PK-8","ENROLLMNT":855}},{"type":"Feature","id":370,"geometry":{"type":"Point","coordinates":[-80.3304762703814,25.5711033562842]},"properties":{"OBJECTID":370,"NAME":"Cutler Bay Senior High","ADDRESS":"8601 SW 212th St","GRADES":"9-12","ENROLLMNT":587}},{"type":"Feature","id":371,"geometry":{"type":"Point","coordinates":[-80.1907411827597,25.8134907576275]},"properties":{"OBJECTID":371,"NAME":"Design & Architecture Senior High","ADDRESS":"4001 NE 2nd Ave","GRADES":"9-12","ENROLLMNT":481}},{"type":"Feature","id":372,"geometry":{"type":"Point","coordinates":[-80.2169505148291,25.8188307482948]},"properties":{"OBJECTID":372,"NAME":"Lenora B. Smith Elementary","ADDRESS":"4700 NW 12th Ave","GRADES":"PK-5","ENROLLMNT":353}},{"type":"Feature","id":373,"geometry":{"type":"Point","coordinates":[-80.3281787805332,25.9174015782597]},"properties":{"OBJECTID":373,"NAME":"Bob Graham Education Center","ADDRESS":"15901 NW 79th Ave","GRADES":"PK-8","ENROLLMNT":1395}},{"type":"Feature","id":374,"geometry":{"type":"Point","coordinates":[-80.3799875927987,25.5659149251742]},"properties":{"OBJECTID":374,"NAME":"Arthur & Polly Mays Conservatory of The Arts","ADDRESS":"11700 SW 216th St","GRADES":"6-12","ENROLLMNT":497}},{"type":"Feature","id":375,"geometry":{"type":"Point","coordinates":[-80.33890743004,25.7553124985595]},"properties":{"OBJECTID":375,"NAME":"Miami Coral Park Senior High","ADDRESS":"8865 SW 16th St","GRADES":"9-12","ENROLLMNT":2004}},{"type":"Feature","id":376,"geometry":{"type":"Point","coordinates":[-80.2954746370444,25.8512725478102]},"properties":{"OBJECTID":376,"NAME":"Mae M. Walters Elementary","ADDRESS":"650 W 33rd St","GRADES":"PK-5","ENROLLMNT":626}},{"type":"Feature","id":377,"geometry":{"type":"Point","coordinates":[-80.3817883421425,25.6258059870312]},"properties":{"OBJECTID":377,"NAME":"Maintenance Service Center 3","ADDRESS":"15301 SW 117th Ave","GRADES":"0","ENROLLMNT":0}},{"type":"Feature","id":378,"geometry":{"type":"Point","coordinates":[-80.3923176779457,25.7373094772877]},"properties":{"OBJECTID":378,"NAME":"Village Green Elementary","ADDRESS":"12265 SW 34th St","GRADES":"PK-5","ENROLLMNT":267}},{"type":"Feature","id":379,"geometry":{"type":"Point","coordinates":[-80.3235916224681,25.6842891244735]},"properties":{"OBJECTID":379,"NAME":"Kenwood K-8 Center","ADDRESS":"9300 SW 79th Ave","GRADES":"PK-8","ENROLLMNT":748}},{"type":"Feature","id":380,"geometry":{"type":"Point","coordinates":[-80.2380735399458,25.9451364223501]},"properties":{"OBJECTID":380,"NAME":"Crestview Elementary","ADDRESS":"2201 NW 187th St","GRADES":"PK-5","ENROLLMNT":262}},{"type":"Feature","id":381,"geometry":{"type":"Point","coordinates":[-80.4598714607236,25.448776505484]},"properties":{"OBJECTID":381,"NAME":"Homestead Senior High School","ADDRESS":"2351 SE 12th Ave","GRADES":"9-12","ENROLLMNT":2197}},{"type":"Feature","id":382,"geometry":{"type":"Point","coordinates":[-80.3922401533367,25.5055516963884]},"properties":{"OBJECTID":382,"NAME":"Chapman Partnership Early Childhood Center South","ADDRESS":"28205 SW 124th Ct","GRADES":"PK","ENROLLMNT":77}},{"type":"Feature","id":383,"geometry":{"type":"Point","coordinates":[-80.2344495986474,25.8904326686278]},"properties":{"OBJECTID":383,"NAME":"Carrie P. Meek/Westview K-8 Center","ADDRESS":"2101 NW 127th St","GRADES":"PK-8","ENROLLMNT":584}},{"type":"Feature","id":384,"geometry":{"type":"Point","coordinates":[-80.247523338831,25.8212293497878]},"properties":{"OBJECTID":384,"NAME":"Lorah Park Elementary","ADDRESS":"5160 NW 31st Ave","GRADES":"PK-5","ENROLLMNT":207}},{"type":"Feature","id":385,"geometry":{"type":"Point","coordinates":[-80.263211693921,25.7336877368853]},"properties":{"OBJECTID":385,"NAME":"Coral Gables Senior High","ADDRESS":"450 Bird Rd","GRADES":"9-12","ENROLLMNT":2905}},{"type":"Feature","id":386,"geometry":{"type":"Point","coordinates":[-80.3155736411277,25.8774616198456]},"properties":{"OBJECTID":386,"NAME":"M.A. Milam K-8 Center","ADDRESS":"6020 W 16th Ave","GRADES":"PK-8","ENROLLMNT":1076}},{"type":"Feature","id":387,"geometry":{"type":"Point","coordinates":[-80.2962825288104,25.890264643199]},"properties":{"OBJECTID":387,"NAME":"North Twin Lakes Elementary","ADDRESS":"625 W 74th Pl","GRADES":"PK-5","ENROLLMNT":590}},{"type":"Feature","id":388,"geometry":{"type":"Point","coordinates":[-80.2018826072413,25.8568112869263]},"properties":{"OBJECTID":388,"NAME":"Horace Mann Middle","ADDRESS":"8950 NW 2nd Ave","GRADES":"6-8","ENROLLMNT":345}},{"type":"Feature","id":389,"geometry":{"type":"Point","coordinates":[-80.4509560974487,25.6645903896982]},"properties":{"OBJECTID":389,"NAME":"Dr. Gilbert L. Porter Elementary PLC-Q","ADDRESS":"15751 SW 112th St","GRADES":"0","ENROLLMNT":0}},{"type":"Feature","id":390,"geometry":{"type":"Point","coordinates":[-80.3514425754136,25.7572740292081]},"properties":{"OBJECTID":390,"NAME":"Coral Park Elementary","ADDRESS":"1225 SW 97th Ave","GRADES":"PK-5","ENROLLMNT":775}},{"type":"Feature","id":391,"geometry":{"type":"Point","coordinates":[-80.2157596847323,25.869717729812]},"properties":{"OBJECTID":391,"NAME":"Van E. Blanton Elementary","ADDRESS":"10327 NW 11th Ave","GRADES":"PK-5","ENROLLMNT":368}},{"type":"Feature","id":392,"geometry":{"type":"Point","coordinates":[-80.2051157373736,25.7865067996188]},"properties":{"OBJECTID":392,"NAME":"Booker T. Washington Senior High","ADDRESS":"1200 NW 6th Ave","GRADES":"9-12","ENROLLMNT":941}},{"type":"Feature","id":393,"geometry":{"type":"Point","coordinates":[-80.3753625267269,25.6378464000588]},"properties":{"OBJECTID":393,"NAME":"Frank C. Martin K-8 Center","ADDRESS":"14250 Boggs Dr","GRADES":"PK-8","ENROLLMNT":601}},{"type":"Feature","id":394,"geometry":{"type":"Point","coordinates":[-80.2435762807114,25.8142526875756]},"properties":{"OBJECTID":394,"NAME":"MDCPS Police General Investigations Unit","ADDRESS":"2950 NW 43rd Ter","GRADES":"0","ENROLLMNT":0}},{"type":"Feature","id":395,"geometry":{"type":"Point","coordinates":[-80.3317073144602,25.9490400618293]},"properties":{"OBJECTID":395,"NAME":"Spanish Lake Elementary","ADDRESS":"7940 NW 194th St","GRADES":"PK-5","ENROLLMNT":1142}},{"type":"Feature","id":396,"geometry":{"type":"Point","coordinates":[-80.3900687159875,25.5991523796578]},"properties":{"OBJECTID":396,"NAME":"South Region Office","ADDRESS":"18180 SW 122nd Ave","GRADES":"0","ENROLLMNT":0}},{"type":"Feature","id":397,"geometry":{"type":"Point","coordinates":[-80.2261215107861,25.7995816874583]},"properties":{"OBJECTID":397,"NAME":"Comstock Elementary","ADDRESS":"2420 NW 18th Ave","GRADES":"PK-5","ENROLLMNT":596}},{"type":"Feature","id":398,"geometry":{"type":"Point","coordinates":[-80.3138563093412,25.6549307065699]},"properties":{"OBJECTID":398,"NAME":"Palmetto Elementary","ADDRESS":"12401 SW 74th Ave","GRADES":"PK-5","ENROLLMNT":643}},{"type":"Feature","id":399,"geometry":{"type":"Point","coordinates":[-80.1487234303727,25.9164824690614]},"properties":{"OBJECTID":399,"NAME":"North Miami Stadium - Ronald L Book Athletic Stadium","ADDRESS":"2555 NE 151st St","GRADES":"0","ENROLLMNT":0}},{"type":"Feature","id":400,"geometry":{"type":"Point","coordinates":[-80.2738905381335,25.7211770751455]},"properties":{"OBJECTID":400,"NAME":"Henry S. West Laboratory School","ADDRESS":"5300 Carillo St","GRADES":"K-8","ENROLLMNT":371}},{"type":"Feature","id":401,"geometry":{"type":"Point","coordinates":[-80.1895105177699,25.7897760144644]},"properties":{"OBJECTID":401,"NAME":"iPrep Academy","ADDRESS":"1500 Biscayne Blvd","GRADES":"PK-12","ENROLLMNT":774}},{"type":"Feature","id":402,"geometry":{"type":"Point","coordinates":[-80.239725834604,25.9344527491249]},"properties":{"OBJECTID":402,"NAME":"Parkway Educational Complex","ADDRESS":"2349 NW 175th St","GRADES":"0","ENROLLMNT":0}},{"type":"Feature","id":403,"geometry":{"type":"Point","coordinates":[-80.2087998864573,25.9127834643205]},"properties":{"OBJECTID":403,"NAME":"District Office","ADDRESS":"560 NW 151st St","GRADES":"0","ENROLLMNT":0}},{"type":"Feature","id":404,"geometry":{"type":"Point","coordinates":[-80.3339693855334,25.9346336808185]},"properties":{"OBJECTID":404,"NAME":"Palm Springs North Elementary PLC-X","ADDRESS":"17615 NW 82nd Ave","GRADES":"0","ENROLLMNT":0}},{"type":"Feature","id":405,"geometry":{"type":"Point","coordinates":[-80.400539358565,25.7394053019645]},"properties":{"OBJECTID":405,"NAME":"Greenglade Elementary","ADDRESS":"3060 SW 127th Ave","GRADES":"PK-5","ENROLLMNT":296}},{"type":"Feature","id":406,"geometry":{"type":"Point","coordinates":[-80.2756591403665,25.7043833486117]},"properties":{"OBJECTID":406,"NAME":"Sunset Elementary","ADDRESS":"5120 SW 72nd St","GRADES":"PK-5","ENROLLMNT":1180}},{"type":"Feature","id":407,"geometry":{"type":"Point","coordinates":[-80.4240933910288,25.4968700048367]},"properties":{"OBJECTID":407,"NAME":"Irving & Beatrice Peskoe K-8 Center","ADDRESS":"29035 SW 144th Ave","GRADES":"PK-8","ENROLLMNT":719}},{"type":"Feature","id":408,"geometry":{"type":"Point","coordinates":[-80.333603709229,25.9519278858019]},"properties":{"OBJECTID":408,"NAME":"Lawton Chiles Middle","ADDRESS":"8190 NW 197th St","GRADES":"6-8","ENROLLMNT":509}},{"type":"Feature","id":409,"geometry":{"type":"Point","coordinates":[-80.4072498168564,25.7470473573201]},"properties":{"OBJECTID":409,"NAME":"Zora Neale Hurston Elementary","ADDRESS":"13137 SW 26th St","GRADES":"PK-5","ENROLLMNT":459}},{"type":"Feature","id":410,"geometry":{"type":"Point","coordinates":[-80.3959379487278,25.7513335864854]},"properties":{"OBJECTID":410,"NAME":"Wesley Matthews Elementary","ADDRESS":"12345 SW 18th Ter","GRADES":"PK-5","ENROLLMNT":492}},{"type":"Feature","id":411,"geometry":{"type":"Point","coordinates":[-80.2330304078222,25.8176097522575]},"properties":{"OBJECTID":411,"NAME":"Earlington Heights Elementary","ADDRESS":"4750 NW 22nd Ave","GRADES":"PK-5","ENROLLMNT":377}},{"type":"Feature","id":412,"geometry":{"type":"Point","coordinates":[-80.1865632881548,25.8367273311781]},"properties":{"OBJECTID":412,"NAME":"Morningside K-8 Center","ADDRESS":"6620 NE 5th Ave","GRADES":"PK-8","ENROLLMNT":397}},{"type":"Feature","id":413,"geometry":{"type":"Point","coordinates":[-80.4591673504242,25.6742021053294]},"properties":{"OBJECTID":413,"NAME":"Christina M. Eve Elementary","ADDRESS":"16251 SW 99th St","GRADES":"PK-5","ENROLLMNT":485}},{"type":"Feature","id":414,"geometry":{"type":"Point","coordinates":[-80.2668255740881,25.7739442938565]},"properties":{"OBJECTID":414,"NAME":"Kinloch Park Middle","ADDRESS":"4340 NW 3rd St","GRADES":"6-8","ENROLLMNT":735}},{"type":"Feature","id":415,"geometry":{"type":"Point","coordinates":[-80.1873343669604,25.9597220772804]},"properties":{"OBJECTID":415,"NAME":"Aventura Waterways K-8 Center (Annex)","ADDRESS":"750 Ives Dairy Rd","GRADES":"K-8","ENROLLMNT":0}},{"type":"Feature","id":416,"geometry":{"type":"Point","coordinates":[-80.37619917626,25.5864676775928]},"properties":{"OBJECTID":416,"NAME":"Miami Southridge Senior High","ADDRESS":"19355 SW 114th Ave","GRADES":"9-12","ENROLLMNT":2199}},{"type":"Feature","id":417,"geometry":{"type":"Point","coordinates":[-80.3880646275892,25.7691161223839]},"properties":{"OBJECTID":417,"NAME":"Paul W. Bell Middle","ADDRESS":"11800 NW 2nd St","GRADES":"6-8","ENROLLMNT":477}},{"type":"Feature","id":418,"geometry":{"type":"Point","coordinates":[-80.1654276533865,25.9055142047433]},"properties":{"OBJECTID":418,"NAME":"Natural Bridge Elementary","ADDRESS":"1650 NE 141st St","GRADES":"PK-5","ENROLLMNT":343}},{"type":"Feature","id":419,"geometry":{"type":"Point","coordinates":[-80.1664858894525,25.7391827820552]},"properties":{"OBJECTID":419,"NAME":"Maritime & Science Technology Academy","ADDRESS":"3979 Rickenbacker Cswy","GRADES":"6-12","ENROLLMNT":1539}},{"type":"Feature","id":420,"geometry":{"type":"Point","coordinates":[-80.3105897573887,25.9029743961944]},"properties":{"OBJECTID":420,"NAME":"Miami Lakes Elementary PLC-L","ADDRESS":"14250 NW 67th Ave","GRADES":"0","ENROLLMNT":0}},{"type":"Feature","id":421,"geometry":{"type":"Point","coordinates":[-80.3035082284095,25.7144505384296]},"properties":{"OBJECTID":421,"NAME":"South Miami Middle","ADDRESS":"6750 SW 60th St","GRADES":"6-8","ENROLLMNT":718}},{"type":"Feature","id":422,"geometry":{"type":"Point","coordinates":[-80.1860430836553,25.9328105934959]},"properties":{"OBJECTID":422,"NAME":"Gertrude Edelman/Sabal Palm Elementary","ADDRESS":"17101 NE 7th Ave","GRADES":"PK-5","ENROLLMNT":462}},{"type":"Feature","id":423,"geometry":{"type":"Point","coordinates":[-80.1394742827826,25.9102493520505]},"properties":{"OBJECTID":423,"NAME":"Academy for Advanced Academics - North","ADDRESS":"3000 NE 151st St","GRADES":"11-12","ENROLLMNT":0}},{"type":"Feature","id":424,"geometry":{"type":"Point","coordinates":[-80.3596019381049,25.6296885673231]},"properties":{"OBJECTID":424,"NAME":"Biotech@Richmond Heights 9-12 High School","ADDRESS":"15015 SW 103rd Ave","GRADES":"9-12","ENROLLMNT":291}},{"type":"Feature","id":425,"geometry":{"type":"Point","coordinates":[-80.3944687172497,25.6288946417865]},"properties":{"OBJECTID":425,"NAME":"Jack D. Gordon Elementary Panthers PLC-S","ADDRESS":"15001 SW 127th Ave","GRADES":"0","ENROLLMNT":0}},{"type":"Feature","id":426,"geometry":{"type":"Point","coordinates":[-80.2940401218588,25.9160432473364]},"properties":{"OBJECTID":426,"NAME":"Miami Lakes Educational Center Senior High","ADDRESS":"5780 NW 158th St","GRADES":"9-12","ENROLLMNT":1089}},{"type":"Feature","id":427,"geometry":{"type":"Point","coordinates":[-80.3181231200912,25.7485130285916]},"properties":{"OBJECTID":427,"NAME":"West Miami Middle","ADDRESS":"7525 SW 24th St","GRADES":"6-8","ENROLLMNT":604}},{"type":"Feature","id":428,"geometry":{"type":"Point","coordinates":[-80.3227663240469,25.9397058982108]},"properties":{"OBJECTID":428,"NAME":"Country Club Middle","ADDRESS":"18305 NW 75th Pl","GRADES":"6-8","ENROLLMNT":495}},{"type":"Feature","id":429,"geometry":{"type":"Point","coordinates":[-80.3314138537215,25.6601678913907]},"properties":{"OBJECTID":429,"NAME":"Vineland K-8 Center","ADDRESS":"8455 SW 119th St","GRADES":"PK-8","ENROLLMNT":661}},{"type":"Feature","id":430,"geometry":{"type":"Point","coordinates":[-80.4752682954359,25.4774858513731]},"properties":{"OBJECTID":430,"NAME":"South Dade Technical College","ADDRESS":"109 NE 8th St","GRADES":"0","ENROLLMNT":0}},{"type":"Feature","id":431,"geometry":{"type":"Point","coordinates":[-80.2682540858327,25.8768674942856]},"properties":{"OBJECTID":431,"NAME":"Amelia Earhart Elementary","ADDRESS":"5987 E 7th Ave","GRADES":"PK-5","ENROLLMNT":457}},{"type":"Feature","id":432,"geometry":{"type":"Point","coordinates":[-80.355242767069,25.8995708202361]},"properties":{"OBJECTID":432,"NAME":"West Lakes Preparatory Academy","ADDRESS":"8435 W 36th Ave ","GRADES":"PK-8","ENROLLMNT":595}},{"type":"Feature","id":433,"geometry":{"type":"Point","coordinates":[-80.2030148986226,25.9465021927056]},"properties":{"OBJECTID":433,"NAME":"Hibiscus Elementary","ADDRESS":"18701 NW 1st Ave","GRADES":"PK-5","ENROLLMNT":349}},{"type":"Feature","id":434,"geometry":{"type":"Point","coordinates":[-80.2359521163,25.770947249108]},"properties":{"OBJECTID":434,"NAME":"Miami Senior Adult Education","ADDRESS":"2450 SW 1st St","GRADES":"0","ENROLLMNT":0}},{"type":"Feature","id":435,"geometry":{"type":"Point","coordinates":[-80.2724189000687,25.8611756149556]},"properties":{"OBJECTID":435,"NAME":"North Hialeah Elementary","ADDRESS":"4251 E 5th Ave","GRADES":"PK-5","ENROLLMNT":481}},{"type":"Feature","id":436,"geometry":{"type":"Point","coordinates":[-80.1845850972879,25.9005614957518]},"properties":{"OBJECTID":436,"NAME":"North Miami Middle","ADDRESS":"700 NE 137th St","GRADES":"6-8","ENROLLMNT":695}},{"type":"Feature","id":437,"geometry":{"type":"Point","coordinates":[-80.3609906463976,25.6122979960849]},"properties":{"OBJECTID":437,"NAME":"Ethel F. Beckford/Richmond Primary Learning Center","ADDRESS":"16929 SW 104th Ave","GRADES":"PK","ENROLLMNT":0}},{"type":"Feature","id":438,"geometry":{"type":"Point","coordinates":[-80.3673522250839,25.7653711717264]},"properties":{"OBJECTID":438,"NAME":"Sweetwater Elementary","ADDRESS":"10655 SW 4th St","GRADES":"PK-5","ENROLLMNT":453}},{"type":"Feature","id":439,"geometry":{"type":"Point","coordinates":[-80.2297106971644,25.8163226252889]},"properties":{"OBJECTID":439,"NAME":"Kelsey L. Pharr Elementary","ADDRESS":"2000 NW 46th St","GRADES":"PK-5","ENROLLMNT":297}},{"type":"Feature","id":440,"geometry":{"type":"Point","coordinates":[-80.4343121019831,25.4991301946239]},"properties":{"OBJECTID":440,"NAME":"Leisure City K-8 Center","ADDRESS":"14950 SW 288th St","GRADES":"PK-8","ENROLLMNT":1055}},{"type":"Feature","id":441,"geometry":{"type":"Point","coordinates":[-80.2174071374712,25.8398448735252]},"properties":{"OBJECTID":441,"NAME":"Dr. Martin Luther King  @ Liberty City PLC","ADDRESS":"7124 NW 12th Ave","GRADES":"0","ENROLLMNT":0}},{"type":"Feature","id":442,"geometry":{"type":"Point","coordinates":[-80.3457615487084,25.9012253846955]},"properties":{"OBJECTID":442,"NAME":"Barbara Goleman Senior High","ADDRESS":"14100 NW 89th Ave","GRADES":"9-12","ENROLLMNT":2882}},{"type":"Feature","id":443,"geometry":{"type":"Point","coordinates":[-80.2374691031169,25.8214604497906]},"properties":{"OBJECTID":443,"NAME":"Alternative Outreach-Ext. YR","ADDRESS":"5120 NW 24th Ave","GRADES":"0","ENROLLMNT":0}},{"type":"Feature","id":444,"geometry":{"type":"Point","coordinates":[-80.3629540285371,25.84453600379]},"properties":{"OBJECTID":444,"NAME":"Andrea Castillo Preparatory Academy","ADDRESS":"10201 NW 78th St","GRADES":"PK-5","ENROLLMNT":420}},{"type":"Feature","id":448,"geometry":{"type":"Point","coordinates":[-80.1740020323493,25.9700264142411]},"properties":{"OBJECTID":448,"NAME":"iPrep Academy North","ADDRESS":"1420 NE 215th St","GRADES":"6-11","ENROLLMNT":523}},{"type":"Feature","id":449,"geometry":{"type":"Point","coordinates":[-80.376292311792,25.8197876755007]},"properties":{"OBJECTID":449,"NAME":"J. C. Bermudez Doral Senior High School","ADDRESS":"5005 NW 112th Ave","GRADES":"9-12","ENROLLMNT":1110}},{"type":"Feature","id":452,"geometry":{"type":"Point","coordinates":[-80.3939565571635,25.5052942640844]},"properties":{"OBJECTID":452,"NAME":"Title I Migrant Education Program","ADDRESS":"28205 SW 125th Ave","GRADES":"PK","ENROLLMNT":31}},{"type":"Feature","id":453,"geometry":{"type":"Point","coordinates":[-80.2374691031169,25.8214604497906]},"properties":{"OBJECTID":453,"NAME":"Metro West Detention Facility","ADDRESS":"5120 NW 24th Ave","GRADES":"0","ENROLLMNT":0}},{"type":"Feature","id":454,"geometry":{"type":"Point","coordinates":[-80.2725449480761,25.8111306711648]},"properties":{"OBJECTID":454,"NAME":"Federal & State Compliance Office","ADDRESS":"489 East Dr","GRADES":"0","ENROLLMNT":0}},{"type":"Feature","id":455,"geometry":{"type":"Point","coordinates":[-80.1918880331368,25.7892956151852]},"properties":{"OBJECTID":455,"NAME":"K-12 Distance Learning","ADDRESS":"172 NE 15th St","GRADES":"K-12","ENROLLMNT":0}},{"type":"Feature","id":456,"geometry":{"type":"Point","coordinates":[-80.2088025751149,25.9127881854582]},"properties":{"OBJECTID":456,"NAME":"Miami-Dade Virtual School","ADDRESS":"560 NW 151st St","GRADES":"6-12","ENROLLMNT":477}},{"type":"Feature","id":457,"geometry":{"type":"Point","coordinates":[-80.2416922548458,25.8324982920374]},"properties":{"OBJECTID":457,"NAME":"New Opportunity Educational Center","ADDRESS":"6300 NW 27th Ave","GRADES":"6-12","ENROLLMNT":39}},{"type":"Feature","id":458,"geometry":{"type":"Point","coordinates":[-80.1895131974444,25.7897807049267]},"properties":{"OBJECTID":458,"NAME":"Primary Learning Center","ADDRESS":"1500 Biscayne Blvd, #101","GRADES":"PK-4","ENROLLMNT":0}},{"type":"Feature","id":859,"geometry":{"type":"Point","coordinates":[-80.4225197348904,25.600498604522]},"properties":{"OBJECTID":859,"NAME":"Herbert A. Ammons Middle","ADDRESS":"17990 SW 142nd Ave","GRADES":"6-8","ENROLLMNT":1050}}]}